pdb_id,score
6X18,1.0
6X19,0.9933218759994868
6X1A,0.9933218759994868
7RTB,0.9703682317506318
6JX3,0.9644728904329742
4I4W,0.9399203628307738
1JYI,0.8864315641355216
1IGF,0.8749075943137639
2IGF,0.8749075943137639
6WL8,0.8631503141223252
1DFF,0.8627553967327765
4GLY,0.861157653538704
6P9X,0.8592634267056213
7O07,0.8508382408744397
7U58,0.8502483140211468
1FRG,0.8466885256313295
2ITK,0.8447207796392215
2Q5A,0.8447207796392215
7VFI,0.8439308604038815
6WHC,0.8438840716455818
6WL9,0.8429542928727969
7M5M,0.842885503263347
1CGD,0.8389221829472544
2Z3L,0.8342159432947275
2Z3N,0.8342159432947275
6TDR,0.8307509570370251
7NQK,0.8290701933566551
6WKX,0.8262191617532136
6WKY,0.8262191617532136
6WL1,0.8262191617532136
6WL7,0.8262191617532136
5D0J,0.8261385060417039
7W3Z,0.8251189925113495
6WL0,0.8188828280274122
6TDS,0.8187192362858476
7M5L,0.8180310868226219
7M5N,0.8180310868226219
1A38,0.816602002744659
8ESA,0.8163520544952214
8ESB,0.8163520544952214
1KCR,0.8151403607852438
1LD9,0.8149771913248913
5MFM,0.8143101136941491
1DUY,0.8131041630086557
4IKV,0.8130337265024786
5EEL,0.8130337265024786
4Q2K,0.8118832635682542
1A37,0.8078598526356808
1OF2,0.8078103190495025
1OGT,0.8078103190495025
1LMH,0.8076715996713301
7LLY,0.8021564803570403
2HN7,0.8021386600898902
3CVH,0.8009168316308222
3CVI,0.8009168316308222
6UGC,0.7997562761756287
6FVL,0.798856606053266
6FVN,0.798856606053266
5MFE,0.7975749825745658
5MFF,0.7975749825745658
5MFG,0.7975749825745658
5MFH,0.7975749825745658
7LLL,0.7963689052047088
7UDJ,0.7943875195294504
7UDK,0.7943875195294504
7UDL,0.7943875195294504
7UE2,0.7943875195294504
1VPP,0.7937269872574956
7YK7,0.7927699713465306
1JYC,0.7924931660120041
6AZT,0.7921063564217276
6FMP,0.7919477053703444
6FMQ,0.7919477053703444
8BRP,0.7915390216132814
6FVM,0.7915202723274646
6FVO,0.7915202723274646
6PEN,0.7913968817572912
7C41,0.7908247751711484
4IKX,0.7906896029551578
6KZU,0.7906506263992816
5XWR,0.789789932832795
6UCX,0.7880065970460077
6UD9,0.7880065970460077
7YK6,0.7877574933589945
2HWL,0.7864577962444168
3VU5,0.786083486178018
6S9M,0.7854810175727258
6S9N,0.7854810175727258
2GV2,0.7850927722263282
4JQV,0.7844727789507343
4JQX,0.7844727789507343
5JQF,0.7841681875124521
6PEK,0.7840606324877322
2BCK,0.7837623752676313
5I3L,0.783536877100374
5MFI,0.7834812626647415
5MFJ,0.7834812626647415
5MFK,0.7834812626647415
5VCL,0.7825706554589855
6PIT,0.7821792007753758
4YGW,0.7819485930054522
7RK8,0.781593538962325
7RK9,0.781593538962325
7UDM,0.7813859032903392
5EEQ,0.7810879838952081
2QBX,0.7810000227187293
2H4F,0.7797499858746935
1X7Q,0.7796647695260932
7MJ6,0.7792304110713351
7MJ7,0.7792304110713351
7MJ8,0.7792304110713351
7MJA,0.7792304110713351
1TET,0.7777386604614978
1D5M,0.7775501963565409
6S9O,0.7774879098777573
6S9P,0.7774879098777573
6UF7,0.7774121104001867
6UF8,0.7774121104001867
6UGB,0.7774121104001867
2MHA,0.7773104673124359
1RST,0.7771384721747507
7ZL3,0.7770683734935434
7KNU,0.7768932112467676
3QXA,0.7767308863488392
1PEF,0.7745746762517746
8D36,0.7738709446118227
2R28,0.7732884499078625
3PQZ,0.7726484405028152
3B6S,0.7726186696773627
5WES,0.7725522870708219
4IKW,0.7723459182424723
6PEU,0.7723085463552022
3PDH,0.7714195177193842
3KL4,0.7713625097557516
7MJ9,0.7712373456044875
4MNQ,0.77062875392162
1AQD,0.770561737893261
1JUI,0.7701490002365619
6GB5,0.7678233286890846
6UF9,0.7678105335683582
3TPX,0.7676489687766116
1RSU,0.7675368108866799
1YMM,0.7673639711865705
6VR8,0.7671763938721591
7TZI,0.7671763938721591
7UFP,0.7671763938721591
3FDO,0.766811289536184
3G03,0.766811289536184
1MUJ,0.7666459242135287
4MNW,0.765737175045106
4MNX,0.765737175045106
4MNY,0.765737175045106
3QXD,0.764981164991097
1PZ5,0.7649157536313439
3FWV,0.7647142410369335
1V6D,0.764577506380458
8ESH,0.7643528527756248
5WET,0.7638102214180862
5WEU,0.7638102214180862
3KD7,0.7637475126580905
1PTU,0.7636908425194276
5V1T,0.763665885699793
8D6Z,0.7634793640884118
8DAO,0.7634793640884118
5HPP,0.763286677171334
4D49,0.7627319263430085
4D4E,0.7627319263430085
5U1Q,0.7625861126404729
6Y3M,0.7625139447813263
6Y3O,0.7625139447813263
6Y40,0.7625139447813263
6Y44,0.7625139447813263
6Y8E,0.7625139447813263
5I8E,0.7619928497656044
5KKV,0.7619777743263327
7OXH,0.7618760467823397
4UMN,0.7613633973908596
1Q7D,0.7608503257181674
5JRL,0.7600967648951886
6Q3S,0.7599901388891352
3BEZ,0.7598654392472044
3BF0,0.7598654392472044
7JT8,0.7598400601463575
3BKY,0.759646190841886
1JGD,0.7595849178380115
1DUZ,0.759528754436803
5F1I,0.7592049069752494
5F1N,0.7592049069752494
6UDR,0.7590684679156224
6UDW,0.7590684679156224
6UDZ,0.7590684679156224
6UF4,0.7590684679156224
6UFA,0.7590684679156224
6UFU,0.7590684679156224
6UG2,0.7590684679156224
6UG3,0.7590684679156224
6UG6,0.7590684679156224
1T5W,0.7584716156504512
1PTT,0.758311739983553
4IS6,0.7578058470914664
1SPR,0.757431790393795
1SPS,0.757431790393795
4ZXH,0.757400710496585
5T3D,0.757400710496585
7FIN,0.7572923953656833
7V35,0.7572923953656833
4PG9,0.7572585706405948
6I1J,0.7570474722626698
4IKY,0.7570165190498234
4IKZ,0.7570165190498234
3EG6,0.7567132789114198
7D6R,0.7566461784268185
6OCX,0.7563826327223515
6OD0,0.7563826327223515
3V3B,0.7561534184804278
7EZW,0.7560451455776473
5VLA,0.7560087871652862
5VLH,0.7560087871652862
5VLL,0.7560087871652862
5VLP,0.7560087871652862
6ZFM,0.7554957577207152
5IG9,0.7549102225920279
1LM6,0.7546566427241665
1LME,0.7546566427241665
1N5N,0.7546566427241665
6Y3R,0.7545208793144789
6Y3S,0.7545208793144789
6Y3V,0.7545208793144789
6Y8A,0.7545208793144789
6Y8B,0.7545208793144789
6Y8D,0.7545208793144789
5JRK,0.7533393787111657
7DNO,0.7532047132326294
1PTS,0.7531425112100882
5C0A,0.7528301920256247
7VBH,0.7526103946547307
5OPI,0.7524945629182537
2H1P,0.7521133274399767
2H4H,0.7519367294370797
7OXI,0.7512816445927608
7OXJ,0.7512816445927608
7OXK,0.7512816445927608
6NJZ,0.7510569909879277
6NK0,0.7510569909879277
6NK1,0.7510569909879277
6NKP,0.7510569909879277
1SJH,0.7506278688201996
4PGB,0.7499222369147932
4PGD,0.7499222369147932
4PGE,0.7499222369147932
3B3I,0.7492397882479308
6TVQ,0.7489145472583773
6TVU,0.7489145472583773
6TVW,0.7489145472583773
5IVN,0.7488941088477119
5AEI,0.7487839779075983
7DRN,0.7484880854622852
5OK6,0.7482697238475123
7MWB,0.7470582412781406
7MWC,0.7470582412781406
6GB1,0.7464538301792728
4ZXI,0.7462341172646211
2PZX,0.7461187922655987
3KYN,0.7460836584687526
3KYO,0.7460836584687526
3ZQF,0.7453215675652896
3ZQG,0.7453215675652896
3ZQH,0.7453215675652896
3ZQI,0.7453215675652896
4LNR,0.7448919386601068
1BM3,0.744609221388611
4G35,0.7440122424390759
1S17,0.7434835463615364
6BIJ,0.7434003569627542
6BIL,0.7434003569627542
6BIR,0.7434003569627542
6BIV,0.7434003569627542
6BIX,0.7434003569627542
6BIY,0.7434003569627542
2YDQ,0.7429933623305397
2YDR,0.7429933623305397
2YDS,0.7429933623305397
7SRK,0.7424824020639079
7ST3,0.7424824020639079
7STG,0.7424824020639079
6XP8,0.7424382736772442
6NK2,0.7423148831070709
2NMT,0.7413488726062885
4H3P,0.7413347261856834
4H3Q,0.7413347261856834
4TWT,0.7413173281997452
1A1R,0.7407371138143302
1YFN,0.740696110308636
6HY2,0.7405835723656133
1CDL,0.7404572258269554
1U00,0.7404120417372616
5TYI,0.7402419046369096
5T3E,0.7401005671152222
1UNO,0.7397910349867586
5W4J,0.7396988932262799
4XE2,0.739476477711871
4W6V,0.7391629339118925
1VWG,0.7386868540733795
1VWH,0.7386868540733795
4MNV,0.7386317886033227
1SEM,0.7384678590367884
1VRK,0.7384179876256403
7U21,0.738015300261789
1CMI,0.7380131888557286
3DPC,0.7375008350610969
5Y24,0.7372331087726305
5MWJ,0.7365783617532812
2AK4,0.7363829722364461
1LM4,0.7363130002396023
7SQP,0.7362381720088196
7SSH,0.7362381720088196
1S8D,0.7354526867262067
1T1W,0.7354526867262067
1T1X,0.7354526867262067
1T1Y,0.7354526867262067
1T1Z,0.7354526867262067
1T20,0.7354526867262067
1IAO,0.7349137714433345
3JV2,0.734898147038487
3G5K,0.7348938819982449
3G5P,0.7348938819982449
1MA3,0.734855961145399
7W40,0.7345609977187525
2PHK,0.7345599420157222
3IWY,0.7342887530213165
7C8E,0.7342810252751352
6BIZ,0.7337988223590469
4XXC,0.7337840002885025
5LUZ,0.7330946262097617
7OXG,0.732937875423833
1AO7,0.7329278251309853
8ERX,0.7328483518068696
2BRR,0.7320916238748001
3A99,0.7320916238748001
3L35,0.7315340859904745
3L36,0.7315340859904745
3L37,0.7315340859904745
4PGC,0.7311331299795928
7SR0,0.7304506390846093
7SR3,0.7304506390846093
7SR4,0.7304506390846093
7SR5,0.7304506390846093
7EMY,0.7301411069561455
1T21,0.730073584190332
1T22,0.730073584190332
3VU6,0.7300662787253627
1W0V,0.7299039538274343
1W0W,0.7299039538274343
6JP3,0.7297100845229629
5VLK,0.7296720792138746
2H4J,0.7295925636616375
1P4I,0.7295367803135201
3ATW,0.7293422353591091
7RC6,0.729288098907719
2OQJ,0.7288475751472643
1FF3,0.7276952541757066
7WMC,0.7276026056777736
4GPK,0.7269888621641185
5D9S,0.7269888621641185
5DDH,0.7269888621641185
4RWD,0.7260709917215147
3AL1,0.7259771186080666
1MCB,0.7255626495983979
1MCC,0.7255626495983979
1MCD,0.7255626495983979
1MCE,0.7255626495983979
1MCF,0.7255626495983979
1MCH,0.7255626495983979
1MCI,0.7255626495983979
1MCJ,0.7255626495983979
1MCK,0.7255626495983979
1MCL,0.7255626495983979
1MCN,0.7255626495983979
1MCQ,0.7255626495983979
1MCR,0.7255626495983979
1MCS,0.7255626495983979
6EI3,0.7255211815833704
7YX9,0.7249047776980792
7YXB,0.7249047776980792
7Z0Q,0.7249047776980792
5JR2,0.7248226440023272
4JEH,0.7246261565543408
5VK0,0.724598159309979
5VK1,0.724598159309979
5OFP,0.7244993032782282
4KA3,0.7242689488770317
1HC9,0.7239559118145078
1BS5,0.7235239603626585
1CAG,0.7233726147762446
8BR9,0.7231798434029245
8C3N,0.7231798434029245
5I8C,0.7225264054553328
7L1U,0.7219142243821626
2IAD,0.7219121552042232
5U06,0.7218982199242242
4W4Z,0.7218469549850761
4W50,0.7218469549850761
1T5X,0.7213985345659553
4NMO,0.7211182242973685
4NMP,0.7211182242973685
4NMQ,0.7211182242973685
4NMR,0.7211182242973685
3QN7,0.7210110493257393
6ZRC,0.7207756275499979
6ZRD,0.7207756275499979
1OXN,0.7207327660069706
1OXQ,0.7207327660069706
1OY7,0.7207327660069706
1E27,0.7204719651303824
1E28,0.7204719651303824
6LW5,0.7202141202222786
8BI8,0.7202141202222786
4FAJ,0.7201753970351299
3VIV,0.7199866795614458
1SV2,0.7198049719558824
1VEV,0.7198049719558824
1VEY,0.7198049719558824
1VEZ,0.7198049719558824
5H5Z,0.7189517105387285
7N5Q,0.7189517105387285
1G0Y,0.7172624590059956
2OKL,0.716962048151713
5CH4,0.7168040727502695
8F4B,0.7165803481641029
1SJE,0.7165093626923501
3M17,0.7164387572736883
3M1B,0.7164387572736883
4NMT,0.7164361813582946
4EA3,0.7163312867052107
4JK5,0.7156071166545936
4JK6,0.7156071166545936
2NW3,0.7154581358429675
8DEU,0.7154390487321809
5K26,0.7152283304073469
6AQB,0.7152283304073469
7EN1,0.7134059336084412
5OFR,0.7133326255900219
3C59,0.7129274467670192
3C5T,0.7129274467670192
3H7B,0.7128707344002353
3EQS,0.7124931305403823
3EQY,0.7124931305403823
1SZZ,0.712468638230081
1JK8,0.7122220260022191
4NMS,0.7120529023767761
4NMV,0.7120529023767761
1QSF,0.711974189158842
1RL4,0.7117742812330375
1I8I,0.7117620350778869
2H59,0.7112489211770734
4PK0,0.7103260255880456
2CLR,0.7102958324813811
4RWA,0.7098918782738936
3MGN,0.7091899624431536
1NTV,0.7089396341406251
1EBP,0.7088134987425733
1I8K,0.708327664208061
7KQ0,0.7081771209559501
6Y1J,0.7081753051467381
3PUJ,0.7079487090483293
6CDP,0.7076578839775614
2F2O,0.7073460715305523
2F2P,0.7073460715305523
5W4H,0.7073230572044933
5W4I,0.7073230572044933
1QSE,0.7069617111713059
5JZI,0.7069576994997911
5EHB,0.7068205425621034
6GMG,0.7066952094983544
7WUI,0.7063147341262592
7WUJ,0.7063147341262592
7WUQ,0.7063147341262592
3H9H,0.7061133482162124
3IXA,0.7061133482162124
7EN2,0.7060696421107607
6N8E,0.7059500942996175
6JOZ,0.7056387041338206
3BIM,0.7051888057304574
4F37,0.7051116971811293
1ZEA,0.7042449227651886
1BS7,0.7038876728597585
5HHV,0.7038419398044888
5HHX,0.7038419398044888
6I3G,0.7038419398044888
5E94,0.703813900332006
4PJZ,0.7035687238602653
5F5O,0.7035685971759015
8E3X,0.7034612955199089
8E3Y,0.7034612955199089
8E3Z,0.7034612955199089
4HS3,0.7034491338210006
6H41,0.7034491338210006
2FWO,0.7033820333363991
3L3Q,0.7031352521960524
4N6U,0.7029942102712134
1BE9,0.7028740290382521
1UXS,0.7028071819223779
1UXW,0.7028071819223779
8BI9,0.7028032547071053
1A3I,0.7027701478600773
1A3J,0.7027701478600773
6LTA,0.7024789849643396
1QRN,0.7022796260041108
7W41,0.7020421772785512
1A9B,0.7018627499915333
1A9E,0.7018627499915333
6VTJ,0.7017780826085088
6VTZ,0.7017780826085088
2CLV,0.7015931656657335
2CLZ,0.7015931656657335
5E8N,0.7015917721377335
6WGN,0.7014775872979838
4TPG,0.7013036918948442
4TPH,0.7013036918948442
4TPJ,0.7013036918948442
6TCH,0.7010775180776475
6Y4J,0.701073970915466
8AZB,0.701031996162984
3F50,0.7009523539263834
1I4F,0.7008521043666327
7JRH,0.7006544345312522
1SM3,0.7005617860333192
7ZPY,0.7004672372699318
6TQ0,0.700461452017326
7E3Z,0.7001507797295897
7R9X,0.700015227460508
2YEZ,0.6998691181611241
4CVX,0.6998691181611241
4CVZ,0.6998691181611241
4CW1,0.6998691181611241
4D0B,0.6998691181611241
4D0C,0.6998691181611241
4D0D,0.6998691181611241
7VHC,0.6995884278394463
7VHD,0.6995884278394463
7VHE,0.6995884278394463
7VHF,0.6995884278394463
5TKK,0.6985924776007265
6CDM,0.6985924776007265
6CDO,0.6985924776007265
1I1F,0.6982758933760209
1I1Y,0.6982758933760209
2HLA,0.6982340875360238
5WBS,0.6982340875360238
1ELW,0.697400800020202
2P6B,0.6971481069428859
6HBY,0.6967954176745464
1IFH,0.6966773478476453
1GGI,0.696360805851061
4NB3,0.6963113144930038
4PL0,0.6959862846440562
2XPG,0.6959492083536345
3GGW,0.695782576187343
1K8D,0.6957754396348586
8AY0,0.6956528936271092
5TEG,0.6954155293577923
5A0R,0.6952150724664119
5A0X,0.6952150724664119
7KQ1,0.6950724258729672
4N6T,0.6950012292606084
5TKJ,0.6944802609292501
2AW6,0.6944391729673136
3D2U,0.6940815852369138
4FTG,0.6933942803361122
3G7A,0.6933477449465396
6DJU,0.6932352914597594
6DJV,0.6932352914597594
6ED3,0.6932352914597594
2CDR,0.6930634230064379
2CNK,0.6930634230064379
2CNL,0.6930634230064379
2CNN,0.6930634230064379
2CNO,0.6930634230064379
1IS0,0.6929198051662052
3C2A,0.6927935008556685
4RSL,0.6927041039230685
6ORV,0.6923072018118229
1GNG,0.6921066604642002
3LNZ,0.6921007485272309
1C9I,0.692052735153416
1C9L,0.692052735153416
3QFD,0.692031747777175
1ELR,0.6916132248678704
6GXC,0.6916014854501742
4TT2,0.6914911855975756
4TT4,0.6914911855975756
2NX5,0.6912898419156501
3UA7,0.6908818760366476
3QW5,0.6908755418184662
3QW6,0.6908755418184662
3QW7,0.6908755418184662
3QW8,0.6908755418184662
2NS7,0.6908404080216202
2NS8,0.6908404080216202
1DKD,0.6906728890647831
8ARN,0.6906405000958157
1I7R,0.690311627487838
3F4Y,0.690311627487838
1M6O,0.6901268794575477
7F7G,0.6899401889336816
7F7I,0.6899401889336816
3Q4J,0.6886006284726823
3Q4K,0.6886006284726823
3Q4L,0.6886006284726823
7P2I,0.687757755173346
1BX2,0.6877098684838947
6GGM,0.6876963132569865
6GH4,0.6876963132569865
6GHN,0.6876963132569865
3PUK,0.6876107590834166
1FVG,0.6874159607602784
5H6Q,0.6871783431222341
5H6R,0.6871783431222341
5X60,0.6871783431222341
6Y13,0.6870962516546034
3VFR,0.6869794486713386
3VFS,0.6869794486713386
3VFT,0.6869794486713386
1L4X,0.6863654095608351
1Q4K,0.6860794407240063
8ARE,0.6859584149286205
5E8O,0.6854127431463548
5E8P,0.6854127431463548
5LSO,0.6849753020387483
1QBQ,0.6849459957226292
1NU2,0.6847714246695501
6E3I,0.6845256147759913
6E3J,0.6845256147759913
5J31,0.6844243095132103
4NMX,0.6841136372254739
3H9S,0.6836899624853816
3I5R,0.6836052951023571
1SLG,0.6834548785346098
7P2H,0.6833744761918275
3BOO,0.6826828640226626
3E3U,0.6821516764859717
3WVQ,0.682003793605497
3WVR,0.682003793605497
7TBH,0.6817233566525464
1HHG,0.6816895319274578
1HHH,0.6816895319274578
1HHI,0.6816895319274578
1HHJ,0.6816895319274578
1HHK,0.6816895319274578
1IWQ,0.6815769939844352
2AWW,0.6815707442224963
2CCQ,0.6814403015560809
2CM0,0.6814403015560809
3CPM,0.6812544133665179
2FX7,0.6810475800288351
2FX8,0.6810475800288351
2FX9,0.6810475800288351
2SEB,0.6809982998113838
4Z09,0.6805761452836552
4Z0D,0.6805761452836552
4Z0E,0.6805761452836552
2BVO,0.6800281509547229
2BVP,0.6800281509547229
2BVQ,0.6800281509547229
2Q3I,0.6798151100832224
3VFU,0.6796431994017795
3VFV,0.6796431994017795
3VFW,0.6796431994017795
4Q8D,0.6796032515991156
2FZS,0.6795450612480893
2AV7,0.6787541707659616
1AYA,0.6785177777434322
1AYB,0.6785177777434322
1AYC,0.6785177777434322
1AYD,0.6785177777434322
7SKZ,0.6784895693584645
7SL5,0.6784895693584645
7U09,0.6784895693584645
7U0A,0.6784895693584645
7U0E,0.6784895693584645
6LTB,0.6784075201189549
1SHD,0.6782025448186053
1B32,0.6781549114978813
1B3F,0.6781549114978813
1B3G,0.6781549114978813
1B3L,0.6781549114978813
1B40,0.6781549114978813
1B46,0.6781549114978813
1B4Z,0.6781549114978813
1B51,0.6781549114978813
1B52,0.6781549114978813
1B58,0.6781549114978813
1B5I,0.6781549114978813
1B5J,0.6781549114978813
1B9J,0.6781549114978813
1QKA,0.6781549114978813
1QKB,0.6781549114978813
3LNJ,0.6776064948877369
6Y1S,0.6774946325946537
5ENW,0.6773550686540573
5EOT,0.6773550686540573
5F7D,0.6773550686540573
5F9J,0.6773550686540573
5FA3,0.6773550686540573
5FA4,0.6773550686540573
5FDW,0.6773550686540573
1A3R,0.6773384730024219
1HSA,0.6770178771062014
5T1E,0.6765270174252652
7D68,0.676280109600555
2C1E,0.6762578976087988
2C2K,0.6762578976087988
2C2M,0.6762578976087988
2C2O,0.6762578976087988
2C2Z,0.6762578976087988
4Z0F,0.6751970005196593
1CZQ,0.6735132808708046
5JA1,0.6730778667130163
4UTN,0.6730172060168992
4UTR,0.6730172060168992
4UTZ,0.6730172060168992
3PE3,0.6729850493025984
3PE4,0.6729850493025984
5MCQ,0.6727731908184916
1N2R,0.6727160139423743
2AV1,0.6724371394299086
6Z13,0.6723948268524569
6Z3F,0.6723948268524569
6ZBR,0.6723948268524569
6ZCD,0.6723948268524569
7EDO,0.671784546044741
3EFP,0.6715172420374866
7L4Z,0.6708227161279583
3QZW,0.6702032295898188
5AEF,0.6701505288945497
3BEV,0.6698114793093607
1I7T,0.6694535537539913
1I7U,0.6694535537539913
3QUK,0.6693862421287838
3QUL,0.6693862421287838
7U23,0.6688177249329439
1XRM,0.6687595768100388
1XRN,0.6687595768100388
1XRO,0.6687595768100388
1XRQ,0.6687595768100388
1XRR,0.6687595768100388
5NJX,0.6687079740459211
1FV1,0.668645603110895
4BPI,0.6684964111586628
4BPJ,0.6684964111586628
4BPK,0.6684964111586628
3D39,0.6680291992256039
3D3V,0.6680291992256039
1TJC,0.6674109795311006
5MCO,0.6673940882826169
1KFF,0.6672331569126885
1KL3,0.6672331569126885
1KL4,0.6672331569126885
1KL5,0.6672331569126885
6SWU,0.6667388345258132
5VB9,0.6662833197823292
6TDO,0.6662652883745729
6TDP,0.6662652883745729
6TDQ,0.6662652883745729
3F4Z,0.6661434602448842
6O44,0.6659201579399299
3LNY,0.6658686818601758
3IOL,0.6658240889641788
2R3C,0.6657774691183639
3EXB,0.6654284536965696
1OU8,0.6654059038798438
6SH2,0.6649662669099344
3ZMS,0.6649568711529653
3ZMT,0.6649568711529653
3ZMU,0.6649568711529653
3ZMV,0.6649568711529653
3ZMZ,0.6649568711529653
3ZN0,0.6649568711529653
3ZN1,0.6649568711529653
6P9Y,0.6639489492418827
1RK0,0.6637702187188647
8FLQ,0.663675944438265
8FLR,0.663675944438265
8FLS,0.663675944438265
8FLT,0.663675944438265
8FLU,0.663675944438265
5NGN,0.6633381828107731
6IAM,0.663199822371631
5DRV,0.6631517245415737
1JF1,0.663117477535273
3PSL,0.6630296008150365
1IR3,0.6628886011183189
7EUO,0.6628021179260825
7VFX,0.6628021179260825
2BBA,0.6621594059212779
6ME1,0.6620567493586181
5JA2,0.6619111890248099
6M5E,0.6615109931201101
1B77,0.6611109238997738
1P4B,0.6611009580631684
2DF6,0.6609011768217276
2G6F,0.6609011768217276
1FZF,0.6608757132646383
6Y14,0.6607595014750705
1BS4,0.6607493456119197
1BS6,0.6607493456119197
1BS8,0.6607493456119197
1BSZ,0.6607493456119197
2G2L,0.6607095033795588
6VM8,0.6606559581218654
1KV0,0.660244149483833
4UTV,0.6600156108918487
4UTX,0.6600156108918487
4UU7,0.6600156108918487
4UU8,0.6600156108918487
4UUB,0.6600156108918487
1YXW,0.65941989878595
1JHT,0.6592519153197797
3WXA,0.6588262980861118
4OD7,0.6587621535699949
5T1F,0.6581832904844587
4XYN,0.6580723994381633
1FYT,0.6577008341996432
6EVL,0.6576506249635254
7V5C,0.657358490821
7V5D,0.657358490821
3RST,0.6573285933111839
4DR8,0.6573285933111839
1XRP,0.6567278138307401
3WEX,0.656325759888707
3OQS,0.6559457067978238
4H3H,0.6558876431311612
1RJY,0.6557924609459556
6J2D,0.6557092715471733
6J2F,0.6557092715471733
6QBB,0.6554776080742195
6QW4,0.6554776080742195
6SOK,0.6554776080742195
6SOS,0.6554776080742195
6TIP,0.6554776080742195
3DRF,0.6552067569047835
3S1B,0.6552067569047835
3S1K,0.6552067569047835
2WV4,0.6551747479889068
1SLE,0.654516622719861
3FDL,0.6543465278476301
1BBZ,0.6542694615264233
6LTC,0.6542392261916374
6LTD,0.6542392261916374
4UUA,0.6542280779676383
5YD3,0.6536770432139789
3NFN,0.6536064800234382
6RSY,0.6526189331808392
1RJZ,0.6521520168446286
6J2E,0.6520688696739677
6J2G,0.6520688696739677
3T0E,0.652033609192758
4OV5,0.6519408762385825
1B05,0.6518181613183485
3AGY,0.6514851503544924
3AGZ,0.6514851503544924
1U9F,0.6514827011234623
1U9G,0.6514827011234623
1U9H,0.6514827011234623
3LV3,0.6512098230042083
7S5H,0.6509165487024101
4A1V,0.6508568381390202
5XSQ,0.6506822670859412
3C9N,0.6501918296862171
4D2C,0.6497336123429758
4D2D,0.6497336123429758
4I5B,0.6494455743282076
2VSQ,0.6493450291716084
1PYW,0.6493299537323367
6QSY,0.6487202641183177
6AK2,0.6487176037466816
1QSU,0.6486352589103236
6J2J,0.6486344565760206
6EVM,0.6485852608148118
4YPI,0.6483683349561601
7W53,0.6483021634902252
7W55,0.6483021634902252
7W56,0.6483021634902252
7W57,0.6483021634902252
1JRR,0.6482834142044083
3NCL,0.6482031807741107
1ZT1,0.6479042901321918
1ZT7,0.6479042901321918
2WEV,0.6468117219521453
2WFY,0.6468117219521453
2WHB,0.6468117219521453
1SVZ,0.6467573743601489
6S6M,0.6466735937676699
6S6N,0.6466735937676699
2JGP,0.6464205628653841
7F9Y,0.6456952104273731
7F9Z,0.6456952104273731
7YJ4,0.6456952104273731
4A1X,0.6454777356031455
2CII,0.6454607598984194
3P9G,0.6454327837681183
3P9H,0.6454327837681183
6J2I,0.6453890143204849
4W5M,0.6450787643139607
4W5P,0.6450787643139607
4WBU,0.6450787643139607
7NZE,0.6447953291644043
5VF1,0.6438308811041066
1EBA,0.6435939813441228
5T1I,0.6435825797513963
6V7O,0.6425088453134091
6K7T,0.6423173830118464
4HIX,0.6419731393677488
7W36,0.6415908059583203
4KWB,0.6413222773355508
4H3K,0.6412695344121605
1LCJ,0.6410357806472068
1Y3A,0.6404652998437306
6J2H,0.6394060496513182
7NZF,0.6390077962401939
3ALO,0.6387973312840871
6SYI,0.6386754609262772
3O6P,0.6385830657970715
7AL0,0.63845904180508
5YD4,0.6383477284775724
5YD5,0.6383477284775724
6N9J,0.6379648038744471
2OR9,0.6379228291219651
4DC2,0.6376174775775011
4P57,0.6368975303390048
3D3X,0.6361231932803911
7DTL,0.6359971423385815
4A1T,0.6357832146765355
1BII,0.635711046817389
1ULH,0.6352652023136619
6INS,0.6348574475752655
3COJ,0.634723542202911
4OED,0.6345909036741928
4OEY,0.6345909036741928
4OEZ,0.6345909036741928
4OFR,0.6345909036741928
4OFU,0.6345909036741928
1N7F,0.6345656090295885
1O6K,0.6343779472589346
6Q36,0.6341704804994337
2WV5,0.6334046735213043
3UWA,0.6332571284657992
5XCO,0.6329396152224269
2IPK,0.6328889414769758
2AF5,0.6328019515472848
2FKG,0.6328019515472848
2FKJ,0.6328019515472848
2HKD,0.6328019515472848
1SLD,0.6324299217994315
1SMF,0.6324299217994315
3AGX,0.6321319601761791
1DDV,0.6315832479691863
1JYM,0.6314211764399853
2XNS,0.6301779805515854
6Q2X,0.629855188793062
1AID,0.6296390652687132
2AID,0.6296390652687132
2Z3K,0.6292998467710395
2Z3M,0.6292998467710395
2Z3O,0.6292998467710395
2Z3P,0.6292998467710395
3DRI,0.6290813162437816
3DRJ,0.6290813162437816
5GRD,0.6290490117310565
7SF7,0.6281915697299031
7SF8,0.6281915697299031
7Q0L,0.6280256554416719
2OBH,0.6279830894954931
1MF4,0.6270378552303455
3OE0,0.6270313098715582
8HBD,0.6270161499760439
8HCQ,0.6270161499760439
8HCX,0.6270161499760439
4OH5,0.6265978382073454
4OH6,0.6265978382073454
4OHA,0.6265978382073454
4OIL,0.6265978382073454
4OIU,0.6265978382073454
4OJ9,0.6265978382073454
4OK1,0.6265978382073454
4OKB,0.6265978382073454
4OKT,0.6265978382073454
4OKW,0.6265978382073454
4OKX,0.6265978382073454
4OLM,0.6265978382073454
4DR9,0.6264998267380187
1J4X,0.6262709925491858
3NF3,0.6259149672592708
5DIJ,0.6258824938340609
5DLK,0.6258824938340609
5EGF,0.6258824938340609
5EJD,0.6258824938340609
6A6R,0.6250385648316944
6A6T,0.6250385648316944
2H6P,0.6248666119221303
2Q7F,0.6245868928472404
6EVN,0.624304260031987
6EVO,0.624304260031987
6EVP,0.624304260031987
3TEJ,0.6242469142433849
2J9P,0.6242111470247206
7OCO,0.6241714103626627
7OCW,0.6241714103626627
7OD4,0.6241714103626627
7OD6,0.6241714103626627
7OD7,0.6241714103626627
7OD8,0.6241714103626627
7OEN,0.6241714103626627
7OEV,0.6241714103626627
7OEW,0.6241714103626627
2CV3,0.6240253432914
7UDN,0.6231444224548541
7UDO,0.6231444224548541
5GRG,0.6228047816759682
5GSD,0.6228047816759682
5EG1,0.6225650948599847
7P34,0.6223629910718773
7DYN,0.6221889689843739
4L3O,0.6217238262292543
3SOV,0.6216199450510795
6PXC,0.6214958788309668
4AM9,0.6213255305900088
3FTG,0.6210274422823928
1Q17,0.6207849684104094
1Q1A,0.6207849684104094
4V2W,0.6206677853740538
1ZM6,0.6203071149908057
2CUO,0.620022412997613
3RL1,0.6198673935646539
5GIR,0.619693941556787
5GIS,0.619693941556787
1QR1,0.6195425326281913
1EVH,0.6194474771273493
5GMY,0.6191048803799788
5MFB,0.6189956362304104
5MFL,0.6189956362304104
5MFN,0.6189956362304104
5MFO,0.6189956362304104
2FIB,0.6188525673557536
1DE7,0.6188320444888459
2A5K,0.6188053140881205
7KNT,0.6186517304112825
5N8J,0.6171822762494436
1YCP,0.615959518771709
5YY4,0.6158528927656557
1G2A,0.6156666667511229
1LQW,0.615484241267499
1ZHB,0.6154554416888344
4E34,0.615438634896593
7FIM,0.6152300702059407
7FIY,0.6152300702059407
7VAB,0.6152300702059407
7VBI,0.6152300702059407
1KJ3,0.6149231562209919
1PNG,0.6145012972901117
4E81,0.6145012972901117
1RQC,0.6142080229883136
2A5I,0.6141232289209254
5DOW,0.6136999764620452
5XAO,0.6136732038331986
7P0T,0.6135321196802386
3ERY,0.6131192975672971
2AN6,0.6130720020715428
3NWM,0.612692033436902
1ATP,0.6123231707981394
4DFW,0.6123231707981394
6QZY,0.6122603775819012
6QZZ,0.6122603775819012
6R00,0.6122603775819012
6TSC,0.6122603775819012
7JLS,0.6120093314013124
1QSN,0.6118213318056889
6L9M,0.6115436396806169
6L9N,0.6115436396806169
6CK7,0.6112597822498484
1PTV,0.6112369368362742
3EYS,0.6111910348685198
3EYU,0.6111910348685198
3RL2,0.611125285683797
6Y0U,0.6110648994704678
6Y0V,0.6110648994704678
7NEF,0.6110648994704678
4V1T,0.6110332283795609
4V1U,0.6110332283795609
4V1V,0.6110332283795609
7S1M,0.6109431557970215
7S3I,0.6109431557970215
3M6O,0.6108937066670855
1O6L,0.6108087436872126
2F53,0.6107349711594601
6EQA,0.6101446642530762
6EQB,0.6101446642530762
7P0A,0.6100976643541703
7TUC,0.6100975376698067
7TUD,0.6100975376698067
7TUE,0.6100975376698067
7TUF,0.6100975376698067
7TUG,0.6100975376698067
7TUH,0.6100975376698067
6NDY,0.6098771068770944
6OO2,0.6098771068770944
6X5I,0.6098771068770944
1RQ0,0.6098027009275238
3APR,0.6097889345600096
5XN3,0.6097889345600096
4TX2,0.6097073920579545
4TX3,0.6097073920579545
4E35,0.6096511019723826
2QHR,0.6095161831251191
3UWB,0.6090889189947241
8CZI,0.6089120253949787
7KI0,0.6086338687605733
7KI1,0.6086338687605733
7TR4,0.6085362795724589
3LRY,0.6083847650735601
6GS3,0.6076877688189412
2F54,0.607489550017985
7NEW,0.6071992950268533
4TKY,0.6071759851039458
7S15,0.6067208081854315
5ICZ,0.6063511432123658
1D5X,0.6063070992819446
1D5Z,0.6063070992819446
1D6E,0.6063070992819446
7CDC,0.6062557921146754
7CDD,0.6062557921146754
7CDE,0.6062557921146754
7CDF,0.6062557921146754
7CDG,0.6062557921146754
4DQV,0.6055770595224794
3WIM,0.6055071297537569
6PT2,0.6052362363561996
2QOS,0.6050145809479723
3TID,0.6049751821108842
3TIE,0.6049751821108842
6A6S,0.6041774084449992
6A6U,0.6041774084449992
3GZE,0.603622953213522
2W97,0.6021515987862287
7Q0M,0.60190021478067
4V2V,0.6018786362107321
1TVX,0.6018580288875821
1VWA,0.6013065296245894
1VWB,0.6013065296245894
1VWC,0.6013065296245894
1VWD,0.6013065296245894
1VWE,0.6013065296245894
1VWF,0.6013065296245894
1VWI,0.6013065296245894
1VWJ,0.6013065296245894
1VWK,0.6013065296245894
1VWL,0.6013065296245894
1VWM,0.6013065296245894
1VWN,0.6013065296245894
1VWO,0.6013065296245894
1VWP,0.6013065296245894
1VWQ,0.6013065296245894
1VWR,0.6013065296245894
4K0U,0.6008928629492238
2Z3C,0.6008629232112864
2Z3D,0.6008629232112864
2Z3E,0.6008629232112864
1NLT,0.6008487345625602
4IAZ,0.6001617252586071
5NXQ,0.5998853844334139
6A6V,0.5997940872353595
6L9K,0.5997939183228748
4ZGM,0.5997895688263901
2EW7,0.5996599284942778
3C98,0.5994796988729568
5K86,0.5992994692516358
4E3B,0.5992595636770931
3BW9,0.5991917030863098
3BWA,0.5991917030863098
1DDH,0.5990990545883768
1BBS,0.5989946244446263
6S9L,0.5989085635336019
3GLU,0.5987560355597942
6C4U,0.5976317540607196
5E2V,0.597409042949462
5E2W,0.597409042949462
7CIS,0.5973345947717701
2FPZ,0.5970327059332453
2FS8,0.5970327059332453
2FS9,0.5970327059332453
2FWW,0.5970327059332453
2FX4,0.5970327059332453
2FX6,0.5970327059332453
2FXR,0.5970327059332453
5IG8,0.5966687417565429
3SV1,0.5962487408629958
7M4S,0.5959774251842265
1FNE,0.5958598198666588
1FNG,0.5958598198666588
6VCB,0.5948951184376339
7DUF,0.5948639963123027
4TUT,0.5947996406555798
4W67,0.5947996406555798
7N6D,0.5943852138740323
6GS1,0.5938699041109161
6GS7,0.5938699041109161
2PMC,0.5938171611875257
6PE3,0.5937292000110469
4AKT,0.5932012640396891
5EOD,0.5931625830806614
5TXC,0.5930924421713328
5TXE,0.5930924421713328
4YV6,0.5926579992603322
4YV9,0.5926579992603322
5VBL,0.5925869715604584
5TTY,0.592497701312222
5TU4,0.592497701312222
5TU5,0.592497701312222
5TU6,0.592497701312222
6RP9,0.5924591048094368
6RPA,0.5924591048094368
6RPB,0.5924591048094368
3SOQ,0.5924392153643472
1BSJ,0.5921610165018207
1BSK,0.5921610165018207
6V2O,0.5920915512424316
6V2P,0.5920915512424316
6V2Q,0.5920915512424316
4P2Q,0.5918908832104453
4P2R,0.5918908832104453
4IAI,0.5916661662634303
6WN7,0.5914888503824728
1XCQ,0.5913778537658743
1XCT,0.5913778537658743
1XF5,0.5913778537658743
6MFW,0.5913360479258771
6MFX,0.5913360479258771
6MFY,0.5913360479258771
6MFZ,0.5913360479258771
6MG0,0.5913360479258771
6A2B,0.5908497911101528
6ZSU,0.5905083767501762
6ZSV,0.5905083767501762
7PD7,0.5905083767501762
8A2N,0.5905083767501762
3WA4,0.5896102268401769
3ZMP,0.5896102268401769
6PSA,0.5894863295325491
4H36,0.5891544164998445
4H39,0.5891544164998445
4H3B,0.5891544164998445
6JG9,0.5889607161078577
6CEN,0.5888537522768347
5VAI,0.5880536138361622
7WVU,0.5880536138361622
7WVV,0.5880536138361622
7WVW,0.5880536138361622
7WVX,0.5880536138361622
7WVY,0.5880536138361622
2XOL,0.5880080496933774
2Y6Y,0.5880080496933774
2YJM,0.5880080496933774
2AOA,0.5867734261135831
2AOB,0.5867734261135831
6PV9,0.5867734261135831
7CIR,0.5867401081259489
5ISW,0.58660045972911
5ISX,0.58660045972911
4XOJ,0.5865473789807499
5N7X,0.5863029203870697
5N89,0.5863029203870697
5N8B,0.5863029203870697
5N8E,0.5863029203870697
7MP3,0.5861550797347161
5N0N,0.5859980755800602
5N0O,0.5859980755800602
5N0P,0.5859980755800602
5N0Q,0.5859980755800602
5N0R,0.5859980755800602
5N0S,0.5859980755800602
5N0T,0.5859980755800602
5N0U,0.5859980755800602
5N0V,0.5859980755800602
5N0W,0.5859980755800602
5N0X,0.5859980755800602
5N4I,0.5859980755800602
5OUF,0.5859980755800602
6GEW,0.5859980755800602
4X5W,0.5859073695757028
4X5X,0.5859073695757028
6GS4,0.5858768386440685
6AP1,0.5858056420317098
6BMF,0.5858056420317098
7S8U,0.5858056420317098
6AT5,0.5856887545922026
7XMR,0.5854127938201003
5V1Q,0.5850864971275165
5V1S,0.5850864971275165
1T7H,0.5849006089379535
1LKK,0.584639343552032
1LKL,0.584639343552032
4IAC,0.584160223288792
4IAD,0.584160223288792
4IAF,0.584160223288792
4IAK,0.584160223288792
4IAY,0.584160223288792
7DRM,0.5840023323435906
7DRO,0.5840023323435906
7DRP,0.5840023323435906
1AGD,0.5838754790674782
5AGW,0.5832624534318837
5AGX,0.5832624534318837
4D2B,0.5831792640331015
4OFB,0.5829987810430531
4CDR,0.5824387516995763
3FOL,0.5821935752278354
3FOM,0.5821935752278354
3FON,0.5821935752278354
4JFO,0.5821200560688102
4JFP,0.5821200560688102
4JFQ,0.5821200560688102
3TL0,0.5820613167522082
7C2P,0.5819839548341529
6J1V,0.5819697661854265
6J1W,0.5819697661854265
6J29,0.5819697661854265
6J2A,0.5819697661854265
4UBZ,0.5816949033444756
4W5L,0.5816949033444756
4W71,0.5816949033444756
4WBV,0.5816949033444756
3ITE,0.5816901737949002
5VA9,0.5816258181381774
7LY4,0.5816240023289654
6GB6,0.5812508746499605
6GB7,0.5812508746499605
5W3R,0.5812295494487498
5ME5,0.5809888913859784
1HQJ,0.5809281673476796
1THR,0.5808883884575005
1THS,0.5808883884575005
3GLR,0.5804122663908664
3M6P,0.5800648978657992
1LNU,0.5799336106369597
3REW,0.5798554463846014
1HNE,0.579335871581243
3HET,0.5790941155873202
3HEU,0.5790941155873202
3HEV,0.5790941155873202
3HEW,0.5790941155873202
2JD5,0.5790808137291392
1ZSD,0.5790558991376258
6A38,0.5790558991376258
6A3A,0.5790558991376258
6A3B,0.5790558991376258
6A3C,0.5790558991376258
6A3E,0.5790558991376258
3ZMQ,0.5790157401943558
4GKN,0.5789916279371453
4GKS,0.5789916279371453
5XYB,0.5789916279371453
7AM3,0.5786791820683181
7AM4,0.5786791820683181
7AM5,0.5786791820683181
7AM6,0.5786791820683181
7AM7,0.5786791820683181
7AM8,0.5786791820683181
7NUS,0.5784209571071237
4DIJ,0.578315154549434
7ETT,0.5782721452079823
7ETU,0.5782721452079823
7ETV,0.5782721452079823
3RJO,0.5781241778712652
2IPH,0.5775029599801562
7F07,0.5774657570053708
4C56,0.5773058602244121
5WER,0.5772378096070834
1SYS,0.5771384890659993
2P5B,0.5771384890659993
2PXJ,0.5771384890659993
5DX0,0.5771384890659993
5DX1,0.5771384890659993
2G2S,0.5770473185523085
2G3D,0.5770473185523085
7FI3,0.5769958424725544
3AID,0.5768064915770522
6MJL,0.5763401242064174
5N99,0.5757084337412486
1XEO,0.575428207928904
7C3Z,0.5753141920016391
7C40,0.5753141920016391
6N4V,0.5750521665095358
1AQC,0.5748524697243373
7L1V,0.5748393790067625
1LRU,0.5747963485512503
5W3P,0.5746530685359873
1BFE,0.5739893269268206
1AI1,0.573850143039315
3O3J,0.573820667810711
3M48,0.5734962291554604
3QU1,0.5734962291554604
6EF5,0.5734962291554604
3FIB,0.5734708078264924
2YJD,0.5729503040044674
3JR3,0.5728832879761083
5UP4,0.5728040680207198
1HI6,0.5727101949072717
3FT2,0.5725020102697101
5GTR,0.5724192853802613
6ELS,0.5722546379356664
6ELT,0.5722546379356664
6ELV,0.5722546379356664
1XR8,0.5721194234915545
1XR9,0.5721194234915545
4GBX,0.5718973035739939
3MRC,0.5717036031820072
3MRD,0.5717036031820072
3MRE,0.5717036031820072
3MRG,0.5717036031820072
3MRH,0.5717036031820072
3MRL,0.5717036031820072
3MRO,0.5717036031820072
3MRR,0.5717036031820072
3HEX,0.5715871802518333
1FFN,0.5715147590239594
6W9Q,0.570857140492368
6L9L,0.5708557469643681
2EW5,0.5707217149076501
2EW6,0.5707217149076501
8OP0,0.5707217149076501
8OPI,0.5707217149076501
5CZH,0.5703857057471882
5CZI,0.5703857057471882
3N9O,0.5702348246701076
3N9Q,0.5702348246701076
7D6Q,0.5700737666158155
3RZ2,0.5699452242148547
4UBY,0.5699452242148547
2PL9,0.5696991609525685
5V1U,0.5694141633625274
5V1V,0.5694141633625274
3HEY,0.569315814068231
1NAP,0.5691385404153947
4WDI,0.5690923006226706
4Z76,0.5690923006226706
4Z78,0.5690923006226706
6LFH,0.5686525791965188
5WHH,0.5685833673058569
2Y1N,0.568486327083318
1FO0,0.5683963811851424
5DWQ,0.5683963811851424
5DX8,0.5683963811851424
5DXA,0.5683963811851424
6VDB,0.5683963811851424
7EGU,0.5683963811851424
7EHZ,0.5683963811851424
7EI2,0.5683963811851424
4XC0,0.5682334650935171
4XCJ,0.5682334650935171
4XCL,0.5682334650935171
4XD8,0.5682334650935171
4XDM,0.5682334650935171
4XKA,0.5682334650935171
4XKO,0.5682334650935171
2D0N,0.5680922964843147
3M6Q,0.5680330926583793
3M6R,0.5680330926583793
1U8T,0.5679872751468673
4UU5,0.5678559034617854
6JPW,0.5678294686579084
1FEV,0.5677036288567049
7RT9,0.567618877017438
7RTA,0.567618877017438
2FQ1,0.5668879926955486
1LQY,0.5668033675406452
1LRY,0.5668033675406452
5OK3,0.5666802303391991
3TF7,0.5666632968625942
3TFK,0.5666632968625942
3TJH,0.5666632968625942
3TPU,0.5666632968625942
4J09,0.5666632968625942
5T6P,0.5666600030691399
5T78,0.5666600030691399
7T6I,0.5665802341481756
3UIX,0.5662578224427431
5C07,0.5662578224427431
5C08,0.5662578224427431
5C09,0.5662578224427431
5C0B,0.5662578224427431
5C0C,0.5662578224427431
5C0D,0.5662578224427431
5C0E,0.5662578224427431
5C0F,0.5662578224427431
5C0G,0.5662578224427431
5C0I,0.5662578224427431
5C0J,0.5662578224427431
5N1Y,0.5662578224427431
2VM6,0.5661068569094201
8C17,0.5656860114534489
6WHN,0.565619839987514
6WHO,0.565619839987514
6WHQ,0.565619839987514
6WHZ,0.565619839987514
6WI3,0.565619839987514
3U7K,0.5656075093761209
3U7L,0.5656075093761209
3U7M,0.5656075093761209
3U7N,0.5656075093761209
1FFP,0.5652705289688712
5B5U,0.5644884641640762
5B74,0.5644884641640762
1I5K,0.5643179470106333
2ZNE,0.5642757611175453
4HWZ,0.5642244117221549
1TMB,0.5642047756457925
1JQ8,0.5640156358908964
7KVW,0.5638841797495721
7KW0,0.5638841797495721
7KW2,0.5638841797495721
7KW3,0.5638841797495721
5O0U,0.5638506083932108
5WXF,0.5637562285423081
5WXO,0.5637562285423081
5WXP,0.5637562285423081
4I7B,0.5636626087975872
4I7D,0.5636626087975872
1YF4,0.5636508693798911
4AEN,0.5634227108409976
4AH2,0.5634227108409976
6KK9,0.5634227108409976
4X1N,0.563248815437858
4X1Q,0.563248815437858
4X1R,0.563248815437858
4X1S,0.563248815437858
4MS8,0.5631570959585914
4MVB,0.5631570959585914
4MXQ,0.5631570959585914
4N0C,0.5631570959585914
4N5E,0.5631570959585914
7N6E,0.5630505966369017
8DEV,0.5629851430490275
8DEW,0.5629851430490275
1OLA,0.5627695684902543
4MLI,0.5627553376134068
4MLS,0.5627553376134068
1YYP,0.5621805495415673
2BR9,0.5620431814632736
2BTP,0.5620431814632736
2C63,0.5620431814632736
2C74,0.5620431814632736
3UA6,0.5619971105830344
4JE6,0.5619811272391567
2Q5U,0.5618707007021946
2Q7C,0.5618707007021946
2G5Z,0.5617179615877808
1BD2,0.5613797143368947
1XEM,0.5613346147034433
1XEN,0.5613346147034433
2AK5,0.5612555214324184
3SRJ,0.5611996536280586
6DQQ,0.5611689960120607
5I7Z,0.5609843324380127
5MEN,0.5607988665296617
5MEO,0.5607988665296617
5MEP,0.5607988665296617
5MEQ,0.5607988665296617
5MER,0.5607988665296617
4MVK,0.5605950313885848
4MVL,0.5605950313885848
7WXU,0.5600442500036527
7WXW,0.5600442500036527
7WY0,0.5600442500036527
7WZ7,0.5600442500036527
7X2V,0.5600442500036527
4JFH,0.5600333340343201
3VFJ,0.5598008471130027
3VFK,0.5598008471130027
8CV4,0.5597785506650043
8CV5,0.5597785506650043
8CV6,0.5597785506650043
1MHC,0.5596203641229545
7OUN,0.5596203641229545
7VOS,0.5596203641229545
1FFO,0.559483038272782
5IB2,0.5593839711004251
1SBG,0.5591479581309867
2Z32,0.5590151084616625
3OJD,0.5588232238788877
6TRN,0.5587516472134381
6TRO,0.5587516472134381
1BOG,0.5586165594536897
1CFN,0.5586165594536897
1CFS,0.5586165594536897
1PPK,0.5586148703288414
1PPL,0.5586148703288414
1PPM,0.5586148703288414
1UJJ,0.5584185095652184
6V3J,0.5584185095652184
5GS4,0.5583255654704369
4IFI,0.5581704193531142
4IGK,0.5581704193531142
7K28,0.5581704193531142
7K29,0.5581704193531142
7K2A,0.5581704193531142
7K2B,0.5581704193531142
7K2C,0.5581704193531142
3GSO,0.5581318650784501
3AVZ,0.558099138284513
3AW0,0.558099138284513
3AW1,0.558099138284513
7RC2,0.5580450862893652
7RC3,0.5580450862893652
7RC4,0.5580450862893652
7RC5,0.5580450862893652
1RJK,0.5579393470738573
1RKG,0.5579393470738573
1RKH,0.5579393470738573
2HKF,0.557870261867559
7XOU,0.5575614476171558
7XOV,0.5575614476171558
7XOW,0.5575614476171558
5N8T,0.5573647490285631
6T46,0.557291060957053
4O2E,0.5572036909742711
4O2F,0.5572036909742711
5K28,0.556986891799983
7DXR,0.556882968393687
7DXS,0.556882968393687
7DXU,0.556882968393687
7DXV,0.556882968393687
7DXW,0.556882968393687
7DXX,0.556882968393687
1PWV,0.5568024815946622
1KTD,0.5566646912351565
2D1X,0.5566083589214633
7WMT,0.5563595508312986
3WN8,0.5562313462553073
4HX1,0.5562313462553073
4I48,0.5562313462553073
2CKB,0.5559735013472037
4MVI,0.555912988449511
3F86,0.5558453389993337
7UK6,0.5557424290679468
7UK7,0.5557424290679468
7UK8,0.5557424290679468
7UKA,0.5557424290679468
7EDP,0.5556316224778938
7EKN,0.5556316224778938
5F1T,0.5553262709334298
6XOX,0.5552148309215587
1MF2,0.5551504752648357
2HRP,0.5551504752648357
3WUW,0.5551504752648357
1JGE,0.5549808871300594
1K5N,0.5549808871300594
4X0K,0.5549808871300594
4X6S,0.5549808871300594
6KLR,0.5549606176318791
4I7C,0.5549205009167303
6QMP,0.5549205009167303
2ZPK,0.5548459260546749
3AL3,0.554248989333261
7JQD,0.554248989333261
5UW3,0.5541706561684179
2YJ1,0.5540479412481839
4WJ5,0.5538131951223818
5IVO,0.5535795891558523
7DOC,0.5535795891558523
3OAP,0.5530631181194028
7F16,0.5528828673840211
2QT5,0.5526789477867017
5GSR,0.5525663676155579
6MBB,0.5525133713234404
6MBC,0.5525133713234404
6MBD,0.5525133713234404
6MBE,0.5525133713234404
1CFT,0.5523723293986015
1RK3,0.5522646054613968
6GZ9,0.5515679259176868
6H7U,0.5515679259176868
6HZP,0.5515679259176868
1D8E,0.5513071250410986
5VL7,0.5510926484134768
1QMZ,0.5509193864321553
6X5V,0.5505638678796948
6X5W,0.5505638678796948
6X6M,0.5505638678796948
6X6Q,0.5505638678796948
3TKZ,0.5505567735553316
6S99,0.5503775151807985
7P2J,0.5503775151807985
2CE8,0.5501426423706327
2CE9,0.5501426423706327
4PD1,0.5501426423706327
7DOH,0.550077104326516
6OPD,0.549749160737205
6PTB,0.549749160737205
6PTE,0.549749160737205
3UO1,0.5496716721347861
3UYR,0.5496716721347861
3V4U,0.5496716721347861
3V52,0.5496716721347861
3PLF,0.5496001799255789
6CI7,0.5495019995437674
6CIB,0.5495019995437674
1JOJ,0.5494076196928648
3PGC,0.5493716835617157
3PGD,0.5493716835617157
5N8W,0.5493716835617157
7RNW,0.5491591071995484
3F87,0.5490237660710728
4HHA,0.5489508381057444
5E3A,0.5489508381057444
3O49,0.5484095158199632
3O4A,0.5484095158199632
3O4B,0.5484095158199632
3O4C,0.5484095158199632
3O4D,0.5484095158199632
3OGF,0.5484095158199632
3OL0,0.5484095158199632
3KZ0,0.5482686850357305
8CV7,0.5480288715353833
6TN7,0.5480074618779301
6TNO,0.5480074618779301
6TNQ,0.5480074618779301
6LBE,0.5477086134641324
6OJC,0.5477086134641324
6OJD,0.5477086134641324
7N4K,0.5477086134641324
7N5C,0.5477086134641324
7N5P,0.5477086134641324
6P25,0.5475595481962638
5IB3,0.5473522081211264
5IB4,0.5473522081211264
5IB5,0.5473522081211264
5DEG,0.5472339693817406
4DZU,0.5469545459036991
4DZV,0.5469545459036991
5W67,0.5466504189747502
5W69,0.5466504189747502
5W6A,0.5466504189747502
3U1I,0.54660920432845
4R7A,0.54660920432845
5GR7,0.5463221375604695
5GSB,0.5463221375604695
5GSV,0.5463221375604695
5GSX,0.5463221375604695
3OX8,0.5461102790763629
3OXR,0.5461102790763629
3OXS,0.5461102790763629
4N7G,0.5461061829486056
3GSQ,0.5461001020991515
3GSR,0.5461001020991515
3GSU,0.5461001020991515
3GSV,0.5461001020991515
3GSW,0.5461001020991515
3GSX,0.5461001020991515
5ES5,0.5458999408046197
5ES6,0.5458999408046197
5ES7,0.5458999408046197
5ES8,0.5458999408046197
5ES9,0.5458999408046197
6XBE,0.5458999408046197
6XBF,0.5458999408046197
6XCI,0.5458999408046197
2Z4J,0.5453079870015086
5BN0,0.5449847729617732
5H6Y,0.5449847729617732
5KZT,0.5449847729617732
7XFU,0.5449847729617732
1TVB,0.544875845523114
1TVH,0.544875845523114
4RQK,0.5445266400747742
4RQV,0.5445266400747742
4RRV,0.5445266400747742
2BZ8,0.5445203480847141
3P72,0.5445203480847141
2NW2,0.5442150387683713
6KWK,0.5439998864908102
6KWL,0.5439998864908102
6KWN,0.5439998864908102
6KWO,0.5439998864908102
2I5V,0.5439639081315399
5CDW,0.5436067426823522
2VAY,0.5436014430531404
3UKW,0.5436014430531404
3UKX,0.5436014430531404
5AFG,0.543275716440193
6Y4Q,0.543275716440193
3OX7,0.5428410623885863
3OY5,0.5428410623885863
3OY6,0.5428410623885863
7K2F,0.5428410623885863
7K2G,0.5428410623885863
7K2H,0.5428410623885863
7K2I,0.5428410623885863
7K2J,0.5428410623885863
7K2M,0.5428410623885863
4JFD,0.5426224474050861
4JFE,0.5426224474050861
4JFF,0.5426224474050861
2R0Z,0.5424209770387969
6S35,0.5424209770387969
2BJ4,0.5424017632436468
4APS,0.5424017632436468
7VF3,0.5421495769037852
7VG7,0.5421495769037852
7ZCV,0.5421270693151806
1J19,0.5420547747716705
7Z4S,0.54186234122332
2AP2,0.5417475651898733
4RBW,0.541627637325639
4RBX,0.541627637325639
5E3C,0.5416145466080642
7XNA,0.5416145466080642
5MZM,0.5414678038868621
7YWJ,0.5414530240444388
7YWK,0.5414530240444388
6X6H,0.5414170456851686
5WGD,0.541403406002018
5WGQ,0.541403406002018
4KA7,0.5412255833836059
4KA8,0.5412255833836059
1SGH,0.5411338216762183
2PLX,0.5411338216762183
2YMK,0.5410070528563481
3GLT,0.5409146999552635
5M5T,0.5407209995632768
6EJ8,0.540324963128516
6EJ9,0.540324963128516
6EJA,0.540324963128516
6EJB,0.540324963128516
6EJC,0.540324963128516
6EJD,0.540324963128516
6EJE,0.540324963128516
5DEF,0.5398976778840603
6X8O,0.5396425778038354
3HPJ,0.5396293604018968
7TA3,0.5396293604018968
3JUX,0.5395836273466272
7XK8,0.539581769309294
7ZLG,0.539581769309294
1FG2,0.5393776385713687
5F5M,0.539082844057207
5LAX,0.5390072134921212
1APM,0.5388937887585532
7EPT,0.5385600599166367
3BXN,0.5384032669025867
6SS7,0.5383177971852593
6SS8,0.5383177971852593
6SS9,0.5383177971852593
6SSA,0.5383177971852593
7P49,0.5383177971852593
7P4B,0.5383177971852593
6HFA,0.5382806786667164
4JEU,0.5380537447433379
2C23,0.537971716617889
5F1W,0.5379153631901352
2OSL,0.5375138582136779
8CZF,0.5374343848895621
8CZG,0.5374343848895621
8CZH,0.5374343848895621
6GOS,0.537093688407646
6GRG,0.537093688407646
6GRH,0.537093688407646
6GRI,0.537093688407646
1G5Q,0.537032858799044
4O2C,0.5370076274966216
5YBA,0.5370076274966216
5IB1,0.5369606698258368
7DXT,0.5366869049160374
7DXY,0.5366869049160374
4TWI,0.5366371601892529
4TWJ,0.5366371601892529
1WUN,0.5366074315919216
1WV7,0.5366074315919216
6OIT,0.5365597138149552
7W0P,0.5365597138149552
6F9M,0.5362561358515819
2AWI,0.5361976921318284
2AXU,0.5361976921318284
2AXV,0.5361976921318284
2AXZ,0.5361976921318284
7K2D,0.5360837184326847
7K2E,0.5360837184326847
7K2K,0.5360837184326847
7K2L,0.5360837184326847
7K2Q,0.5360837184326847
7K2S,0.5360837184326847
6F7T,0.535805055060825
6ATZ,0.5356488743545326
7C1H,0.5355948434734454
7C1K,0.5355948434734454
7C1L,0.5355948434734454
7C1P,0.5355948434734454
7C1R,0.5355948434734454
7C1S,0.5355948434734454
7C1U,0.5355948434734454
4N6L,0.5354894843110284
4N6M,0.5354894843110284
5U98,0.5351473943011124
1OM9,0.534813285406105
3AJB,0.534813285406105
3PXA,0.534813285406105
3PXB,0.534813285406105
3PXC,0.534813285406105
3PXD,0.534813285406105
3PXE,0.534813285406105
5UUK,0.534813285406105
5UUM,0.534813285406105
1FMO,0.5344117382015263
3EC5,0.5343409216422584
6E21,0.5342779595135354
1NAN,0.5341646192362098
1ZGL,0.5341515707467562
5CVE,0.5340374281351277
3BP4,0.534019945692947
3BP7,0.534019945692947
1BYZ,0.5338145481113853
3HN7,0.5337046283118777
1AWI,0.5336740973802434
1E4W,0.5331403339281586
1E4X,0.5331403339281586
4RXZ,0.5331403339281586
1INQ,0.5330139662754401
1JUF,0.5330139662754401
1T0M,0.5330139662754401
1T0N,0.5330139662754401
7AZ5,0.5330139662754401
7AZ6,0.5330139662754401
7AZ7,0.5330139662754401
7AZ8,0.5330139662754401
7AZC,0.5330139662754401
7AZD,0.5330139662754401
7AZE,0.5330139662754401
7AZF,0.5330139662754401
7AZG,0.5330139662754401
7AZK,0.5330139662754401
7AZL,0.5330139662754401
2GPO,0.532838065036543
1ZY0,0.5327525530910943
2A83,0.5324401072222672
2I0I,0.5324401072222672
2I0L,0.5324401072222672
4LN0,0.5324314926855405
1S9V,0.5323917137953613
1B0R,0.5323667147476054
5H7Y,0.5323411033920921
3UL1,0.5318517428094588
5UW5,0.5318264903929758
5UW7,0.5318264903929758
7YON,0.5314690293469396
7YOO,0.5314690293469396
1M22,0.531214393776048
6YWZ,0.531214393776048
6YX0,0.531214393776048
6YX1,0.531214393776048
6YX2,0.531214393776048
1M05,0.5311608907464758
4JE7,0.5311522762097491
6IEX,0.5310145280783646
1EE5,0.5309304096609158
5CJB,0.5309304096609158
4GRM,0.5307732365937751
6U4A,0.530723365182627
6U61,0.530723365182627
6U6K,0.530723365182627
6U6L,0.530723365182627
6U71,0.530723365182627
6U72,0.530723365182627
6U74,0.530723365182627
6U8G,0.530723365182627
6U8H,0.530723365182627
6U8I,0.530723365182627
6U8M,0.530723365182627
6ULP,0.530723365182627
6ULQ,0.530723365182627
6ULT,0.530723365182627
6ULV,0.530723365182627
3RYA,0.5306944811477198
3RYB,0.5306944811477198
6K7U,0.530690089423114
2G83,0.5306095603959681
8DTL,0.530566994449789
5DU9,0.5305177564604592
5DUA,0.5305177564604592
1EEZ,0.5304266704030108
2EH8,0.5304266704030108
7QUV,0.5301775244878764
7TYN,0.5299826628225563
7TYO,0.5299826628225563
7K2N,0.5298394883775964
7K2O,0.5298394883775964
7K2P,0.5298394883775964
7K2R,0.5298394883775964
3F8U,0.5294548746496227
4Z7P,0.5294548746496227
5A9D,0.5294548746496227
5A9H,0.5294548746496227
5A9I,0.5294548746496227
6GH1,0.5294548746496227
6GL1,0.5294548746496227
1PWW,0.5293677580355681
1MHE,0.5292885380801795
3BAE,0.5292377798784861
3BKJ,0.5292377798784861
3MYJ,0.5292377798784861
7TA6,0.5292377798784861
2ORB,0.5292068688937609
6JC6,0.529059366066377
1YY6,0.5288988147495395
2QMS,0.528812120416697
6SM3,0.5285666905762288
6SML,0.5285666905762288
6SMQ,0.5285666905762288
7S8L,0.5285666905762288
7S8M,0.5285666905762288
7W0N,0.5285666905762288
7W0O,0.5285666905762288
8DWC,0.5285666905762288
4AL2,0.528472859690902
4AL3,0.528472859690902
1A1M,0.5282498952109173
5CVD,0.5282498952109173
7DUQ,0.5282495151578264
7DUR,0.5282495151578264
7E14,0.5282495151578264
7EVM,0.5282495151578264
3WG5,0.5282208422635253
1QB2,0.5280565748720214
3AP1,0.5280559414502033
5LY1,0.5280559414502033
6TBT,0.5280559414502033
1KC5,0.5279447970351805
1KCS,0.5279447970351805
4XFN,0.5279447970351805
5O9T,0.5278328080577336
5VAO,0.5278328080577336
5VAP,0.5278328080577336
6FC6,0.5278328080577336
2I04,0.5274276714628522
1ZY1,0.5273734505552196
2F4M,0.5270367235166972
2F4O,0.5270367235166972
6L96,0.5268660796788905
4HJB,0.5267542596139286
4HJD,0.5267542596139286
2ISQ,0.5266431996551483
3FT3,0.5265895699412125
3FT4,0.5265895699412125
2AQ9,0.526553549353821
2F1X,0.526553549353821
2F1Y,0.526553549353821
1E6I,0.5264383932672835
3RC0,0.5264383932672835
4CGQ,0.5264383932672835
1HDM,0.5262518716559023
2DOI,0.5261281854888804
1A07,0.5259368287576208
1A08,0.5259368287576208
1A09,0.5259368287576208
1A1A,0.5259368287576208
1A1B,0.5259368287576208
1A1C,0.5259368287576208
1A1E,0.5259368287576208
6BXQ,0.5256776958918203
1ISQ,0.5252958692198464
4N7Y,0.5252450265619105
4N84,0.5252450265619105
7TWK,0.5249908977284733
7TWL,0.5249908977284733
7TWM,0.5249908977284733
5H1E,0.5249319472712652
1H0G,0.5248191137313942
1H0I,0.5248191137313942
8D5N,0.5246764671379494
8D5P,0.5246764671379494
8D5Q,0.5246764671379494
1E3A,0.5245555257988062
3LN4,0.5244209870046335
3LN5,0.5244209870046335
4LW5,0.5239719753918157
5A0P,0.5239719753918157
5A0S,0.5239719753918157
6TWB,0.5238863367620034
1B8H,0.5237305572228625
6K93,0.5235835822469938
6K94,0.5235835822469938
6KLY,0.5235835822469938
1FZE,0.5234954732720908
2AWU,0.52332922115889
2AWX,0.52332922115889
6ONT,0.5232883865656807
7ZLJ,0.5232785896415602
1WQV,0.5231988629487171
4HUO,0.5229373441940682
4HUP,0.5229373441940682
4HV3,0.5229373441940682
4HV7,0.5229373441940682
3BVN,0.5224017649327716
2IPU,0.5222249135611473
4YR6,0.5222249135611473
7ZMU,0.5222249135611473
7ZMW,0.5222249135611473
7TYF,0.5219895762416482
7TYH,0.5219895762416482
7TYW,0.5219895762416482
7TYX,0.5219895762416482
7TYY,0.5219895762416482
7TZF,0.5219895762416482
5H0N,0.5219847200077092
1CTP,0.5219601432411654
2OY7,0.5218203681599628
2OY8,0.5218203681599628
2OYB,0.5218203681599628
4HD8,0.521811711395115
4HDA,0.521811711395115
5LY2,0.521811711395115
2GPP,0.5216714295764578
2GPV,0.5216714295764578
8CUF,0.5214813185747739
8CUG,0.5214813185747739
7SMK,0.5211950119129753
7SNV,0.5211950119129753
7UIT,0.5211900289946726
8IA8,0.5211900289946726
7UZO,0.5211744468179464
7UZP,0.5211744468179464
3PL6,0.5208274161178489
3SRI,0.5207692257668226
3ZWZ,0.5207692257668226
7PBC,0.5205101984713251
7PDW,0.5205101984713251
7QPJ,0.5205101984713251
1WSS,0.5204541195263592
5CFA,0.5203510406824875
5MBW,0.5203192851353382
6XVD,0.5203192851353382
3TMN,0.5202948772812792
4TT6,0.5202480885229794
4TTE,0.5202480885229794
4TU4,0.5202480885229794
4TU6,0.5202480885229794
1JAO,0.5201498659130467
1JAQ,0.5201498659130467
1DQ0,0.5200399038854179
1DQ1,0.5200399038854179
1DQ2,0.5200399038854179
1DQ4,0.5200399038854179
1DQ5,0.5200399038854179
1DQ6,0.5200399038854179
7QDI,0.5200399038854179
7QDJ,0.5200399038854179
7QDK,0.5200399038854179
8BFD,0.5200399038854179
8BFE,0.5200399038854179
3KPL,0.5199784619690584
3KPN,0.5199784619690584
3KPP,0.5199784619690584
3L3D,0.519725304382409
3L3G,0.519725304382409
3L3I,0.519725304382409
5I25,0.5197143250708947
1DK7,0.519429834218308
5OL1,0.519429834218308
5OL5,0.519429834218308
5OL6,0.519429834218308
5OL7,0.519429834218308
3SPV,0.5194286518309142
4QE8,0.5194286518309142
5IC3,0.5194286518309142
5K4F,0.5194286518309142
5WYI,0.5194286518309142
6L65,0.5194286518309142
6L4K,0.5193362144735871
6FSG,0.519323461580982
6FSI,0.519323461580982
6FT1,0.519323461580982
6TWC,0.5192042515948083
1M21,0.519182588568628
4JE8,0.5191204921163899
6IHT,0.5190907001768768
2CI8,0.5190686148694843
2CI9,0.5190686148694843
2CIA,0.5190686148694843
2DOH,0.5190533705177277
3I6L,0.5189785000588238
1L7Z,0.5189203519359187
5D9G,0.5189203519359187
7RG9,0.518907092305859
7RGP,0.518907092305859
4OXI,0.5188589522476804
6OM4,0.5188399073650151
3CZF,0.5186728106893902
1Q1J,0.5183949074237122
3GDS,0.5183949074237122
6WXM,0.5183949074237122
5Z0W,0.5183918247708639
3BOK,0.5181971953602105
3BON,0.5181971953602105
5U5A,0.5179562839287118
5U5B,0.5179562839287118
5U5C,0.5179562839287118
1A1O,0.5178582724593852
1JXP,0.5177170193939403
1NS3,0.5177170193939403
2Q2H,0.5177012260766081
1ZXZ,0.5176789296286096
2X4P,0.5174398762344441
2X4Q,0.5174398762344441
2B26,0.5173575313980862
2WFU,0.5173575313980862
2WFV,0.5173575313980862
3BEW,0.5173575313980862
4PO2,0.5172803383925156
4H1L,0.5171759082487652
7LGD,0.5171759082487652
7LGT,0.5171759082487652
3N5E,0.5169389662606602
4BQD,0.5165537191108683
5M4V,0.5164217984602106
1A4P,0.5164169844543928
1BT6,0.5164169844543928
5H5Q,0.5164169844543928
5H5R,0.5164169844543928
5H5S,0.5164169844543928
2IV8,0.5162715930330695
3JZO,0.5162715930330695
3K48,0.5162715930330695
3TFY,0.5162604448090702
7M10,0.5162604448090702
7RE8,0.5162604448090702
2CCI,0.5161214298340494
5GU4,0.5157710631123764
1JQ9,0.5155882575756616
6QMQ,0.5154228922530062
6QMS,0.5154228922530062
6R2L,0.5152386931882915
6BLR,0.5149570738479472
1Q4O,0.5148363858775311
6EST,0.5147869156335345
7EST,0.5147869156335345
7TYL,0.514653284743968
5BTR,0.5145504592688235
4JOJ,0.5139881918349225
6E5X,0.5139881918349225
6EJ7,0.5139881918349225
2HH0,0.5138034860327533
5UW6,0.5134828479084116
6MJG,0.5134828479084116
6LYC,0.5134662522567764
4L0E,0.5133559101760566
4L0F,0.5133559101760566
1T7A,0.5131693041084331
1T7B,0.5131693041084331
1T7E,0.5131693041084331
1EEY,0.5130158048878375
3GCO,0.5130158048878375
3GDU,0.5130158048878375
3GDV,0.5130158048878375
3NI3,0.5129764060507492
3PWL,0.5129361415371763
5V1D,0.5129361415371763
1ES0,0.5128839686934222
1CU4,0.5126761218808303
4WD9,0.5126761218808303
6BXP,0.5126761218808303
7UPR,0.5125852047358669
7UPT,0.5125852047358669
4EZW,0.5124338169213318
4EZX,0.5124338169213318
4EZY,0.5124338169213318
4EZZ,0.5124338169213318
1MPA,0.5122495334003747
2MPA,0.5122495334003747
4ZRT,0.5122479287317687
3L3J,0.5122193402937101
3L3K,0.5122193402937101
2ZPY,0.5121413027257155
7BOC,0.5120779183157804
1AGB,0.5119769086498479
1AGC,0.5119769086498479
1AGE,0.5119769086498479
1AGF,0.5119769086498479
3WUZ,0.5118725629623398
3O9P,0.5118360356374939
6IY7,0.5118208335138585
6CNU,0.5117525506418632
1STS,0.5116556793318092
3N9L,0.5116556793318092
3N9N,0.5116556793318092
3N9P,0.5116556793318092
7OK6,0.5116556793318092
5H7G,0.5114361353296424
5H7H,0.5114361353296424
3VRI,0.5112219965269904
3VRJ,0.5112219965269904
2X4T,0.5111956461793559
1NIW,0.511097592481908
5AFP,0.510716948197328
6NPR,0.510716948197328
6TCJ,0.5106450337069086
1FIE,0.5105756951318831
1GUX,0.5105756951318831
1OSZ,0.5105756951318831
6BJ3,0.5105756951318831
6BJ8,0.5105756951318831
6SP1,0.5105756951318831
6SP4,0.5105756951318831
8E7O,0.5105756951318831
5CMU,0.510466493210436
5CMZ,0.510466493210436
5CN0,0.510466493210436
5OMP,0.510466493210436
6D29,0.510466493210436
6D2B,0.510466493210436
6D2R,0.510466493210436
6D2T,0.510466493210436
2NPM,0.5103050128749319
1XB7,0.5102430008789361
1XHM,0.5102430008789361
4LP9,0.5101272747127622
1SBS,0.5101151974700964
6OFQ,0.5098576903869625
2O88,0.5095137423397132
5X8Q,0.5095017917814111
5X8S,0.5095017917814111
5X8U,0.5095017917814111
5X8W,0.5095017917814111
5X8X,0.5095017917814111
2CCH,0.5090466148628967
1D8D,0.5089488567622973
1KN9,0.5087232319106764
5D94,0.5086712490934678
6BLI,0.5086712490934678
3LRH,0.5085607381002633
3VFM,0.5084001023271832
3VFN,0.5084001023271832
3VFO,0.5084001023271832
3VFP,0.5084001023271832
1A1N,0.5081726194382292
3SGE,0.5080946663264769
4FU4,0.5080946663264769
6OX4,0.5080946663264769
2X7R,0.5080387562939959
1JBP,0.5079257960697612
1JLU,0.5079257960697612
4CG5,0.5078959407880662
4CG6,0.5078959407880662
4CG7,0.5078959407880662
7TYI,0.5078959407880662
3CJB,0.5075777096666335
2R5B,0.5075359882828787
2R5D,0.5075359882828787
4Z61,0.5074628914050656
4Z62,0.5074628914050656
1OU9,0.5071644230443587
1OUL,0.5071644230443587
1KYC,0.5068885467284987
5VTB,0.5068436160075321
3N00,0.50684319372632
1EE4,0.5067622001898408
2NXD,0.5067440420977208
2IV9,0.506670016201241
3JZP,0.506670016201241
3JZQ,0.506670016201241
3JZR,0.506670016201241
3JZS,0.506670016201241
4Q2N,0.506670016201241
4Q2O,0.506670016201241
4Q2P,0.506670016201241
4Q2Q,0.506670016201241
5T1L,0.506670016201241
1P4U,0.5066519003372422
3SKM,0.5066519003372422
4JOE,0.5066519003372422
4JOF,0.5066519003372422
4JOG,0.5066519003372422
4JOH,0.5066519003372422
4JOK,0.5066519003372422
4K6Y,0.5066519003372422
4K72,0.5066519003372422
4K75,0.5066519003372422
4K76,0.5066519003372422
7X0E,0.5063615397758074
7X0F,0.5063615397758074
7X17,0.5063615397758074
2OMH,0.5061788186953351
5AER,0.5060349052582541
1QKZ,0.5060250238778912
7DXZ,0.5058580961147511
7DYC,0.5058580961147511
2IHS,0.5056325557193725
3RQ7,0.5056325557193725
5UUP,0.5056325557193725
3DRT,0.5056189582643432
3EGS,0.5056189582643432
1T37,0.5056081478653136
1HL3,0.5054897402134428
1OLC,0.5054897402134428
3ERD,0.505192074187039
3O6L,0.505021725946081
3O6M,0.505021725946081
6Q0M,0.505021725946081
7WT5,0.505021725946081
6NAG,0.5049678428634179
6JC5,0.5049413658314198
1VAC,0.5048597811012435
1VAD,0.5048597811012435
3W8V,0.5046638426188327
6MP0,0.5045950107812617
1XQV,0.5042738659194654
1XQW,0.5042738659194654
1XQX,0.5042738659194654
1XQY,0.5042738659194654
1XRL,0.5042738659194654
2GW3,0.5042738659194654
2GW4,0.5042738659194654
2ZVV,0.5040607828198437
2ZVW,0.5040607828198437
5OMA,0.5040607828198437
6O9C,0.5040607828198437
2GT9,0.5040468897679657
1B0G,0.5037613220982883
3UII,0.5037613220982883
5A2J,0.5037613220982883
7TO7,0.5037613220982883
7TO8,0.5037613220982883
7TO9,0.5037613220982883
7TOA,0.5037613220982883
4AZU,0.5037325436336842
5AZU,0.5037325436336842
7DU4,0.5035136752814567
7DU5,0.5035136752814567
3IXT,0.503491505517822
6ILC,0.5034100897001306
6ILE,0.5034100897001306
6ILF,0.5034100897001306
6ILG,0.5034100897001306
2NXL,0.5033096712278949
2NXM,0.5033096712278949
1T2V,0.5032573083575955
1TZG,0.5032027918531145
7TB3,0.5031440103083912
1STR,0.5029135714509524
4CH2,0.5029135714509524
4CH8,0.5029135714509524
7BQZ,0.5029135714509524
7WZZ,0.5029135714509524
7X00,0.5029135714509524
7X1B,0.5029135714509524
7X1C,0.5029135714509524
3MK4,0.5028452463508358
7MHZ,0.5027279366301166
5HH7,0.50269069142721
2F74,0.502506027853162
6OMM,0.5024412499152271
6Q1U,0.502206714930031
7A5C,0.5021667671273671
5JLZ,0.502144555135611
4GE0,0.5020948315228871
4GE3,0.5020948315228871
4QYT,0.5020948315228871
4H0H,0.5018688055041146
2DEX,0.5017497222023046
2P8L,0.5017497222023046
3D0V,0.5017497222023046
7W5R,0.5017309306883665
1HES,0.5015094441926241
5AWW,0.50129348958076
5L7K,0.5012649855989438
6VU4,0.5012244043744618
1C3G,0.5011804449002829
2Y7L,0.5009968792573865
1DKX,0.5009505127802987
1DKY,0.5009505127802987
1DKZ,0.5009505127802987
6MPZ,0.5009505127802987
5WKN,0.5007361206089194
2CIK,0.5006059313112313
2P5E,0.5005206727345098
2P5W,0.5005206727345098
2PYE,0.5005206727345098
2PYF,0.5005206727345098
4OCE,0.5005206727345098
4OCF,0.5005206727345098
6MP1,0.500482751881664
6SH1,0.5004805560193611
4JN3,0.5003662022671265
4JN5,0.5003662022671265
3GV6,0.5001016008596294
3I90,0.5001016008596294
3I91,0.5001016008596294
7X5Q,0.5001016008596294
3PWN,0.4999345675261863
5YMV,0.4999345675261863
7ZQI,0.4999345675261863
7ZQJ,0.4999345675261863
1T29,0.49989455638134056
4K78,0.49989455638134056
2GUO,0.499663568558326
3B2C,0.4996633151895988
4P4V,0.4996158085532384
4P4W,0.4996158085532384
4P4X,0.4996158085532384
4P4Y,0.4996158085532384
4P4Z,0.4996158085532384
7LY5,0.4995797035096045
7LY6,0.4995797035096045
7LY7,0.4995797035096045
7XV7,0.49953283029506224
3KPS,0.49929483260392704
7N8J,0.4992326305813858
4ZIE,0.49866601365100033
4ZIF,0.49866601365100033
4ZIG,0.49866601365100033
4ZIH,0.49866601365100033
4ZII,0.49866601365100033
6O9B,0.49827329212375443
6Q0N,0.49826433976205803
7WJ2,0.49826433976205803
7WT4,0.49826433976205803
4Y6L,0.49807676244764665
6P8B,0.49807676244764665
7R2M,0.49807676244764665
1RKM,0.49795497654607923
2RKM,0.49795497654607923
2OD8,0.4979279083203841
5K60,0.4979279083203841
5K61,0.4979279083203841
5K66,0.4979279083203841
7OW1,0.4979279083203841
2Q6W,0.4975393673771379
1IQ5,0.49734030401375756
1F90,0.49713959375365013
6LVF,0.49706214737935234
7DUW,0.49706214737935234
8DWG,0.49706214737935234
2W65,0.4970039992564473
2X70,0.4970039992564473
2Y48,0.4970039992564473
3QZV,0.4970039992564473
3UEO,0.4970039992564473
3UIH,0.4970039992564473
5ZWX,0.4970039992564473
5DXG,0.4969032007311208
3ALN,0.49673496389622324
3W92,0.4966708616082276
3W93,0.4966708616082276
4DCB,0.4966010162957475
6LRA,0.4966010162957475
3EJH,0.496496966205088
1WS0,0.49639105807709527
1WS1,0.49639105807709527
3OCA,0.49639105807709527
4HTV,0.49639105807709527
5K9S,0.49639105807709527
6JEU,0.49639105807709527
6JEW,0.49639105807709527
6JEX,0.49639105807709527
6L4V,0.49639105807709527
6L4W,0.49639105807709527
6L4X,0.49639105807709527
6L4Y,0.49639105807709527
6LKO,0.49639105807709527
7SIY,0.49639105807709527
7UVE,0.49639105807709527
5KGN,0.49631475186207014
4DG8,0.4961947606556541
4DG9,0.4961947606556541
7PHR,0.4958641778087676
4Z63,0.49571317004732335
3CMD,0.49537851218674017
6QZC,0.4952032654837219
6SLI,0.4952032654837219
6SLJ,0.4952032654837219
6SLN,0.4952032654837219
5WTT,0.49492054821222603
1NAK,0.49482000305562684
2WHH,0.4946256270137008
3LNX,0.4946256270137008
2F91,0.49446701819043887
3PWJ,0.49414701348791534
5YMW,0.49414701348791534
3TCF,0.49408569825591947
3TCG,0.49408569825591947
3TCH,0.49408569825591947
6W46,0.4937007044748549
6W47,0.4937007044748549
4JOP,0.4936502840981311
7Z8E,0.4935840281759538
5MTE,0.49327787429718684
7RJF,0.49327787429718684
5NPR,0.4930078465761144
5NPS,0.4930078465761144
6KVM,0.4929507752703001
1U7U,0.49292003319805977
1U7W,0.49292003319805977
1U7Z,0.49292003319805977
1U80,0.49292003319805977
1GWQ,0.49289414735975856
1GWR,0.49289414735975856
1UHB,0.4928657700623059
2IUI,0.4928657700623059
1AWQ,0.4927950379592805
1AWR,0.4927950379592805
1AWS,0.4927950379592805
1AWT,0.4927950379592805
1AWU,0.4927950379592805
1AWV,0.4927950379592805
4BH7,0.49276528824788857
4BH8,0.49276528824788857
4P5T,0.49276528824788857
6LQE,0.49276528824788857
6OX1,0.49276528824788857
6OX2,0.49276528824788857
6OX3,0.49276528824788857
2P8P,0.49268435805359106
7JQR,0.49182830958043744
7JQS,0.49182830958043744
7JQT,0.49182830958043744
7JQU,0.49182830958043744
5OTT,0.4917362100480801
5OTU,0.4917362100480801
5OTV,0.4917362100480801
5OTW,0.4917362100480801
5OTX,0.4917362100480801
2GTW,0.491685747443235
2GTZ,0.491685747443235
5U59,0.4916195126351184
1JWG,0.4913961258739215
5UZW,0.4913961258739215
6N7Q,0.4913961258739215
6RJP,0.4912625794405973
1F13,0.4911326857397577
5A0O,0.4911326857397577
4BTB,0.4909046961133491
1ZKK,0.490759769201359
2R9B,0.490759769201359
3UIG,0.490759769201359
5IGQ,0.490759769201359
7LVS,0.490759769201359
4X5K,0.4904904804724077
8CKY,0.4903661608835677
8CKZ,0.4903661608835677
8CL1,0.4903661608835677
8CL2,0.4903661608835677
8CL3,0.4903661608835677
8CL4,0.4903661608835677
1ZGO,0.49013964924140135
1ZGP,0.49013964924140135
1ZGQ,0.49013964924140135
2V83,0.4899348006254154
2V85,0.4899348006254154
2V86,0.4899348006254154
2V87,0.4899348006254154
2V88,0.4899348006254154
4GS0,0.4899348006254154
5B62,0.4899348006254154
7OXN,0.4899348006254154
2GTB,0.48979004262591014
1D8T,0.4897473922234888
1F3J,0.4888155020446434
3DRO,0.48857209915399336
6X20,0.4884998890667256
6X22,0.4884998890667256
6X23,0.4884998890667256
4Y6O,0.488475143387697
3I5S,0.4882907754104975
2IUH,0.4881837271232321
3C3G,0.4878816693722224
3KWW,0.4878816693722224
4JOR,0.48786275117392064
4QT7,0.4878192562090751
6ZKW,0.4877879651712591
6ZKX,0.4877879651712591
6ZKY,0.4877879651712591
6ZKZ,0.4877879651712591
7NDQ,0.4877879651712591
7NDT,0.4877879651712591
7NDU,0.4877879651712591
3CVA,0.48771769757756694
1N7E,0.4874908058823097
3ABN,0.4874908058823097
4HVU,0.4874450517129795
4HVV,0.4874450517129795
4HVW,0.4874450517129795
3C66,0.48740685637734577
5H2B,0.4873121387014735
5YB2,0.4873121387014735
5YB3,0.4873121387014735
5YB4,0.4873121387014735
2H9M,0.4868994432728956
2H9N,0.4868994432728956
2H9P,0.4868994432728956
2O9K,0.4868994432728956
3NJW,0.4867894812452668
3WSZ,0.4867894812452668
1KPR,0.48676680474417744
1KTL,0.48676680474417744
3RA3,0.48676680474417744
3CBX,0.4867563321701175
3CBY,0.4867563321701175
3CBZ,0.4867563321701175
3CC0,0.4867563321701175
5N7B,0.4865466695483137
6FRJ,0.4865466695483137
5DX3,0.48651162020771
5DXB,0.48651162020771
5DXE,0.48651162020771
5HYR,0.48651162020771
1G6G,0.4862924140305129
2QRI,0.4862924140305129
2QRS,0.4862924140305129
6Q0U,0.48623253455463816
5VSG,0.48600796540604746
6OX0,0.48600796540604746
2IY0,0.4860043760157447
2IY1,0.4860043760157447
1YGU,0.48515187470477267
3MOQ,0.48515187470477267
6PXU,0.48515187470477267
6QSZ,0.48515187470477267
6QTM,0.48515187470477267
6RR0,0.48515187470477267
3VCL,0.48513358992828903
4Q65,0.48511872562962344
1BZ9,0.48497219404902736
2X4U,0.48497219404902736
3UIK,0.48497219404902736
4HTP,0.48497219404902736
5IGO,0.48497219404902736
3BEB,0.4847559016121937
3BEC,0.4847559016121937
2P8M,0.4847065791666213
4BT9,0.48469695115498557
4BTA,0.48469695115498557
4MI8,0.48454695686845034
6U2D,0.4844051126093085
6XFU,0.4844051126093085
7S4A,0.48420115078386794
4JRX,0.4839208827434023
4JRY,0.4839208827434023
1EI8,0.48375543296450446
3PWP,0.48375543296450446
4HFZ,0.4835374091747012
1WBP,0.4834535863541009
4M91,0.4834535863541009
4M92,0.4834535863541009
4X3O,0.4834535863541009
4X3P,0.4834535863541009
6QZA,0.4834535863541009
6QZD,0.4834535863541009
6V0N,0.4834535863541009
7LIB,0.4833193431567767
3C3F,0.48319958420502734
4GW1,0.48311107406297277
4GW5,0.48311107406297277
4HJG,0.48311107406297277
4HKZ,0.48311107406297277
4IOI,0.48311107406297277
3QNW,0.4830438468940077
1U3H,0.4829741704940125
3TWS,0.4826107552828858
3TWT,0.4826107552828858
3TWV,0.4826107552828858
3TWW,0.4826107552828858
3TWX,0.4826107552828858
7M6T,0.4826107552828858
6LZ4,0.4825985513558563
6WK1,0.4825985513558563
1LT9,0.4825608838717376
1FVA,0.48249982200846914
4ETO,0.48249745723368137
6L66,0.48249745723368137
1YTG,0.4824377044421703
1YTH,0.4824377044421703
1YTI,0.4824377044421703
1YTJ,0.4824377044421703
6BQB,0.4824377044421703
1J2A,0.4823051081415733
1V9T,0.4823051081415733
1VAI,0.4823051081415733
4BZY,0.4823051081415733
2OQ1,0.48207099543758936
5YD8,0.4819240204617206
2F58,0.4818388674553022
4ZHL,0.48134040671254835
4ZHM,0.48134040671254835
5JJY,0.48118906112613447
5JLB,0.48118906112613447
3CYY,0.48082687053052287
1T2W,0.4805068658279993
2G6Q,0.4805068658279993
7UGB,0.4805068658279993
1C09,0.4804372738842465
7Y65,0.48022347290656414
3C0J,0.47998492624985317
2QRT,0.4799754249225811
3H91,0.4797637353509592
4CQO,0.4797637353509592
4B9W,0.47974346585277877
2X4O,0.47959309151315266
3BFQ,0.47959309151315266
3BFW,0.47959309151315266
3UIJ,0.47959309151315266
4IB5,0.47959309151315266
4JDH,0.47959309151315266
4JDI,0.47959309151315266
3QDG,0.4794538231694046
3QDJ,0.4794538231694046
3QEQ,0.4794538231694046
7RTD,0.47936434178056225
7DC6,0.47935253902068425
1P9I,0.4793460147759574
1S7Q,0.4790874942179145
1S7R,0.4790874942179145
1S7S,0.4790874942179145
1S7T,0.4790874942179145
1S7U,0.4790874942179145
1S7V,0.4790874942179145
1S7W,0.4790874942179145
1S7X,0.4790874942179145
1KTR,0.47881630522350876
3C3H,0.47881630522350876
3TV9,0.4780473733644099
4WYU,0.47779731954466936
6OBD,0.47779731954466936
3G7L,0.47773370288006767
2FOJ,0.47747121287863104
2FOO,0.47747121287863104
2FOP,0.47747121287863104
1KC2,0.477278863786523
4DRW,0.4772218558228905
6ZFL,0.477080264932476
6NIV,0.47687651424764144
1CWD,0.47679193132085934
1CWE,0.47679193132085934
2A5A,0.4767429044721354
1ICJ,0.4766273683325069
1Y6H,0.4766273683325069
3DRG,0.4766273683325069
3DRH,0.4766273683325069
3DRK,0.4766273683325069
6ZT1,0.4766273683325069
3BUY,0.4766043540064479
6UC5,0.4766043540064479
7SG5,0.47630499885519567
7SG6,0.47630499885519567
6I0I,0.4759129107497679
2V7D,0.47584120739995467
7Q16,0.47584120739995467
4F7P,0.4758409962593486
7MGV,0.4758409962593486
3QDM,0.4758134212961989
1QS7,0.4755171065696737
1QTX,0.4755171065696737
3GP2,0.4755171065696737
4WXK,0.4755171065696737
4ZTA,0.4755171065696737
4ZTG,0.4755171065696737
4ZTI,0.4755171065696737
5HGW,0.4755171065696737
5J46,0.4755171065696737
5KOB,0.4755171065696737
5LX2,0.4755171065696737
5Z93,0.4755171065696737
5Z94,0.4755171065696737
5ZGC,0.4755171065696737
6IWE,0.4755171065696737
6JNR,0.4755171065696737
6MEW,0.4755171065696737
6UZM,0.4755171065696737
6UZN,0.4755171065696737
6UZO,0.4755171065696737
6UZP,0.4755171065696737
6UZQ,0.4755171065696737
6UZS,0.4755171065696737
6VB0,0.4755171065696737
6VB1,0.4755171065696737
6VB2,0.4755171065696737
6VB3,0.4755171065696737
6VB4,0.4755171065696737
6VB5,0.4755171065696737
6VB6,0.4755171065696737
6VB7,0.4755171065696737
6VIU,0.4755171065696737
7LXP,0.4755171065696737
7LXQ,0.4755171065696737
7UFN,0.4755171065696737
7UFO,0.4755171065696737
7UFQ,0.4755171065696737
8FZM,0.4755171065696737
2XQQ,0.47513954493794197
3ESK,0.47458259824731336
4AUO,0.47458259824731336
6J8F,0.47458259824731336
5E9D,0.4745806135256166
5OGL,0.4745806135256166
6XKB,0.4745806135256166
1L5A,0.47457738307434405
3ODU,0.47457738307434405
3OE6,0.47457738307434405
3OE8,0.47457738307434405
3OE9,0.47457738307434405
3F58,0.47433294559472444
6A22,0.4741897078075827
4O4Y,0.4739852392446876
6N87,0.4739852392446876
7E9S,0.4739852392446876
3NTW,0.47397620242674876
6OX5,0.47397620242674876
3VNX,0.4736830970374355
8HK0,0.4736830970374355
6DYM,0.4732388149741931
6DYN,0.4732388149741931
6DYO,0.4732388149741931
6DYR,0.4732388149741931
6DYS,0.4732388149741931
1H24,0.4731705321021978
1H26,0.4731705321021978
1H27,0.4731705321021978
1H28,0.4731705321021978
7ROV,0.4731705321021978
1YP1,0.473061794690084
6EHJ,0.472918894727912
4HAN,0.4728591419364009
6HV2,0.4728591419364009
6V0O,0.4728591419364009
7N1C,0.4728591419364009
7N1D,0.4728591419364009
7Q4Y,0.4728591419364009
7Q50,0.4728591419364009
7Q51,0.4728591419364009
1QSC,0.47278916993955716
6DG2,0.47267409830926205
1NLU,0.4722157120535358
1Z69,0.47206770248869745
7WBG,0.47195626247682626
7WBI,0.47195626247682626
6M24,0.47194384740919076
6M2J,0.47194384740919076
6M2K,0.47194384740919076
1W5D,0.47175724134156716
3MEY,0.47175724134156716
3MF1,0.47175724134156716
3MF2,0.47175724134156716
1JYR,0.4717399700399925
1OUV,0.47143157807080155
6T7V,0.47130037529820445
4F7M,0.47115895332027474
4F7T,0.47115895332027474
1B44,0.4705778099161932
7UOA,0.4703043828313634
3FP6,0.4700503384541687
3FP7,0.4700503384541687
3FP8,0.4700503384541687
2YKT,0.4698985705865427
3DNJ,0.4698985705865427
4JDJ,0.4698985705865427
4JDK,0.4698985705865427
4TJX,0.4695969773448664
6WK2,0.4695969773448664
4REY,0.4689915949992108
7W5M,0.4689892724525443
2VE6,0.4689727612571515
1CA9,0.46879510755122417
2XA0,0.4687088777277149
6X1S,0.4687088777277149
6X1U,0.4687088777277149
6X1V,0.4687088777277149
6X1W,0.4687088777277149
3FDT,0.4685970998908741
2OX5,0.46802359977673147
2OXG,0.46802359977673147
2OXH,0.46802359977673147
6A1K,0.46802359977673147
1SLF,0.4679442531369793
3RWC,0.4679442531369793
3RWD,0.4679442531369793
3RWE,0.4679442531369793
3RWF,0.4679442531369793
3RWG,0.4679442531369793
3RWH,0.4679442531369793
3RWI,0.4679442531369793
3RWJ,0.4679442531369793
1SPJ,0.46781212134571565
1ZHG,0.46781212134571565
4YRW,0.4676342564991824
4YSW,0.4676342564991824
4YTY,0.4676342564991824
4YTZ,0.4676342564991824
5OL0,0.4673616317486556
3FN0,0.46719812446333336
1LTR,0.46671228992882113
3LL8,0.46670342202336723
1HR9,0.4664131881462961
6F6D,0.4664131881462961
1OHE,0.46628202760182025
4O6W,0.46628202760182025
3D32,0.4658597463897279
5AIR,0.4652578267500115
4FVT,0.46519372446201585
7RXQ,0.46492582926106446
6UUN,0.46485454819246325
6UUS,0.46485454819246325
4YM4,0.46479576664774
3P8M,0.4647479644145312
7NXE,0.4647479644145312
3DKS,0.4645391463551515
7R2T,0.4644036785423123
1BZH,0.46398148178646237
6WI9,0.4638682681935004
6WZG,0.4638682681935004
7VQX,0.4638682681935004
7WBJ,0.4638682681935004
7X9A,0.4638682681935004
7X9B,0.4638682681935004
7X9C,0.4638682681935004
1SN1,0.4638374838931389
1SN4,0.4638374838931389
7RAQ,0.46380940219253475
7VYW,0.46380940219253475
4IB3,0.463584621903338
4R3L,0.463584621903338
4U1H,0.463584621903338
4U1I,0.463584621903338
4U1J,0.463584621903338
4U1K,0.463584621903338
4U1L,0.463584621903338
4U1M,0.463584621903338
4U1N,0.463584621903338
4U1S,0.463584621903338
4TR6,0.463547081103583
4TR7,0.463547081103583
4TR8,0.463547081103583
4TSZ,0.463547081103583
6PJ4,0.463547081103583
6PJ5,0.463547081103583
6PJ7,0.463547081103583
6PJ8,0.463547081103583
6PJ9,0.463547081103583
6PJA,0.463547081103583
6PJP,0.463547081103583
6PJQ,0.463547081103583
6PJR,0.463547081103583
6PJU,0.463547081103583
1OYX,0.46346055568322525
1OZ2,0.46346055568322525
1OZ3,0.46346055568322525
3VA4,0.4634601756301344
7SJS,0.4634160050153495
4DZK,0.4633504669712328
4DZL,0.4633504669712328
4DZM,0.4633504669712328
4DZN,0.4633504669712328
8CL0,0.46326073221366315
4O3U,0.4632575228764513
6BHD,0.4632575228764513
6BHE,0.4632575228764513
6BHG,0.4632575228764513
6BHH,0.4632575228764513
6BHI,0.4632575228764513
6UJO,0.4632575228764513
6UJQ,0.4632575228764513
7N1A,0.4632575228764513
7N1B,0.4632575228764513
7O76,0.4632575228764513
8IA4,0.4632575228764513
2Q3C,0.46270028058897417
3CWW,0.46232926431602983
4FSC,0.46232926431602983
4L3E,0.4622361513087635
5MMT,0.4618239626176402
1F58,0.46167016780019615
1QC6,0.4616529387267428
4HU7,0.4614732158428763
4HU9,0.4614732158428763
4HUA,0.4614732158428763
5JM4,0.4614029904773053
7ZIT,0.4609985295323633
1NX0,0.4606686012213555
1NX1,0.4606686012213555
1NX2,0.4606686012213555
1NX3,0.4606686012213555
6OW2,0.4605013145191851
6OW7,0.4605013145191851
3VQU,0.4604765899542171
7O2Z,0.46016895809120784
7O30,0.46016895809120784
7O33,0.46016895809120784
5JEX,0.46010118195666705
5JEY,0.46010118195666705
5JEZ,0.46010118195666705
5JF0,0.46010118195666705
5JF1,0.46010118195666705
5JF2,0.46010118195666705
5JF3,0.46010118195666705
5JF4,0.46010118195666705
5JF5,0.46010118195666705
5JF6,0.46010118195666705
5JF7,0.46010118195666705
5JF8,0.46010118195666705
1O6P,0.46009353866672814
3ZKE,0.46009353866672814
3ZRJ,0.46009353866672814
6M80,0.46009353866672814
7XKC,0.46009353866672814
4O51,0.4599073971084378
6A0F,0.4599073971084378
6A0H,0.4599073971084378
7JWI,0.4597857801193553
7JWJ,0.4597857801193553
1Q5Q,0.45917516148666976
1Q5R,0.45917516148666976
6UVA,0.45906697304013167
1TN7,0.45900819149540845
5JIU,0.45900819149540845
4IB1,0.45890253673614295
7X1U,0.45881368876911865
4ZUS,0.458797810995544
4ZUT,0.458797810995544
4ZUU,0.458797810995544
4ZUV,0.458797810995544
4ZUW,0.458797810995544
4E9A,0.4587819332219693
4E9B,0.4587819332219693
4NTP,0.45863291018222196
4NTR,0.45863291018222196
4NW8,0.45863291018222196
4NW9,0.45863291018222196
1LK6,0.45843029965666005
2JF1,0.45843029965666005
3AXA,0.45843029965666005
1B8Y,0.45840356925593456
1CAQ,0.45840356925593456
1CIZ,0.45840356925593456
4C78,0.4579612719143891
6JN1,0.4579612719143891
7MFR,0.4579612719143891
5DMK,0.4578675677134258
1JYQ,0.45764633458641063
4HKC,0.45764633458641063
6V63,0.45764633458641063
2X4S,0.45753747048993315
5ONR,0.45720061676704715
7TOW,0.45720061676704715
6PXB,0.45701016794039345
2O5G,0.45687871179906914
6LUO,0.4568393974182234
6LUP,0.4568393974182234
6A5A,0.4566885163411427
6A5B,0.4566885163411427
6A5C,0.4566885163411427
3ID4,0.4566804507699918
5UY9,0.4566804507699918
1HXY,0.45667871941702226
1V3Y,0.45651571886915454
1W8L,0.45651571886915454
1W8M,0.45651571886915454
1W8V,0.45651571886915454
4Z1R,0.45651571886915454
5AUM,0.45651571886915454
5BXO,0.45651571886915454
5BXU,0.45651571886915454
5TSV,0.45651571886915454
5TSX,0.45651571886915454
5VS7,0.45651571886915454
5X2I,0.45651571886915454
5ZUT,0.45651571886915454
6JAT,0.45651571886915454
6KO2,0.45651571886915454
7A9B,0.45651571886915454
7ATR,0.45651571886915454
7KQK,0.45651571886915454
7P5U,0.45651571886915454
7QNS,0.45651571886915454
7QO2,0.45651571886915454
8HDG,0.45651571886915454
7KEV,0.4558808612948949
7UCX,0.4558808612948949
7WNS,0.4558808612948949
3BO8,0.45570726148860374
6UBH,0.45570726148860374
7LUL,0.45570726148860374
1KIG,0.45525808096330117
7XZ4,0.45525808096330117
6JBK,0.45510479288331157
8BBH,0.455000531652046
5Y5W,0.45489559477084107
6IZI,0.4547652365606682
3QLA,0.45451537276747317
4NM0,0.45451537276747317
5TDD,0.45451537276747317
6I2G,0.45451537276747317
6VJ8,0.45451537276747317
6VJ9,0.45451537276747317
7RAJ,0.45451537276747317
1H25,0.4543814251669974
1HR8,0.4543814251669974
4I9C,0.4543814251669974
7K7R,0.45413776890762014
1MIL,0.45399410883926633
4UV4,0.45399410883926633
3T1U,0.45366654530304634
1TN8,0.4536290889595337
2YLE,0.4536290889595337
8GVB,0.4536290889595337
8GVI,0.4536290889595337
1IIC,0.45356241075614434
1IID,0.45356241075614434
6RXJ,0.4535258412031771
6RXK,0.4535258412031771
6RXL,0.4535258412031771
6K1Q,0.45352415207832875
3MAZ,0.45341782166912387
1DDW,0.453003901625031
6G3J,0.452889463416554
6G3K,0.452889463416554
4TTK,0.45278228844492496
4TTL,0.45278228844492496
4TTM,0.45278228844492496
4TTN,0.45278228844492496
4TTO,0.45278228844492496
6NCP,0.45278228844492496
6PT3,0.45278228844492496
7S82,0.452756655975351
7XMS,0.45241579058095
7XMT,0.45241579058095
1A6R,0.45223112700690205
3GCB,0.45223112700690205
7RTR,0.4519296182214681
6WZX,0.4518289886086265
6WZZ,0.4518289886086265
3U23,0.4517229960243913
2W73,0.45140210453132235
5NI9,0.45140210453132235
4AY6,0.4508321938074825
3DTX,0.45074849767124575
3HCV,0.45074849767124575
6JCU,0.4507215139017931
6JH8,0.4507215139017931
6KZQ,0.4504919618348997
2X4N,0.4504626132906593
4IB0,0.4504069988550267
3SOB,0.45037689020460453
4PWV,0.45037689020460453
4PXH,0.45037689020460453
7OYM,0.45019729400510167
7OYN,0.45019729400510167
7OYO,0.45019729400510167
7OYP,0.45019729400510167
7OYQ,0.45019729400510167
7OYR,0.45019729400510167
3V49,0.44996824867566276
3V4A,0.44996824867566276
4JMG,0.44996824867566276
4JMH,0.44996824867566276
6JN0,0.44996824867566276
7TLS,0.44996824867566276
7TLU,0.44996824867566276
7TM1,0.44996824867566276
7TM2,0.44996824867566276
7TMA,0.44996824867566276
7TME,0.44996824867566276
7TMH,0.44996824867566276
7TMI,0.44996824867566276
7TMJ,0.44996824867566276
7TMK,0.44996824867566276
7TML,0.44996824867566276
7YF6,0.44996824867566276
6JEV,0.44971644238889213
6DQL,0.4494462668693954
3FDM,0.44943043132394195
4TRP,0.44942468829945753
4TUJ,0.44942468829945753
4TUK,0.44942468829945753
4TUL,0.44942468829945753
5CRW,0.449338205107221
5TXD,0.4492040041380181
6B9L,0.4492040041380181
4Y7P,0.44900840348057686
1WKW,0.44877682446386546
3EWT,0.44875228992544286
3EWV,0.44875228992544286
6LDV,0.44875228992544286
6LDX,0.44875228992544286
6LDY,0.44875228992544286
8DKN,0.44875228992544286
6PI7,0.44873577873005005
7MX1,0.44862788588036046
1NRL,0.4486166109719976
1TNU,0.4486166109719976
8GVG,0.4486166109719976
1HH6,0.4485226956304283
1HH9,0.4485226956304283
4WCI,0.44847759599697684
2Y8R,0.44830382727820084
2Y8S,0.44830382727820084
2Y8T,0.44830382727820084
6FY0,0.44828917412014124
4OEA,0.44801849186319
4OGH,0.44801849186319
4OJB,0.44801849186319
5H0I,0.44793834288913487
5ONB,0.44793834288913487
6YR5,0.44793834288913487
6YR6,0.44793834288913487
7USO,0.44793834288913487
7USQ,0.44793834288913487
6AAW,0.4476835806338796
2FKA,0.4476144531994601
2FLK,0.4476144531994601
2FLW,0.4476144531994601
2FMF,0.4476144531994601
2FMH,0.4476144531994601
2FMI,0.4476144531994601
2FMK,0.4476144531994601
1I1N,0.44746572575656113
1QSR,0.4473356209151155
1QST,0.4473356209151155
6JOD,0.4473356209151155
6J45,0.447259230243848
6ACE,0.447138753414038
6ACL,0.447138753414038
6ACO,0.447138753414038
6ACP,0.447138753414038
1S9Z,0.44703618130762085
3D4B,0.4469048940787813
1H9O,0.44674822774909506
6JH9,0.4466092972303166
1N4R,0.44652239175686803
2BCX,0.44652239175686803
2HQW,0.44652239175686803
2HU2,0.44652239175686803
3QL9,0.44652239175686803
4BEA,0.44652239175686803
4ZUH,0.44652239175686803
5T0K,0.44652239175686803
7AR4,0.44652239175686803
7U8T,0.44652239175686803
6QTO,0.4462052163384655
6QTQ,0.4462052163384655
6QTR,0.4462052163384655
6QTS,0.4462052163384655
6QTT,0.4462052163384655
6QTU,0.4462052163384655
6QTV,0.4462052163384655
6QTW,0.4462052163384655
6QTX,0.4462052163384655
5BWN,0.4461895074773756
5BWO,0.4461895074773756
5B4W,0.44600040995060075
6CI2,0.44600040995060075
6CI4,0.44600040995060075
6CI5,0.44600040995060075
6EDK,0.44600040995060075
6M5D,0.44600040995060075
7S5G,0.44600040995060075
7F8V,0.44561452937899076
7F8W,0.44561452937899076
7LQE,0.44561452937899076
7LQF,0.44561452937899076
7LQG,0.44561452937899076
7LQH,0.44561452937899076
7LQI,0.44561452937899076
7STF,0.44561452937899076
4BT8,0.4448547610221941
2HJK,0.44465861139917723
2HJL,0.44465861139917723
6P6A,0.44465861139917723
6P6E,0.44465861139917723
7EYC,0.44465861139917723
7MMY,0.44465861139917723
5VXR,0.4446476320876629
5LYN,0.4445879637523943
1H6E,0.4445406260285187
3KZE,0.4445406260285187
6IRL,0.4445406260285187
6KX9,0.4445406260285187
5GJH,0.44452424151748954
5V63,0.4445059145128847
5V64,0.4445059145128847
5V65,0.4445059145128847
4P5H,0.44435245752041036
4E0R,0.4442071927834506
4G42,0.4442071927834506
4G43,0.4442071927834506
1N59,0.44412484794709256
1N5A,0.44412484794709256
1TNB,0.4439345680329238
1TNO,0.4439345680329238
4Z2V,0.4435433244899202
5GH9,0.4435433244899202
4LKX,0.44314445877103836
1MI5,0.4431070235415864
5ONP,0.4431070235415864
5ONQ,0.4431070235415864
6GHX,0.4431070235415864
6ZH5,0.4430621350487409
6ZLG,0.4430621350487409
6ZLQ,0.4430621350487409
7N2Y,0.44290105588038836
1BW8,0.44286383179154243
1BXX,0.44286383179154243
2JF9,0.4426319571779825
2JFA,0.4426319571779825
3C5L,0.4426319571779825
4C7B,0.4426319571779825
5HQ8,0.4426319571779825
5VGE,0.4426319571779825
4EOY,0.4417498539540428
5FYQ,0.4417498539540428
5WJL,0.4417498539540428
5WLG,0.4417498539540428
5WLI,0.4417498539540428
6L03,0.4417498539540428
4OKF,0.4416373160110202
6J4A,0.4416373160110202
3E6F,0.4412342908221993
3E6H,0.4412342908221993
6LO2,0.4411863619046268
1KJM,0.4404104201774071
1KJV,0.4404104201774071
3DDA,0.44023546907123723
3DDB,0.44023546907123723
6V62,0.44023546907123723
5OQZ,0.4400793517071267
4NIZ,0.4400166851752522
4NJ0,0.4400166851752522
4NJ1,0.4400166851752522
4NJ2,0.4400166851752522
2YMT,0.43994527742228734
4ZTD,0.43994527742228734
5HPE,0.43994527742228734
5ONA,0.43994527742228734
5YBU,0.43994527742228734
5YBV,0.43994527742228734
6OI3,0.43994527742228734
6YR7,0.43994527742228734
8D47,0.43994527742228734
5WHI,0.439698580738183
1LCK,0.439551246823284
7TL7,0.439551246823284
7TL8,0.439551246823284
1TSU,0.4395281902691038
7N2Z,0.43946657944025946
6VBX,0.43943216352147396
2F69,0.43918605803106653
3O2B,0.43918605803106653
3O2H,0.43918605803106653
4HRE,0.43918605803106653
4L8B,0.43918605803106653
4L8C,0.43918605803106653
4L8D,0.43918605803106653
4XI9,0.43918605803106653
5C1D,0.43918605803106653
5UWH,0.43918605803106653
5UWI,0.43918605803106653
5UWJ,0.43918605803106653
5UWP,0.43918605803106653
5UWQ,0.43918605803106653
5UWS,0.43918605803106653
5UWU,0.43918605803106653
6VR1,0.43918605803106653
6VR5,0.43918605803106653
7BED,0.43918605803106653
7KRU,0.43918605803106653
7NPQ,0.43918605803106653
7YTA,0.43918605803106653
8COB,0.43918605803106653
6LDW,0.4391507130936144
8DDH,0.4391507130936144
8DKV,0.4391507130936144
2ZWL,0.43914568794719056
3C9Q,0.43914568794719056
4IFJ,0.43914568794719056
4IFL,0.43914568794719056
4IFN,0.43914568794719056
4TQE,0.43914568794719056
5C11,0.43914568794719056
5C13,0.43914568794719056
5CP0,0.43914568794719056
5DWS,0.43914568794719056
5I2B,0.43914568794719056
5T1G,0.43914568794719056
6ATM,0.43914568794719056
6ATY,0.43914568794719056
6CBR,0.43914568794719056
6CBS,0.43914568794719056
6CBT,0.43914568794719056
6EI2,0.43914568794719056
6IKT,0.43914568794719056
6IKY,0.43914568794719056
6IL0,0.43914568794719056
6IL2,0.43914568794719056
6KZG,0.43914568794719056
6KZH,0.43914568794719056
6L9F,0.43914568794719056
6PU1,0.43914568794719056
6WNX,0.43914568794719056
6Y26,0.43914568794719056
6Y27,0.43914568794719056
6Y28,0.43914568794719056
6Y29,0.43914568794719056
6Y2A,0.43914568794719056
6Y2B,0.43914568794719056
7KFA,0.43914568794719056
7Q4S,0.43913728455106993
6SK2,0.4388004308281838
7BDU,0.43860951749219684
7BEE,0.43860951749219684
2YQ8,0.43853777191426235
1EFR,0.4385349848582626
4YY6,0.4385349848582626
4YYD,0.4385349848582626
4YYG,0.4385349848582626
4YYH,0.4385349848582626
4YYI,0.4385349848582626
4YYJ,0.4385349848582626
4YYK,0.4385349848582626
3BZE,0.4382135443996179
3BZF,0.4382135443996179
5TB7,0.4376980657240168
5UE6,0.4376980657240168
3T6B,0.4368627723724375
3T6J,0.4368627723724375
6FKY,0.4368627723724375
6FKZ,0.4368627723724375
3POS,0.43680240727316894
3POW,0.43680240727316894
2GIT,0.43637467863344054
1XOD,0.4363414873301701
3P87,0.43591646129019923
6OV7,0.43591646129019923
7QHP,0.43591646129019923
7RLV,0.43591646129019923
7RLW,0.43591646129019923
7RLX,0.43591646129019923
7RLY,0.43591646129019923
7RLZ,0.43591646129019923
7RM1,0.43591646129019923
8F8Y,0.43591646129019923
3AX3,0.4356984375003959
3AX5,0.4356984375003959
3IQO,0.4354435907888982
3IQQ,0.4354435907888982
1TNZ,0.43543898792368635
4YIZ,0.43522299108370116
6CEZ,0.43522299108370116
1A3B,0.43427822132788696
1A3E,0.43427822132788696
4Z2P,0.4339417054299705
5IC4,0.4339297548716683
5IC6,0.4339297548716683
1ED3,0.4338909894563982
3OQH,0.43377408090283043
3OQI,0.43377408090283043
3OQJ,0.43377408090283043
3S7T,0.43377408090283043
3UPR,0.43377408090283043
2FYS,0.43375674625907407
4DJS,0.43375674625907407
5EX0,0.43375674625907407
5EX3,0.43375674625907407
7ZX4,0.43375674625907407
6R4Y,0.4332491642421391
6R4Z,0.4332491642421391
2QLD,0.4332348489090492
4KVT,0.4332348489090492
4KVU,0.4332348489090492
4KVV,0.4332348489090492
6AT6,0.4332348489090492
6AVF,0.4332348489090492
6AVG,0.4332348489090492
2WUH,0.43318793346638573
6RXM,0.43318793346638573
6RXO,0.43318793346638573
6RXP,0.43318793346638573
6MRQ,0.43312150863172355
1WTG,0.43287510754446773
5KWN,0.43265653478908866
1YBO,0.4326089859246071
3ZHF,0.4326089859246071
5FRQ,0.4326089859246071
6H1E,0.4326089859246071
6JQ2,0.4326089859246071
6JQ3,0.4326089859246071
6JTN,0.4326089859246071
6JTP,0.4326089859246071
7USP,0.4326089859246071
1MQS,0.4324286718470437
1N4Q,0.4324286718470437
1N4S,0.4324286718470437
1UPK,0.4324286718470437
3BU3,0.4324286718470437
3QLC,0.4324286718470437
4H75,0.4324286718470437
4XIF,0.4324286718470437
5HYN,0.4324286718470437
5UWR,0.4324286718470437
5UWT,0.4324286718470437
5UWW,0.4324286718470437
6XS5,0.4324286718470437
6XS7,0.4324286718470437
6XS9,0.4324286718470437
6XSA,0.4324286718470437
7KRW,0.4324286718470437
7N1E,0.4324286718470437
7N1F,0.4324286718470437
7Q5A,0.4321090894257322
7UFG,0.4321090894257322
8D8O,0.4321090894257322
6NCA,0.43206251180803834
6CAZ,0.4320357391791917
6Q3K,0.4318093964495102
4WPH,0.43132195724639205
4WPI,0.43132195724639205
1CDK,0.43110156868180105
3GO1,0.4310752183341665
6FLG,0.4310752183341665
4K4J,0.4308122638233966
4K6I,0.4308122638233966
7O31,0.4308122638233966
7D35,0.43078534339612573
1TJB,0.43061252481007695
2ZL2,0.4305419405054757
4YYM,0.4305419405054757
4YYN,0.4305419405054757
5NIG,0.430540905916506
3WUU,0.4304085629846363
3WUV,0.4304085629846363
6WLY,0.4304085629846363
3FVH,0.42963034093887137
4CC3,0.42963034093887137
4CRI,0.42963034093887137
5V21,0.42963034093887137
5V22,0.42963034093887137
5W7I,0.42963034093887137
6FHU,0.42963034093887137
7AKS,0.42963034093887137
6H8P,0.4294939863354867
5TWH,0.4294848650613055
1G27,0.42909429716824127
7VEG,0.42907719477915157
5TXH,0.42900794066036846
5TXJ,0.42900794066036846
5XTZ,0.42900794066036846
7ZRP,0.42900794066036846
1R6B,0.4286754364339669
1R6C,0.4286754364339669
1R6O,0.4286754364339669
1R6Q,0.4286754364339669
3O41,0.4279234802795941
3O45,0.4279234802795941
3OMH,0.4279234802795941
3WS6,0.4279234802795941
5DAI,0.4279234802795941
6HCS,0.4279234802795941
7RM0,0.4279234802795941
7RM3,0.4279234802795941
8F8Z,0.4279234802795941
6OPJ,0.4277942622286938
3REV,0.4274014984733267
5I55,0.42740040054217526
6RXS,0.42740040054217526
7YAT,0.426493551639207
6WAY,0.4264204758754544
7MGR,0.4264204758754544
8BC6,0.4264204758754544
8BC7,0.4264204758754544
1TSQ,0.4263506094489138
1EG3,0.4261844417919554
1EG4,0.4261844417919554
4OS7,0.4261844417919554
5UWO,0.4261844417919554
5YYZ,0.4261844417919554
6GQ2,0.4261844417919554
6GQ5,0.4261844417919554
6GQC,0.4261844417919554
6GY5,0.4261844417919554
6UBI,0.4261844417919554
6UCE,0.4261844417919554
6UCF,0.4261844417919554
6UK4,0.4261844417919554
6XRP,0.4261844417919554
6XS8,0.4261844417919554
7AZX,0.4261844417919554
7BPH,0.4261844417919554
7E5E,0.4261844417919554
7LKB,0.4261844417919554
7LKG,0.4261844417919554
7RCS,0.4261844417919554
7RD3,0.4261844417919554
7RD4,0.4261844417919554
7RD9,0.4261844417919554
7RDA,0.4261844417919554
7RZD,0.4261844417919554
7S79,0.4261844417919554
7S7D,0.4261844417919554
8DGQ,0.4261844417919554
5NIN,0.4258516419687054
5YPO,0.4258516419687054
6ASZ,0.4258516419687054
3MLR,0.42569611579829186
3MLT,0.42569611579829186
3MLU,0.42569611579829186
3MLV,0.42569611579829186
3MLX,0.42569611579829186
3MLY,0.42569611579829186
3MLZ,0.42569611579829186
1B0H,0.4252538606848675
1B1H,0.4252538606848675
1B2H,0.4252538606848675
1B3H,0.4252538606848675
1B6H,0.4252538606848675
1B7H,0.4252538606848675
4Z2O,0.4251995553209924
1TNY,0.4244986107370403
8CZK,0.42432813581171863
6UQK,0.42403313015695093
3CB8,0.4238428080146609
4HON,0.4238428080146609
7TIK,0.42373740662412274
8FA1,0.42373740662412274
8FA2,0.42373740662412274
7YAC,0.42341672627165977
7YAE,0.42341672627165977
4HPT,0.4233062997346976
4HPU,0.4233062997346976
4OLR,0.42321270110403736
4ONK,0.42321270110403736
5U89,0.42321270110403736
7NTY,0.42321270110403736
7NTZ,0.42321270110403736
7NU0,0.42321270110403736
7NU1,0.42321270110403736
7NU2,0.42321270110403736
7NU3,0.42321270110403736
7NU4,0.42321270110403736
7NU5,0.42321270110403736
7NU6,0.42321270110403736
7NU7,0.42321270110403736
7NU8,0.42321270110403736
7NU9,0.42321270110403736
7NUA,0.42321270110403736
7NUB,0.42321270110403736
7NUC,0.42321270110403736
1HDT,0.4232056278937348
2BIL,0.4232056278937348
2OS0,0.4232056278937348
2OS1,0.4232056278937348
2OS3,0.4232056278937348
2ZL4,0.4232056278937348
3I1H,0.4232056278937348
3U04,0.4232056278937348
4GWB,0.4232056278937348
4OAJ,0.4232056278937348
4ROF,0.4232056278937348
4US6,0.4232056278937348
4WXL,0.4232056278937348
4X3G,0.4232056278937348
5BWL,0.4232056278937348
5C7Z,0.4232056278937348
5CPD,0.4232056278937348
5DZD,0.4232056278937348
5E5D,0.4232056278937348
6AMT,0.4232056278937348
6APN,0.4232056278937348
6BPI,0.4232056278937348
6TDB,0.4232056278937348
6TJT,0.4232056278937348
6WJQ,0.4232056278937348
2GJ6,0.42298283232623485
7D3D,0.42268271706880084
4G9J,0.42261950157135064
6WLX,0.4224155186318494
6IP4,0.4220212980063006
2P1L,0.42176767591031794
1MD9,0.4210996692609091
1MDB,0.4210996692609091
1MDF,0.4210996692609091
5GR9,0.4210996692609091
7R7V,0.4210620440049116
7R7W,0.4210620440049116
7R7X,0.4210620440049116
7R7Y,0.4210620440049116
7R7Z,0.4210620440049116
7R80,0.4210620440049116
1ABO,0.4206836378107557
3MLW,0.4206836378107557
3WS3,0.4205871465537926
5WMN,0.4205871465537926
5WMO,0.4205871465537926
5WMP,0.4205871465537926
5WMR,0.4205871465537926
6EH6,0.4205871465537926
6FR9,0.4205871465537926
6FRA,0.4205871465537926
6FRB,0.4205871465537926
6FRC,0.4205871465537926
6FUM,0.4205871465537926
6FUN,0.4205871465537926
6FUO,0.4205871465537926
6FUP,0.4205871465537926
6FUQ,0.4205871465537926
6FUR,0.4205871465537926
7PMW,0.4204038976218051
7PMX,0.4204038976218051
7PMY,0.4204038976218051
7PN1,0.4204038976218051
2GHQ,0.4203969510958662
2NNA,0.4203969510958662
2WAX,0.4203969510958662
2WAY,0.4203969510958662
2WO6,0.4203969510958662
3BU5,0.4203969510958662
3RDT,0.4203969510958662
3TWR,0.4203969510958662
3TWU,0.4203969510958662
3ZZY,0.4203969510958662
3ZZZ,0.4203969510958662
4HRG,0.4203969510958662
4HRH,0.4203969510958662
4OS1,0.4203969510958662
4OS2,0.4203969510958662
4OS4,0.4203969510958662
4OS5,0.4203969510958662
4OS6,0.4203969510958662
5JJM,0.4203969510958662
6UK2,0.4203969510958662
6XRO,0.4203969510958662
6ZHI,0.4203969510958662
7BCY,0.4203969510958662
4MJH,0.4202658327795115
7O1F,0.4202658327795115
7ZRQ,0.4202658327795115
3V56,0.42005452326098053
5T5J,0.41988324600135585
5T5L,0.41988324600135585
5T5O,0.41988324600135585
5T5P,0.41988324600135585
5TWG,0.41988324600135585
5GPI,0.4197994654088767
7UQI,0.41972539728427577
7UQJ,0.41972539728427577
7UQK,0.41972539728427577
1V1T,0.4196074119136171
1W9E,0.4196074119136171
1W9O,0.4196074119136171
1W9Q,0.4196074119136171
4B60,0.4196074119136171
4CC2,0.41846366325066503
6FKP,0.41846366325066503
2XHS,0.4183989275408513
7N8I,0.41745314431012803
7T6E,0.41745314431012803
8DST,0.41745314431012803
8FOF,0.41745314431012803
8IBU,0.41745314431012803
8IBV,0.41745314431012803
5DO6,0.41732044243922806
5DU1,0.41732044243922806
5DZ5,0.41732044243922806
5MTC,0.41732044243922806
5MTD,0.41732044243922806
5L0Y,0.4172065531963267
5VYO,0.4172065531963267
7JWP,0.4172065531963267
7JWQ,0.4172065531963267
5ICN,0.4170088200187645
1B13,0.4167869956980524
1B2J,0.4167869956980524
1B2O,0.4167869956980524
3P7J,0.41668459250412
5NWS,0.41668459250412
1B4H,0.41651179503213176
1B5H,0.41651179503213176
1DS2,0.41624841824014985
1DS3,0.41624841824014985
2SGP,0.41624841824014985
1PFG,0.41621315775894013
7KNQ,0.41582292769084556
3FE7,0.41559172872722505
3FEA,0.41559172872722505
5AUL,0.41558607015898297
5GJI,0.41558607015898297
5Y45,0.41558607015898297
5Y46,0.41558607015898297
6QZR,0.41558607015898297
6QZS,0.41558607015898297
3PN2,0.4155791658611653
3PN3,0.4155791658611653
3PN4,0.4155791658611653
3PN5,0.4155791658611653
3PN6,0.4155791658611653
5OQF,0.4154101900341465
6OKE,0.41530056583148733
5A2P,0.41528316784554914
3DPO,0.4152312272564618
6T3H,0.4152287357973104
5JJ0,0.4150792482482298
2D10,0.41501780633187035
2D11,0.41501780633187035
2GHT,0.41501780633187035
2HWN,0.41501780633187035
3C5Z,0.41501780633187035
3C60,0.41501780633187035
3C6L,0.41501780633187035
4FZ3,0.41501780633187035
4M38,0.41501780633187035
4NM3,0.41501780633187035
5L83,0.41501780633187035
5MTW,0.41501780633187035
5TDC,0.41501780633187035
5ZIA,0.41501780633187035
6LV0,0.41501780633187035
7S8F,0.41501780633187035
4CRM,0.41456258718523475
4CRN,0.41456258718523475
5UIE,0.41456258718523475
5UZ7,0.41456258718523475
6LPB,0.41456258718523475
6P2R,0.41456258718523475
7D90,0.41456258718523475
7LO7,0.41456258718523475
7LO8,0.41456258718523475
7PG9,0.41456258718523475
7T10,0.41456258718523475
7T11,0.41456258718523475
7V1Y,0.41456258718523475
7V1Z,0.41456258718523475
7V21,0.41456258718523475
7V5G,0.41456258718523475
7V5M,0.41456258718523475
7ZLH,0.41456258718523475
7ZLI,0.41456258718523475
2FNX,0.414527917897722
2PV1,0.41382976036976965
2PV2,0.41382976036976965
4EDU,0.41382976036976965
6CIT,0.41382976036976965
6T5F,0.41382976036976965
6T5H,0.41382976036976965
7DE9,0.41382976036976965
5IX1,0.4138198367612855
4QOK,0.4129626903569805
3U7X,0.412272767312664
4M5S,0.412272767312664
4ZQW,0.412272767312664
7EIC,0.412272767312664
7EID,0.412272767312664
5OQG,0.41216474777861084
6WC1,0.41206779201231436
6NIY,0.4120256483473476
2ZN8,0.41182185543439176
2ZN9,0.41182185543439176
2ZND,0.41182185543439176
4NEO,0.4117508277345179
6HNL,0.4117508277345179
6HNM,0.4117508277345179
6HNN,0.4117508277345179
4N39,0.41161827366204207
1XH3,0.4112384739398862
7T5M,0.4112384739398862
4WRQ,0.4111411803486201
6KOG,0.4104471189484252
5U3A,0.41038276329170237
3RBQ,0.4100053705724554
4DAY,0.4098702405845858
5EXK,0.4098702405845858
6LOS,0.4098702405845858
6OCP,0.4098702405845858
2Y5M,0.40974583653950347
2Y6N,0.40974583653950347
5ME6,0.40974583653950347
5ME7,0.40974583653950347
2Y5F,0.4096144648544215
2Y5G,0.4096144648544215
2Y5H,0.4096144648544215
4UU6,0.4096144648544215
3PWU,0.40921287542172174
3PWV,0.40921287542172174
2OXJ,0.4090873312173666
2OXK,0.4090873312173666
2BNQ,0.40907732315264006
2BNR,0.40907732315264006
2BNU,0.40907732315264006
5NP0,0.40895473491676965
5NP1,0.40895473491676965
6B3J,0.40895473491676965
7RMG,0.40895473491676965
7RMH,0.40895473491676965
7RMI,0.40895473491676965
3UVW,0.40876918455217626
3UVX,0.40876918455217626
3UVY,0.40876918455217626
3UW9,0.40876918455217626
5W7J,0.40876918455217626
6S5P,0.40876918455217626
5VUD,0.40869055579048463
5VUE,0.40869055579048463
5VUF,0.40869055579048463
5VVP,0.40869055579048463
5VWD,0.40869055579048463
5VWF,0.40869055579048463
5VWH,0.40869055579048463
5VWJ,0.40869055579048463
1OX1,0.4085258238896475
2B05,0.4085258238896475
2YYR,0.4085258238896475
3K6L,0.4085258238896475
3PFV,0.4085258238896475
4JIF,0.4085258238896475
4NT8,0.4085258238896475
4ROJ,0.4085258238896475
4U1P,0.4085258238896475
5D7F,0.4085258238896475
5GRQ,0.4085258238896475
5IEK,0.4085258238896475
5NAS,0.4085258238896475
5T8Z,0.4085258238896475
5VCP,0.4085258238896475
6AM5,0.4085258238896475
6AMU,0.4085258238896475
6JES,0.4085258238896475
6JF9,0.4085258238896475
6T80,0.4085258238896475
6TKK,0.4085258238896475
7KJM,0.4085258238896475
7KJN,0.4085258238896475
7NUI,0.4085258238896475
7VTJ,0.4085258238896475
8BLV,0.4085258238896475
1TP3,0.4085186873371631
2BP5,0.40844073422541083
4TK1,0.40844073422541083
4TK2,0.40844073422541083
4TK3,0.40844073422541083
5IX2,0.40844073422541083
3A1H,0.40832186206420684
4FJ3,0.40832186206420684
4LOR,0.40832186206420684
3H0X,0.40796427433380705
6ZVB,0.40796427433380705
6ZVC,0.40796427433380705
6ZVD,0.40796427433380705
6ZVE,0.40796427433380705
3ZFW,0.40794345587005093
6RXQ,0.40794345587005093
3DPP,0.4077252631677628
3DPQ,0.4077252631677628
6OYF,0.4076411869784352
6P1J,0.4076411869784352
2Y5T,0.4076313478261935
4FCM,0.4076313478261935
2RF9,0.4075855303146814
2RFD,0.4075855303146814
2RFE,0.4075855303146814
4YO0,0.4075855303146814
5DRZ,0.4075855303146814
5NQF,0.4075855303146814
5NQG,0.4075855303146814
5WMQ,0.4075855303146814
6TTK,0.4075855303146814
4N3A,0.4075060147624444
1XQH,0.40743836531226724
6LF8,0.40736699978742363
7BRD,0.40736699978742363
1D0D,0.40707110734211055
1EJO,0.40702909036150736
7WIC,0.40593829576255164
7WIG,0.40593829576255164
5YLX,0.4055401268076697
4LEB,0.4054489985221002
4LEE,0.4054489985221002
1IHJ,0.40532328540526036
1X9T,0.40532328540526036
5DHG,0.40532328540526036
5DHH,0.40532328540526036
5TDB,0.40532328540526036
6TE4,0.40532328540526036
7E2E,0.4051088510057599
3GJE,0.4050042097214034
3GJF,0.4050042097214034
3HAE,0.4050042097214034
4DMT,0.40493647581498377
5BJT,0.40493647581498377
5OU8,0.40493647581498377
5XZT,0.40493647581498377
6MM5,0.4044165209585344
2W5Z,0.4043858633425365
1PWQ,0.4043485336833876
1PWU,0.4043485336833876
1IX1,0.40433894789987307
5D9E,0.40433894789987307
3CC5,0.4043365831250854
3CCH,0.4043365831250854
3CH1,0.4043365831250854
3OQV,0.4042378960058194
6RXR,0.4038311969704532
4N3C,0.40364049477507236
7N88,0.403566553334835
3E1I,0.4034282562378747
4MZJ,0.4034282562378747
4MZK,0.4034282562378747
4TK4,0.4034282562378747
5OQH,0.403418417085633
5OQI,0.403418417085633
3D42,0.40314811488177266
6S2L,0.40314811488177266
2Q2I,0.40300230117923713
7E4W,0.40300230117923713
9GAA,0.40255248723211645
9GAC,0.40255248723211645
9GAF,0.40255248723211645
6ZWA,0.4022815938345592
7FGJ,0.4022815938345592
4C7N,0.4022522452903188
3IR9,0.40221685812474545
5E2T,0.40209452325760225
5E2U,0.40209452325760225
2I3H,0.40207763200911856
5IFJ,0.40207763200911856
5IG7,0.40207763200911856
5IJK,0.40207763200911856
5JHN,0.40207763200911856
5JIN,0.40207763200911856
5JIY,0.40207763200911856
6FBY,0.40207763200911856
6FI4,0.40207763200911856
6FI5,0.40207763200911856
7XPK,0.40207763200911856
8DDF,0.40207763200911856
4F14,0.401797997390471
7X9E,0.401797997390471
6JER,0.4012069303779054
6OKD,0.4012069303779054
3C6W,0.4011823958394828
6VM7,0.4011823958394828
6VM9,0.4011823958394828
6VMA,0.4011823958394828
6VMC,0.4011823958394828
7L33,0.4011823958394828
8GAI,0.4011823958394828
1URC,0.4011090033648212
2G9F,0.4011090033648212
2G9G,0.4011090033648212
8DZB,0.4011090033648212
8DZC,0.4011090033648212
1FPR,0.4010454500424013
4UP0,0.40094000642374183
6MQM,0.40094000642374183
6N16,0.40094000642374183
3SUZ,0.40093422117113614
6Q6W,0.40027364667106
6Q6X,0.40027364667106
6Q77,0.40027364667106
6Q79,0.40027364667106
6Q85,0.40027364667106
6Q86,0.40027364667106
6Q87,0.40027364667106
6Q8D,0.40027364667106
6Q8G,0.40027364667106
6Q8H,0.40027364667106
3Q47,0.400256670966334
4GNG,0.400256670966334
4N3B,0.400000071787806
1G1G,0.39996567698308116
3UTP,0.3993991022808168
3UTQ,0.3993991022808168
3UTS,0.3993991022808168
3UTT,0.3993991022808168
6PGM,0.3991058702071399
6PGN,0.3991058702071399
1QQD,0.3990146996934492
1LQB,0.39874621329880083
6XIB,0.3984694924205167
6XIC,0.3984694924205167
6XID,0.3984694924205167
6XIE,0.3984694924205167
6XIF,0.3984694924205167
2OPY,0.39843972159506424
2OPZ,0.39843972159506424
2AXF,0.3984231681715502
2AXG,0.3984231681715502
7AD9,0.39838550068743156
1UJ0,0.39817913185908205
3BEJ,0.39817913185908205
4M5T,0.39817913185908205
2Z2I,0.3976948175369333
2Z2J,0.3976948175369333
2Z2K,0.3976948175369333
7AD0,0.39765237827511807
1HQR,0.39727245186859855
6RLZ,0.3972397673027826
7K75,0.39686862434547465
7K76,0.39686862434547465
2WA9,0.39682778975226535
5KEZ,0.39682778975226535
6MQE,0.39682778975226535
6MQS,0.39682778975226535
5UDP,0.39649862154743937
7DVD,0.39649862154743937
1MVU,0.39649410313847
4U5Q,0.39649410313847
2PV3,0.3964188948545963
3UNN,0.3964188948545963
1Q1Y,0.396345966889268
6KFM,0.396345966889268
1G1H,0.3963252751098754
7BBG,0.3963243883193301
3AVR,0.396290056856787
3R93,0.396290056856787
6FAU,0.396290056856787
6FAV,0.396290056856787
6FAW,0.396290056856787
6FBW,0.396290056856787
6MBJ,0.396290056856787
4AZA,0.3959480513031134
4GZF,0.39581178115597115
2IXM,0.3955476020296862
2IXN,0.3955476020296862
2IXO,0.3955476020296862
2IXP,0.3955476020296862
1KAA,0.39553620043695975
1KAB,0.39553620043695975
3LJM,0.39538886652206073
1QBV,0.3952756529290987
2Q0N,0.3949627003228171
3GV4,0.3949627003228171
4IIM,0.3949627003228171
4IIO,0.3949627003228171
4J9F,0.3949627003228171
4UY4,0.3949627003228171
5ACZ,0.3949627003228171
5AD0,0.3949627003228171
5FFV,0.3949627003228171
5FFW,0.3949627003228171
5MR8,0.3949627003228171
5NKP,0.3949627003228171
5X5X,0.3949627003228171
6CQ7,0.3949627003228171
6DGP,0.3949627003228171
6JET,0.3949627003228171
6JF3,0.3949627003228171
6JF4,0.3949627003228171
6JF5,0.3949627003228171
6JF7,0.3949627003228171
6JF8,0.3949627003228171
6JFC,0.3949627003228171
6JFD,0.3949627003228171
6JFE,0.3949627003228171
6JFF,0.3949627003228171
6JFG,0.3949627003228171
6JFN,0.3949627003228171
6JFQ,0.3949627003228171
6JFR,0.3949627003228171
6JFS,0.3949627003228171
7FGR,0.3949627003228171
7NLC,0.3949627003228171
8IA5,0.3949627003228171
1CFQ,0.39413084856311636
8DEK,0.39409516580069454
8DF2,0.39409516580069454
1ZBK,0.3939045058334349
3GLS,0.3938398968079848
3QIB,0.3938398968079848
3QIU,0.3938398968079848
3QIW,0.3938398968079848
3QJF,0.3938398968079848
3QJH,0.3938398968079848
3W9Y,0.3938398968079848
4RCP,0.3938398968079848
4WHH,0.3938398968079848
4WHK,0.3938398968079848
4WHL,0.3938398968079848
7E6V,0.3938398968079848
7NJZ,0.3938398968079848
7NW3,0.3938398968079848
6P7J,0.39372402284338665
1HLT,0.393646196415998
1OKV,0.393646196415998
1OKW,0.393646196415998
1OL1,0.393646196415998
1OL2,0.393646196415998
3GSN,0.393646196415998
4MZ9,0.393646196415998
5M5R,0.393646196415998
5M5S,0.393646196415998
5M5U,0.393646196415998
5M5V,0.393646196415998
5M61,0.393646196415998
6JG5,0.393646196415998
2FSE,0.3935079837752802
6Z9V,0.3935079837752802
6Z9W,0.3935079837752802
6Z9X,0.3935079837752802
3Q49,0.39349932701043233
3Q4A,0.39349932701043233
6E4Y,0.39349932701043233
6E4Z,0.39349932701043233
6MV5,0.39349932701043233
6UOE,0.39349932701043233
2R5M,0.39296218530865085
2WA8,0.39296218530865085
1PEK,0.3925577243637088
2QIC,0.39193490180399376
5EIV,0.3914064590951814
1SO8,0.3911351856445333
2ICW,0.3911149583744741
1MXE,0.39110224770999014
3VJ6,0.39110224770999014
1Q2D,0.3910810914212643
3E2B,0.3910810914212643
3V2O,0.3910810914212643
3V2X,0.3910810914212643
3V30,0.3910810914212643
3V31,0.3910810914212643
6R4X,0.3910810914212643
6R59,0.3910810914212643
5W89,0.3909109543209122
5W8F,0.3909109543209122
6HKS,0.3909109543209122
6MBK,0.3909109543209122
6MBL,0.3909109543209122
3L3H,0.3908405600428565
5ESQ,0.3908405600428565
5HPM,0.3908405600428565
5HYQ,0.3908405600428565
5ICX,0.3908405600428565
5ICY,0.3908405600428565
5ID0,0.3908405600428565
5ID1,0.3908405600428565
6DFQ,0.3908405600428565
6DFS,0.3908405600428565
6DFV,0.3908405600428565
6DFW,0.3908405600428565
2G16,0.39047490674130575
2G6E,0.39047490674130575
2UUE,0.39047490674130575
2V22,0.39047490674130575
6EC7,0.39047490674130575
6EC8,0.39047490674130575
6M7Y,0.39047490674130575
6AT0,0.3902506543036241
1G6R,0.38992779920291887
1HOC,0.38992779920291887
2OT5,0.38976771239541463
3CP1,0.38976771239541463
3CYO,0.38976771239541463
3O82,0.38976771239541463
3O83,0.38976771239541463
3O84,0.38976771239541463
1G1F,0.3896454197563927
6OZV,0.3894510859425878
6P3I,0.3894510859425878
6BZ9,0.389415403180166
3MQP,0.3893428974960498
4ZEQ,0.3893428974960498
6E1I,0.3893428974960498
4NU1,0.38932178343544516
5JZ8,0.38932178343544516
5JZU,0.38932178343544516
3QBQ,0.3890831100943706
3D44,0.38905445831413016
3SUI,0.38905445831413016
6PYJ,0.38905445831413016
6PYL,0.38905445831413016
6PZ5,0.38905445831413016
7ECA,0.38905445831413016
7K80,0.38905445831413016
7K81,0.38905445831413016
4GMF,0.38903357650819215
4GMG,0.38903357650819215
4FGT,0.3890199368250416
3DOB,0.3890096331634665
6KET,0.3890096331634665
6KFU,0.3890096331634665
2GT7,0.38896314000201515
2GT8,0.38896314000201515
3J42,0.38859858463161584
7SZZ,0.38859858463161584
7T0X,0.38859858463161584
7T8U,0.38859858463161584
5V4N,0.38854335024907416
6ITU,0.38854335024907416
6H6D,0.3884342750119906
6H6H,0.3884342750119906
2RFI,0.38817444538219026
5UML,0.3881232648992847
5UMM,0.3881232648992847
1S9W,0.38808065672498454
1S9X,0.38808065672498454
1S9Y,0.38808065672498454
5GNV,0.38808065672498454
5OX2,0.38808065672498454
5TNW,0.38808065672498454
5TO4,0.38808065672498454
5TQ1,0.38808065672498454
5TQS,0.38808065672498454
1FPT,0.38786474434124174
1JBU,0.38725509695534405
1N73,0.38725509695534405
1OSG,0.38725509695534405
4GNE,0.38725509695534405
4GNF,0.38725509695534405
1UJK,0.3871754547187434
3BKC,0.3871754547187434
3BKM,0.3871754547187434
3G6N,0.3871754547187434
4NUI,0.3871754547187434
4NUK,0.3871754547187434
4NUN,0.3871754547187434
4NUO,0.3871754547187434
7ALO,0.3871754547187434
2WZN,0.3869969986785132
7Z50,0.38672437392798636
6HHP,0.3863851132021914
6HKB,0.3863851132021914
6HKF,0.3863851132021914
6HMT,0.3863851132021914
6HMU,0.3863851132021914
6HN2,0.3863851132021914
6HUA,0.3861473688797834
4NHC,0.38608782722887836
7WCY,0.3859569622812509
6A9C,0.3858985185614974
7BF1,0.3858985185614974
7BF2,0.3858985185614974
3EG1,0.38588737033749815
5JQY,0.38588737033749815
5YYF,0.38588737033749815
6RK9,0.38588737033749815
4TVF,0.38582673075544166
5Y7W,0.38582673075544166
6XZH,0.38582673075544166
6XZI,0.38582673075544166
6XZJ,0.38582673075544166
6XZK,0.38582673075544166
6XZV,0.38582673075544166
6CT7,0.3857019888853896
6R4W,0.3857019888853896
6R50,0.3857019888853896
6R57,0.3857019888853896
6R58,0.3857019888853896
6R5B,0.3857019888853896
6R5C,0.3857019888853896
2G9H,0.38536530407498837
4IMV,0.3849705133698032
4IZ6,0.38455874695989195
3HNA,0.3840621864825926
6MCD,0.3840621864825926
6M1H,0.38397177607508365
6M1I,0.38397177607508365
3C5J,0.38393968270296464
3DIW,0.38393968270296464
3DJ1,0.38393968270296464
3DJ3,0.38393968270296464
3E8U,0.38393968270296464
4YJ4,0.38393968270296464
5EOJ,0.38393968270296464
5EON,0.38393968270296464
5MFC,0.38393968270296464
5MFD,0.38393968270296464
5NMN,0.38393968270296464
5NNK,0.38393968270296464
5NNM,0.38393968270296464
5NNT,0.38393968270296464
1TMC,0.3838133361643066
2IAL,0.3838133361643066
2IAM,0.3838133361643066
2IAN,0.3838133361643066
3ERT,0.3838133361643066
7Q1Q,0.3838133361643066
7Q1R,0.3838133361643066
7Q1S,0.3838133361643066
7Q1T,0.3838133361643066
3FWX,0.38379602263461077
4QO0,0.38379602263461077
4QO2,0.38379602263461077
5IEH,0.38379602263461077
7PDX,0.38312991625065634
6PYV,0.3828102071449812
6PYW,0.3828102071449812
3SPX,0.3826934886179589
3T4P,0.3826934886179589
1TP5,0.3823932889042824
2HPZ,0.3823932889042824
2PQ2,0.3823932889042824
3BS4,0.3823932889042824
3OP0,0.3823932889042824
3Q95,0.3823932889042824
4ZI1,0.3823932889042824
5CVQ,0.3823932889042824
5F8T,0.3823932889042824
5F8X,0.3823932889042824
5F8Z,0.3823932889042824
5XOQ,0.3823932889042824
6D0F,0.3823932889042824
6F5E,0.3823932889042824
6O5O,0.3823932889042824
6OVF,0.3823932889042824
7SA2,0.3823932889042824
7SIS,0.3823932889042824
7UR1,0.3823932889042824
2JK9,0.3823410949464679
2OP6,0.3822522892075649
6KFR,0.3822522892075649
3HEZ,0.38194516408201
6P4U,0.38194516408201
1DQL,0.38187903484419644
1HSB,0.3818240116022608
1SYV,0.3818240116022608
1VRZ,0.3818240116022608
1YZE,0.3818240116022608
2V1D,0.3818240116022608
4GRV,0.3818240116022608
4P4K,0.3818240116022608
4P4R,0.3818240116022608
4P5K,0.3818240116022608
4QEC,0.3818240116022608
4QED,0.3818240116022608
5DXJ,0.3818240116022608
5NJ5,0.3818240116022608
5NJ9,0.3818240116022608
5NJA,0.3818240116022608
5NJB,0.3818240116022608
5NJC,0.3818240116022608
5NJF,0.3818240116022608
5NMD,0.3818240116022608
5NME,0.3818240116022608
5NMF,0.3818240116022608
5NMG,0.3818240116022608
5NMH,0.3818240116022608
5NMK,0.3818240116022608
5UBB,0.3818240116022608
6DUB,0.3818240116022608
6HL2,0.3818240116022608
6HL3,0.3818240116022608
6HL4,0.3818240116022608
6HLA,0.3818240116022608
6HLI,0.3818240116022608
6HLJ,0.3818240116022608
6HLM,0.3818240116022608
6Q9C,0.3818240116022608
6Q9G,0.3818240116022608
6Q9J,0.3818240116022608
6Q9K,0.3818240116022608
6R7P,0.3818240116022608
7CIQ,0.3818240116022608
5YGD,0.3812164756224235
1VSC,0.3809463212169874
2IFR,0.38080192215651243
5Y02,0.3807682241157875
1AKJ,0.3807657748847573
1CKA,0.3807657748847573
1CKB,0.3807657748847573
1GZL,0.3807657748847573
1N4M,0.3807657748847573
1XOC,0.3807657748847573
4MZD,0.3807657748847573
5HOW,0.3807657748847573
5HOX,0.3807657748847573
5HOY,0.3807657748847573
2Q7I,0.3806895531259747
6PBH,0.3806895531259747
2ISE,0.3802986474079408
2ISG,0.3802986474079408
2ISH,0.3802986474079408
1JSV,0.3800640701946235
3R68,0.3800640701946235
3R69,0.3800640701946235
3JWR,0.379310277116978
4QNZ,0.37878358687519587
4N5T,0.37839470810698006
1N5B,0.3783571250791038
7KNF,0.37822883604687013
7KNG,0.37822883604687013
1F7A,0.3779160523530734
1I92,0.3779160523530734
1IAK,0.3779160523530734
1SFI,0.3779160523530734
2V5R,0.3779160523530734
3KPM,0.3779160523530734
3KPO,0.3779160523530734
3KPQ,0.3779160523530734
3KPR,0.3779160523530734
4ZUD,0.3779160523530734
5CBP,0.3779160523530734
5FF5,0.3779160523530734
5IUE,0.3779160523530734
5KNM,0.3779160523530734
6AX4,0.3779160523530734
6CGO,0.3779160523530734
6U2F,0.3779160523530734
6U3I,0.3779160523530734
3PSG,0.377651999911152
7LFI,0.377651999911152
7LFJ,0.377651999911152
7LFK,0.377651999911152
7LFL,0.377651999911152
7LFM,0.377651999911152
7OKP,0.377651999911152
7OS4,0.377651999911152
5CVK,0.3770141863684078
5YGF,0.3768331544127838
3L81,0.37665900564091687
1F9P,0.3760080591524766
6DN5,0.3760080591524766
6DN6,0.3760080591524766
6DN7,0.3760080591524766
2XUM,0.37600746795877965
6R51,0.37600746795877965
1F4V,0.37579594729964255
5YPZ,0.37575578835637263
5XMF,0.3751664949248977
5XMM,0.3751664949248977
1Q3O,0.3745966264291791
1Q3P,0.3745966264291791
1RE4,0.3745966264291791
2EUD,0.3745966264291791
2GP7,0.3745966264291791
2GPU,0.3745966264291791
2J8U,0.3745966264291791
2JCC,0.3745966264291791
2UWE,0.3745966264291791
4GAG,0.3745966264291791
4GAJ,0.3745966264291791
4GAY,0.3745966264291791
4GY5,0.3745966264291791
4PV8,0.3745966264291791
4PV9,0.3745966264291791
4WC8,0.3745966264291791
4X0S,0.3745966264291791
6DQR,0.3745966264291791
6DQT,0.3745966264291791
6DQU,0.3745966264291791
6DTF,0.3745966264291791
6DTG,0.3745966264291791
6DTH,0.3745966264291791
7JXN,0.3745966264291791
7JXO,0.3745966264291791
3OB1,0.37455767098736353
3OB2,0.37455767098736353
4OAR,0.37455767098736353
6TMO,0.37436327383137685
1BR8,0.37409960144254645
1HAX,0.37409960144254645
1HAY,0.37409960144254645
1HAZ,0.37409960144254645
1HB0,0.37409960144254645
1HIL,0.37409960144254645
1HIM,0.37409960144254645
1HIN,0.37409960144254645
1KH8,0.37409960144254645
1QZX,0.37409960144254645
2F1W,0.37409960144254645
2F1Z,0.37409960144254645
4K44,0.37409960144254645
4K45,0.37409960144254645
5H7Z,0.37409960144254645
5T6W,0.37409960144254645
5T6X,0.37409960144254645
5T6Y,0.37409960144254645
5T6Z,0.37409960144254645
5T70,0.37409960144254645
2G9I,0.3740993480738191
2PHN,0.3740993480738191
1QAU,0.373274675094724
1QAV,0.373274675094724
3P4K,0.373274675094724
5DIR,0.373274675094724
5I90,0.373274675094724
5VD6,0.373274675094724
5VDB,0.373274675094724
2B1Z,0.3731217670678254
1JVQ,0.3727208955131861
4LJ1,0.3727208955131861
5U5P,0.3727208955131861
5U5R,0.3727208955131861
6SHS,0.37245418269962854
4NGH,0.37221580495540246
3MXC,0.3720017506089928
3MXY,0.3720017506089928
6SPZ,0.3720017506089928
6TNP,0.3716374486073208
2OT0,0.37162418897726107
2Q7K,0.37162418897726107
4NT6,0.37159800754211136
6A6H,0.37159800754211136
6LHF,0.37134637016782557
6LHG,0.37134637016782557
6LHH,0.37134637016782557
1N86,0.371076025735844
7JMM,0.371076025735844
7JN8,0.371076025735844
7JN9,0.371076025735844
7JNE,0.371076025735844
7N6J,0.371076025735844
7N6K,0.371076025735844
7N6L,0.371076025735844
7N6M,0.371076025735844
1JCS,0.3710737031891775
4L9P,0.3710737031891775
5H94,0.370884795688948
1FBV,0.3707923372175604
1N3N,0.3707923372175604
1SN9,0.3707923372175604
1SNA,0.3707923372175604
1SNE,0.3707923372175604
1SRA,0.3707923372175604
3PDO,0.3707923372175604
4I80,0.3707923372175604
5K94,0.3707923372175604
3EMW,0.3707228719581712
3F2O,0.3707228719581712
1N0X,0.3707123571559901
2V5F,0.3707123571559901
2WMA,0.3707123571559901
2WMB,0.3707123571559901
3GCN,0.3707123571559901
3N57,0.3707123571559901
3QFH,0.3707123571559901
4J9I,0.3707123571559901
4RTY,0.3707123571559901
4RTZ,0.3707123571559901
4YDP,0.3707123571559901
4Z0R,0.3707123571559901
5CVP,0.3707123571559901
5CWX,0.3707123571559901
5CWY,0.3707123571559901
5CX0,0.3707123571559901
5CXJ,0.3707123571559901
5CY7,0.3707123571559901
5CY8,0.3707123571559901
5LUG,0.3707123571559901
5M9N,0.3707123571559901
5M9O,0.3707123571559901
5NQK,0.3707123571559901
5TMG,0.3707123571559901
5TMK,0.3707123571559901
5ULO,0.3707123571559901
5YXU,0.3707123571559901
6JF6,0.3707123571559901
6JFA,0.3707123571559901
7E43,0.3707123571559901
7EL4,0.3707123571559901
7SIQ,0.3707123571559901
4OJM,0.3706851200178101
7ZDD,0.37052515989466955
1OR0,0.3703714917615891
1ZFP,0.3703714917615891
2VAA,0.3703714917615891
2VAB,0.3703714917615891
3IET,0.3703714917615891
3IF1,0.3703714917615891
3S8R,0.3703714917615891
3TPK,0.3703714917615891
4ASH,0.3703714917615891
4EZN,0.3703714917615891
4EZO,0.3703714917615891
4EZP,0.3703714917615891
4EZQ,0.3703714917615891
4EZR,0.3703714917615891
4EZT,0.3703714917615891
4F00,0.3703714917615891
4F01,0.3703714917615891
4HH9,0.3703714917615891
4HIE,0.3703714917615891
4HIH,0.3703714917615891
4HY9,0.3703714917615891
4HYB,0.3703714917615891
4PTT,0.3703714917615891
4PTU,0.3703714917615891
4WPB,0.3703714917615891
5E2Q,0.3703714917615891
5E33,0.3703714917615891
5EGY,0.3703714917615891
5EHH,0.3703714917615891
6J47,0.3703714917615891
6J48,0.3703714917615891
6J49,0.3703714917615891
6SA6,0.3703714917615891
6SA7,0.3703714917615891
6SA8,0.3703714917615891
7XN9,0.3703714917615891
6DN8,0.3702205262282661
1DIF,0.36995174423676935
6DZ8,0.36995174423676935
1A81,0.36989938136646994
7CPZ,0.36889034041017527
7CQ0,0.36889034041017527
2G66,0.3687701591772138
1BKX,0.36865462303758534
1XD5,0.36865462303758534
1XD6,0.36865462303758534
3QQ3,0.36865462303758534
3QQ4,0.36865462303758534
4YRU,0.36865462303758534
5AEQ,0.36865462303758534
6T3Y,0.36865462303758534
8B3A,0.36839078173627005
1KSW,0.3683480891057275
1P1Z,0.3683480891057275
1P4L,0.3683480891057275
2F3Y,0.3683480891057275
2F3Z,0.3683480891057275
2JDL,0.3683480891057275
2JJR,0.3683480891057275
2VS6,0.3683480891057275
4H6V,0.3683480891057275
4H6W,0.3683480891057275
4H6X,0.3683480891057275
4HAB,0.3683480891057275
4HY2,0.3683480891057275
5UHR,0.3683480891057275
7SQA,0.3683480891057275
7SQB,0.3683480891057275
4JMY,0.368114271998592
2Q7J,0.3675119300776634
1JP5,0.36728843774616354
8FEJ,0.3670319863660599
8FEL,0.3670319863660599
1RQF,0.36682356947383166
1FN8,0.36672864065735333
1FY4,0.36672864065735333
1FY5,0.36672864065735333
1GDN,0.36672864065735333
1GDQ,0.36672864065735333
1GDU,0.36672864065735333
1MFG,0.36672864065735333
1MFL,0.36672864065735333
1U5I,0.36672864065735333
2BQ0,0.36672864065735333
2BSR,0.36672864065735333
2BSS,0.36672864065735333
2BST,0.36672864065735333
2EMS,0.36672864065735333
2UVL,0.36672864065735333
2VM5,0.36672864065735333
3MCL,0.36672864065735333
3O11,0.36672864065735333
3P7L,0.36672864065735333
3P7O,0.36672864065735333
5EU3,0.36672864065735333
5EU4,0.36672864065735333
5EU5,0.36672864065735333
5EU6,0.36672864065735333
6BSB,0.36672864065735333
6BSC,0.36672864065735333
7EM9,0.36671500097420273
7EMA,0.36671500097420273
7EMB,0.36671500097420273
7EMC,0.36671500097420273
7EMD,0.36671500097420273
4DMU,0.36669042420765896
3DMW,0.36666660754729696
5KIK,0.3662402302074473
5KIL,0.3662402302074473
1K2D,0.3659409806264981
1Q31,0.3659409806264981
2EH7,0.3659409806264981
2RCZ,0.3659409806264981
4AKS,0.3659409806264981
4N7V,0.3659409806264981
4N7Z,0.3659409806264981
4N9J,0.3659409806264981
5LHJ,0.3659409806264981
5LHK,0.3659409806264981
5N4B,0.3659409806264981
5N4C,0.3659409806264981
5N4D,0.3659409806264981
5N4E,0.3659409806264981
5N4F,0.3659409806264981
6WXD,0.3659409806264981
3E7W,0.3656999213965752
3E7X,0.3656999213965752
2CK0,0.3653931340959901
5V5L,0.3653931340959901
5V5M,0.3653931340959901
3DB3,0.3652149736526083
1NRN,0.36512570340437206
1NRO,0.36512570340437206
1NRP,0.36512570340437206
1NRQ,0.36512570340437206
1NRR,0.36512570340437206
1NRS,0.36512570340437206
1CE1,0.36484138146427025
3AV9,0.36473762697045914
3AVA,0.36473762697045914
3AVB,0.36473762697045914
3AVC,0.36473762697045914
3AVF,0.36473762697045914
3AVG,0.36473762697045914
3AVH,0.36473762697045914
3AVI,0.36473762697045914
3AVJ,0.36473762697045914
3AVK,0.36473762697045914
3AVL,0.36473762697045914
3AVM,0.36473762697045914
3AVN,0.36473762697045914
1PN6,0.36446348200756884
3IZQ,0.36446348200756884
5IQN,0.3641172536417743
6DKP,0.36404305883280963
4MOD,0.36395657564057315
2Q7L,0.3636463678621701
3CVP,0.3636463678621701
3CVQ,0.3636463678621701
1AOC,0.3635702305596299
1P4K,0.3635702305596299
1P4V,0.3635702305596299
1R5V,0.3635702305596299
1R5W,0.3635702305596299
2GGM,0.3635702305596299
2IZX,0.3635702305596299
2IZY,0.3635702305596299
2XUT,0.3635702305596299
2XXN,0.3635702305596299
2Y1M,0.3635702305596299
2ZLF,0.3635702305596299
2ZLG,0.3635702305596299
3AAZ,0.3635702305596299
3AP3,0.3635702305596299
3I7Z,0.3635702305596299
3I80,0.3635702305596299
3JVE,0.3635702305596299
3NFK,0.3635702305596299
3NFL,0.3635702305596299
3P8H,0.3635702305596299
3PO8,0.3635702305596299
3POA,0.3635702305596299
4A49,0.3635702305596299
4A4B,0.3635702305596299
4A4C,0.3635702305596299
4CMZ,0.3635702305596299
4CN0,0.3635702305596299
4GPL,0.3635702305596299
4GUX,0.3635702305596299
4I0P,0.3635702305596299
4PD0,0.3635702305596299
5OXK,0.3635702305596299
5OXL,0.3635702305596299
5OXM,0.3635702305596299
5OXN,0.3635702305596299
5OXO,0.3635702305596299
5OXP,0.3635702305596299
5OXQ,0.3635702305596299
5U2L,0.3635702305596299
5U2U,0.3635702305596299
5UUL,0.3635702305596299
5YIP,0.3635702305596299
5YIQ,0.3635702305596299
5YIR,0.3635702305596299
5YIS,0.3635702305596299
6C1Q,0.3635702305596299
6C1R,0.3635702305596299
6EIA,0.3635702305596299
6LN2,0.3635702305596299
6YAZ,0.3635702305596299
6YB0,0.3635702305596299
6YB1,0.3635702305596299
6YB2,0.3635702305596299
7F8U,0.3635702305596299
7F8X,0.3635702305596299
7F8Y,0.3635702305596299
8AD7,0.3635702305596299
8AD8,0.3635702305596299
1MNU,0.3631681766175967
2PST,0.3631681766175967
2XFX,0.3631681766175967
3ONW,0.3631681766175967
4MJI,0.3631681766175967
7SIF,0.3631681766175967
7SIG,0.3631681766175967
7SIH,0.3631681766175967
1H6A,0.36292747632670413
1H6B,0.36292747632670413
1H6C,0.36292747632670413
1H6D,0.36292747632670413
1YM8,0.36292747632670413
6EVH,0.36292747632670413
2X6M,0.36194907187234676
6CG3,0.36194907187234676
6SAD,0.36194907187234676
7JSX,0.36118653757361097
4J9G,0.3610178362293801
5J9K,0.36097142752417116
7DJQ,0.36097142752417116
2OQI,0.36086961552393576
2OQV,0.36086961552393576
7XBS,0.36086961552393576
7XBT,0.36086961552393576
7XBU,0.36086961552393576
7XBV,0.36086961552393576
3C6D,0.3606656114703739
5L93,0.3606656114703739
6NBF,0.3606656114703739
6NBH,0.3606656114703739
6NBI,0.3606656114703739
7AUE,0.3606656114703739
7MHY,0.3606656114703739
7RA3,0.3606656114703739
7RBT,0.3606656114703739
7THE,0.3606656114703739
7TLA,0.3606656114703739
7TLB,0.3606656114703739
7TLC,0.3606656114703739
7TLD,0.3606656114703739
5IQM,0.35987505881321585
2GSI,0.35982894570485535
3CUP,0.35982894570485535
3N56,0.35982894570485535
3T4U,0.35982894570485535
3T52,0.35982894570485535
4P3W,0.35982894570485535
4ZJX,0.35982894570485535
5MP1,0.35982894570485535
5MP3,0.35982894570485535
5MP5,0.35982894570485535
5NHT,0.35982894570485535
6EGP,0.35982894570485535
6FBK,0.35982894570485535
6JFO,0.35982894570485535
6T2D,0.35982894570485535
6T2E,0.35982894570485535
6T2F,0.35982894570485535
6Y0X,0.35982894570485535
7PVT,0.35982894570485535
7U1R,0.35982894570485535
7UM2,0.35982894570485535
2DEW,0.35968735481444075
2DEY,0.35968735481444075
2PR4,0.35968735481444075
2YVC,0.35968735481444075
3D0L,0.35968735481444075
3DRQ,0.35968735481444075
3LQB,0.35968735481444075
4A1U,0.35968735481444075
4A1W,0.35968735481444075
4CTH,0.35968735481444075
4JO6,0.35968735481444075
4R0R,0.35968735481444075
4WF0,0.35968735481444075
5CJ8,0.35968735481444075
5OVA,0.35968735481444075
5OVC,0.35968735481444075
5OVP,0.35968735481444075
5OVV,0.35968735481444075
6E5M,0.35968735481444075
6EAT,0.35968735481444075
6EXJ,0.35968735481444075
7E9J,0.35968735481444075
1KHY,0.35935848220646327
4G1W,0.3590120004719415
1EFX,0.3589344696414013
1OK7,0.3589344696414013
1R1X,0.3589344696414013
1R1Y,0.3589344696414013
1YVG,0.3589344696414013
1ZHK,0.3589344696414013
1ZHL,0.3589344696414013
2PBK,0.3589344696414013
2XHG,0.3589344696414013
2Y7M,0.3589344696414013
2Y7N,0.3589344696414013
2Y7O,0.3589344696414013
2YLH,0.3589344696414013
3AL2,0.3589344696414013
3NY1,0.3589344696414013
3NY2,0.3589344696414013
3NY3,0.3589344696414013
3QO2,0.3589344696414013
4F4U,0.3589344696414013
4F56,0.3589344696414013
4S2S,0.3589344696414013
5KGL,0.3589344696414013
5KGM,0.3589344696414013
5MAE,0.3589344696414013
5MAJ,0.3589344696414013
5NWX,0.3589344696414013
6UZ1,0.3589344696414013
8AFI,0.3589344696414013
5AC3,0.358236903307146
8AN9,0.3580999997381857
8ANO,0.3580999997381857
8ANR,0.3580999997381857
8AOO,0.3580999997381857
6D78,0.35806009416364293
2ZXZ,0.3578984026875328
2ZY0,0.3578984026875328
3ECB,0.3578984026875328
4ZW2,0.3578984026875328
2YJA,0.35743972083495806
6PU3,0.3574037424756878
5X58,0.3569907514502615
5X59,0.3569907514502615
5X5B,0.3569907514502615
5X5C,0.3569907514502615
5X5F,0.3569907514502615
6HD5,0.3569907514502615
6P07,0.3569907514502615
7CFS,0.3569907514502615
7CFT,0.3569907514502615
7MH2,0.3569907514502615
7TMW,0.3569907514502615
8ADG,0.3569907514502615
8ADI,0.3569907514502615
8HA0,0.3569907514502615
8HAF,0.3569907514502615
8HAO,0.3569907514502615
4J9H,0.3566345572478616
3CV0,0.3565715106628962
3CVL,0.3565715106628962
1QLS,0.35628355710437043
1TVD,0.35628355710437043
3GJQ,0.35628355710437043
3GJR,0.35628355710437043
3GJS,0.35628355710437043
3GJT,0.35628355710437043
3VTP,0.35628355710437043
4G1A,0.35628355710437043
4KSI,0.35628355710437043
4U9C,0.35628355710437043
6EWA,0.35628355710437043
6EWC,0.35628355710437043
6EWO,0.35628355710437043
7F3V,0.35628355710437043
7W1G,0.35628355710437043
5IQO,0.35599133850560255
4EKF,0.3558717062382168
6PW8,0.35514686053766026
4IKN,0.3550722012193623
1FLA,0.3548350058625301
1FLD,0.3548350058625301
1FLN,0.3548350058625301
1FVX,0.3548350058625301
1SNO,0.3548350058625301
1SNP,0.3548350058625301
1SNQ,0.3548350058625301
2FAX,0.3548350058625301
2FDX,0.3548350058625301
2FLV,0.3548350058625301
2FOX,0.3548350058625301
2FVX,0.3548350058625301
3NLL,0.3548350058625301
4NLL,0.3548350058625301
4NUL,0.3548350058625301
5NLL,0.3548350058625301
5NUL,0.3548350058625301
5ULL,0.3548350058625301
6NUL,0.3548350058625301
3DQG,0.354791806494533
1A5P,0.3544346410453453
1A5Q,0.3544346410453453
1CR9,0.3544346410453453
1IM3,0.3544346410453453
1MNF,0.3544346410453453
1N1P,0.3544346410453453
1OEB,0.3544346410453453
1W72,0.3544346410453453
2VK3,0.3544346410453453
2Y78,0.3544346410453453
3KUR,0.3544346410453453
3KUS,0.3544346410453453
3KUT,0.3544346410453453
3L91,0.3544346410453453
3L94,0.3544346410453453
3O1A,0.3544346410453453
3QEU,0.3544346410453453
3SRA,0.3544346410453453
3SRB,0.3544346410453453
3SRC,0.3544346410453453
3UAT,0.3544346410453453
3VAR,0.3544346410453453
3VAT,0.3544346410453453
4HXJ,0.3544346410453453
4KS7,0.3544346410453453
4KS8,0.3544346410453453
4OZK,0.3544346410453453
4W5Y,0.3544346410453453
4XW4,0.3544346410453453
4XW5,0.3544346410453453
4XW6,0.3544346410453453
5MZ7,0.3544346410453453
5T3T,0.3544346410453453
5T3W,0.3544346410453453
5WUM,0.3544346410453453
5WUN,0.3544346410453453
5XJM,0.3544346410453453
5XLI,0.3544346410453453
6B17,0.3544346410453453
6BPH,0.3544346410453453
8OIK,0.3544346410453453
2J05,0.35408516111421773
2J06,0.35408516111421773
5YP5,0.35408516111421773
5YP6,0.35408516111421773
6OIF,0.3534331800368077
6WWZ,0.3534331800368077
7CKB,0.3534331800368077
7CKC,0.3534331800368077
7D3S,0.3534331800368077
7F53,0.3534331800368077
7F54,0.3534331800368077
7F55,0.3534331800368077
7F58,0.3534331800368077
7O1Q,0.3534331800368077
7RDR,0.3534331800368077
7UUQ,0.3534331800368077
8DL7,0.3534331800368077
8DL8,0.3534331800368077
8FMZ,0.3534331800368077
8FN0,0.3534331800368077
8FN1,0.3534331800368077
2HKH,0.3529541653438708
3VDZ,0.3529541653438708
3VH8,0.3529541653438708
4N19,0.3529541653438708
5H0U,0.3529541653438708
5J6G,0.3529541653438708
5J6H,0.3529541653438708
6JWN,0.35252229834826393
4UDF,0.352241776939071
4QFK,0.35207273776987047
4QFL,0.35207273776987047
4QFN,0.35207273776987047
4QFO,0.35207273776987047
4QFP,0.35207273776987047
6JI1,0.3519876058775126
7EQ1,0.3519876058775126
8DTM,0.3519876058775126
1ZVS,0.3513265246399821
1HUP,0.35080344490256327
1IEA,0.35080344490256327
1IEB,0.35080344490256327
1LW6,0.35080344490256327
1T2U,0.35080344490256327
1ZDM,0.35080344490256327
2IUG,0.35080344490256327
2YQ6,0.35080344490256327
2YQ7,0.35080344490256327
4I8C,0.35080344490256327
4MGP,0.35080344490256327
1MZW,0.35076358155614173
6S7G,0.35076358155614173
5JA5,0.35017099433121257
5JHP,0.35017099433121257
1BLN,0.35006474837825013
1FPH,0.35006474837825013
1GGB,0.35006474837825013
1GGC,0.35006474837825013
1M1D,0.35006474837825013
1N64,0.35006474837825013
1NEG,0.35006474837825013
1NLB,0.35006474837825013
1SBP,0.35006474837825013
1YDP,0.35006474837825013
2BEQ,0.35006474837825013
2BEZ,0.35006474837825013
2EMT,0.35006474837825013
2J92,0.35006474837825013
2QC7,0.35006474837825013
3AHA,0.35006474837825013
3B0S,0.35006474837825013
3BAS,0.35006474837825013
3BAT,0.35006474837825013
3C94,0.35006474837825013
3C95,0.35006474837825013
3L6F,0.35006474837825013
3LQV,0.35006474837825013
3V8O,0.35006474837825013
3VKX,0.35006474837825013
4HU5,0.35006474837825013
4HU6,0.35006474837825013
4LMM,0.35006474837825013
4M9P,0.35006474837825013
4MGX,0.35006474837825013
4MPA,0.35006474837825013
4N6X,0.35006474837825013
4V3O,0.35006474837825013
4V3Q,0.35006474837825013
4V3R,0.35006474837825013
4WWQ,0.35006474837825013
5J5E,0.35006474837825013
5MY4,0.35006474837825013
5MYK,0.35006474837825013
5MYO,0.35006474837825013
5MYX,0.35006474837825013
6CNR,0.35006474837825013
6CO3,0.35006474837825013
6MF4,0.35006474837825013
6MF5,0.35006474837825013
6MF6,0.35006474837825013
6QB2,0.35006474837825013
6WN4,0.35006474837825013
6WT3,0.35006474837825013
6XCO,0.35006474837825013
6XCP,0.35006474837825013
6ZQT,0.35006474837825013
6ZRN,0.35006474837825013
7Q5G,0.35006474837825013
1N6G,0.3499873020039524
1NA4,0.3499873020039524
2M5K,0.3499873020039524
2M5M,0.3499873020039524
3J15,0.3499873020039524
3J5Q,0.3499873020039524
3J5R,0.3499873020039524
3J89,0.3499873020039524
3ZPK,0.3499873020039524
3ZUH,0.3499873020039524
5GAQ,0.3499873020039524
5U1D,0.3499873020039524
5X1G,0.3499873020039524
6E3Y,0.3499873020039524
6JPQ,0.3499873020039524
6JPU,0.3499873020039524
6JQ0,0.3499873020039524
6N23,0.3499873020039524
6N24,0.3499873020039524
6N25,0.3499873020039524
6N26,0.3499873020039524
6N27,0.3499873020039524
6N28,0.3499873020039524
6N4Q,0.3499873020039524
6N4R,0.3499873020039524
6OIS,0.3499873020039524
6PB0,0.3499873020039524
6PB1,0.3499873020039524
6S8F,0.3499873020039524
6SI7,0.3499873020039524
6ZRF,0.3499873020039524
6ZRQ,0.3499873020039524
6ZRR,0.3499873020039524
7AOF,0.3499873020039524
7DTY,0.3499873020039524
7EIB,0.3499873020039524
7F2O,0.3499873020039524
7L2H,0.3499873020039524
7L2I,0.3499873020039524
7L2J,0.3499873020039524
7L2K,0.3499873020039524
7L2L,0.3499873020039524
7L2M,0.3499873020039524
7L2N,0.3499873020039524
7L2O,0.3499873020039524
7L2P,0.3499873020039524
7L2R,0.3499873020039524
7L2S,0.3499873020039524
7L2T,0.3499873020039524
7L2U,0.3499873020039524
7L2V,0.3499873020039524
7L2W,0.3499873020039524
7L2X,0.3499873020039524
7LEX,0.3499873020039524
7LEY,0.3499873020039524
7LEZ,0.3499873020039524
7LF0,0.3499873020039524
7LF1,0.3499873020039524
7LF2,0.3499873020039524
7M4R,0.3499873020039524
7MIR,0.3499873020039524
7MIS,0.3499873020039524
7MX2,0.3499873020039524
7MZ5,0.3499873020039524
7MZ6,0.3499873020039524
7MZ7,0.3499873020039524
7MZ9,0.3499873020039524
7MZA,0.3499873020039524
7MZB,0.3499873020039524
7MZC,0.3499873020039524
7MZD,0.3499873020039524
7MZE,0.3499873020039524
7OAE,0.3499873020039524
7OAG,0.3499873020039524
7P9U,0.3499873020039524
7R1W,0.3499873020039524
7RB3,0.3499873020039524
7S8N,0.3499873020039524
7S8O,0.3499873020039524
7S8P,0.3499873020039524
7T6S,0.3499873020039524
7T6T,0.3499873020039524
7T6U,0.3499873020039524
7T6V,0.3499873020039524
7VVJ,0.3499873020039524
7VVK,0.3499873020039524
7VVL,0.3499873020039524
7VVM,0.3499873020039524
7VVN,0.3499873020039524
7VVO,0.3499873020039524
7W0L,0.3499873020039524
7W0M,0.3499873020039524
7WAC,0.3499873020039524
7WAD,0.3499873020039524
7WAE,0.3499873020039524
7WAF,0.3499873020039524
7WJ5,0.3499873020039524
8DWH,0.3499873020039524
1I31,0.3496639612798533
3NOH,0.3496639612798533
3T41,0.3496639612798533
4J9D,0.3496639612798533
4J9E,0.3496639612798533
5HL0,0.3496639612798533
5OB0,0.3496639612798533
5OB1,0.3496639612798533
5OB2,0.3496639612798533
6Q9F,0.3496639612798533
7JVS,0.3496639612798533
6CG4,0.34958799288979786
6CG5,0.34958799288979786
6S9K,0.34958799288979786
7TF6,0.34943685844399
7TF9,0.34943685844399
7TFA,0.34943685844399
7TFB,0.34943685844399
7TFC,0.34943685844399
4YEC,0.3493132145050894
1U8K,0.3492140206483689
6X78,0.3492140206483689
6X7W,0.3492140206483689
1NLN,0.3481951827679537
1BK5,0.347592207425207
1BK6,0.347592207425207
1K8I,0.347592207425207
1PHM,0.347592207425207
1X11,0.347592207425207
3TCK,0.347592207425207
3TCN,0.347592207425207
3TD2,0.347592207425207
3TD6,0.347592207425207
4F6C,0.347592207425207
4F6L,0.347592207425207
4N4C,0.347592207425207
5CGN,0.347592207425207
5CGO,0.347592207425207
3CVN,0.3473431881944362
5O7O,0.3473431881944362
6WWC,0.3469580255008868
6WX2,0.3469580255008868
1BOX,0.3465091828005538
1GQ4,0.34581934421247973
1GQ5,0.34581934421247973
1KID,0.34581934421247973
1N6D,0.34581934421247973
1N6E,0.34581934421247973
1N6F,0.34581934421247973
1SRN,0.34581934421247973
1Y4H,0.34581934421247973
1ZS8,0.34581934421247973
2CMY,0.34581934421247973
2D39,0.34581934421247973
2DWX,0.34581934421247973
2DWY,0.34581934421247973
2EAV,0.34581934421247973
2H2D,0.34581934421247973
2H2F,0.34581934421247973
2H2G,0.34581934421247973
2H2H,0.34581934421247973
2H2I,0.34581934421247973
2JE4,0.34581934421247973
2NWD,0.34581934421247973
2O8P,0.34581934421247973
2P6E,0.34581934421247973
2P6F,0.34581934421247973
2P6G,0.34581934421247973
3B1B,0.34581934421247973
3B7V,0.34581934421247973
3B80,0.34581934421247973
3CDG,0.34581934421247973
3EFZ,0.34581934421247973
3IFD,0.34581934421247973
3KXF,0.34581934421247973
3RL7,0.34581934421247973
3RL8,0.34581934421247973
4GLR,0.34581934421247973
4JZN,0.34581934421247973
4JZO,0.34581934421247973
5EX6,0.34581934421247973
5EX8,0.34581934421247973
5EX9,0.34581934421247973
5KSU,0.34581934421247973
5KSV,0.34581934421247973
5KU9,0.34581934421247973
5MES,0.34581934421247973
5MEV,0.34581934421247973
5OK9,0.34581934421247973
5OKF,0.34581934421247973
5OM0,0.34581934421247973
5YL7,0.34581934421247973
6CBI,0.34581934421247973
6I7N,0.34581934421247973
6QPM,0.34581934421247973
6ZC5,0.34581934421247973
4FTV,0.3446383081184999
4ZU1,0.34453193548117383
1KWI,0.3444492528198462
1LXE,0.3444492528198462
1OR8,0.3444492528198462
1ORH,0.3444492528198462
1ORI,0.3444492528198462
2ZTA,0.3444492528198462
3BGM,0.3444492528198462
3BH8,0.3444492528198462
3BH9,0.3444492528198462
3BHB,0.3444492528198462
3OV6,0.3444492528198462
3RG2,0.3444492528198462
5NES,0.3444492528198462
5NEY,0.3444492528198462
5NF0,0.3444492528198462
6IUR,0.3444492528198462
7LTC,0.3444492528198462
7LTE,0.3444492528198462
7LTF,0.3444492528198462
7LTH,0.3444492528198462
7LTR,0.3444492528198462
7LTS,0.3444492528198462
3JCL,0.3434102298974929
6DDE,0.3434102298974929
6DDF,0.3434102298974929
6X0U,0.3434102298974929
6X0V,0.3434102298974929
7DK3,0.3434102298974929
7F4D,0.3434102298974929
7F4F,0.3434102298974929
7F4H,0.3434102298974929
7F4I,0.3434102298974929
7F6H,0.3434102298974929
7F6I,0.3434102298974929
7MBX,0.3434102298974929
7MBY,0.3434102298974929
7NAN,0.3434102298974929
7NAO,0.3434102298974929
7NAP,0.3434102298974929
7NAQ,0.3434102298974929
7QVE,0.3434102298974929
7RX4,0.3434102298974929
7RX5,0.3434102298974929
7UNK,0.3434102298974929
7WY5,0.3434102298974929
7WY8,0.3434102298974929
7WYB,0.3434102298974929
7X10,0.3434102298974929
8CVR,0.3434102298974929
8CVS,0.3434102298974929
8CVT,0.3434102298974929
8CXB,0.3434102298974929
8DYO,0.3434102298974929
7SEO,0.34322569300780853
3CY3,0.34278576044105075
6JWM,0.34278576044105075
6S5S,0.34278576044105075
3MD4,0.34252609972373516
3MD5,0.34252609972373516
3P7K,0.34252609972373516
4OWI,0.34252609972373516
5XOV,0.34238180623356324
2IEN,0.3419887891094689
1I7A,0.3416930655766406
1JCK,0.3416930655766406
1YWO,0.3416930655766406
1YWP,0.3416930655766406
2HLE,0.3416930655766406
2OMG,0.3416930655766406
2OMI,0.3416930655766406
2V3S,0.3416930655766406
2V8C,0.3416930655766406
2V8F,0.3416930655766406
3AWR,0.3416930655766406
3AX2,0.3416930655766406
3ECH,0.3416930655766406
3PGP,0.3416930655766406
3RRR,0.3416930655766406
3RRT,0.3416930655766406
3U1J,0.3416930655766406
4DB6,0.3416930655766406
4DB8,0.3416930655766406
4DB9,0.3416930655766406
4DBA,0.3416930655766406
4KLV,0.3416930655766406
4KLW,0.3416930655766406
4KOR,0.3416930655766406
4KOS,0.3416930655766406
4KOT,0.3416930655766406
4KOU,0.3416930655766406
4KOV,0.3416930655766406
4KOW,0.3416930655766406
4KOX,0.3416930655766406
4KOY,0.3416930655766406
4KUA,0.3416930655766406
4KUB,0.3416930655766406
4L89,0.3416930655766406
4L8A,0.3416930655766406
4RAV,0.3416930655766406
4S1X,0.3416930655766406
5GMA,0.3416930655766406
5W1V,0.3416930655766406
5W1W,0.3416930655766406
5YB9,0.3416930655766406
6MFF,0.3416930655766406
6MFG,0.3416930655766406
6NRO,0.3416930655766406
6NTX,0.3416930655766406
6NYX,0.3416930655766406
7XF3,0.3416930655766406
1BU7,0.34137238522417773
1BVY,0.34137238522417773
1ERN,0.34137238522417773
1GAG,0.34137238522417773
1KCU,0.34137238522417773
1KCV,0.34137238522417773
1NXK,0.34137238522417773
1NY3,0.34137238522417773
1OSV,0.34137238522417773
1OT7,0.34137238522417773
1OX8,0.34137238522417773
1OX9,0.34137238522417773
1Y7L,0.34137238522417773
1ZIK,0.34137238522417773
1ZIL,0.34137238522417773
1ZIM,0.34137238522417773
2CB9,0.34137238522417773
2CBG,0.34137238522417773
3UC7,0.34137238522417773
3UC8,0.34137238522417773
4TKW,0.34137238522417773
4TL4,0.34137238522417773
4TL5,0.34137238522417773
4TLK,0.34137238522417773
4TLS,0.34137238522417773
4TLT,0.34137238522417773
4TM9,0.34137238522417773
4TNE,0.34137238522417773
4XFO,0.34137238522417773
6I5S,0.34137238522417773
7DBO,0.34137238522417773
7DG7,0.34137238522417773
7DG9,0.34137238522417773
7DI0,0.34137238522417773
7DI1,0.34137238522417773
7DU6,0.34137238522417773
7DU7,0.34137238522417773
7DVC,0.34137238522417773
7DVF,0.34137238522417773
7DVH,0.34137238522417773
7DWW,0.34137238522417773
1RNU,0.3403343757767335
1RNV,0.3403343757767335
2RNS,0.3403343757767335
6ATI,0.3403343757767335
1P01,0.3401486564996553
1TPA,0.3401486564996553
1TPO,0.3401486564996553
1TPP,0.3401486564996553
1ZBT,0.3401486564996553
2O1N,0.3401486564996553
2PB8,0.3401486564996553
2PTC,0.3401486564996553
2TGP,0.3401486564996553
3P4N,0.3401486564996553
3PTB,0.3401486564996553
3TPI,0.3401486564996553
4J9C,0.3401486564996553
4PTI,0.3401486564996553
4RTW,0.3401486564996553
5L20,0.3401486564996553
5VQK,0.3401486564996553
5VQL,0.3401486564996553
6BXG,0.3401486564996553
6P60,0.3401486564996553
6HQE,0.33884237179816884
6MK1,0.33884237179816884
7QV5,0.33884237179816884
7QV6,0.33884237179816884
7URE,0.33884237179816884
1CQM,0.3383595776883837
1CQN,0.3383595776883837
1JMK,0.3383595776883837
1QJA,0.3383595776883837
1QJB,0.3383595776883837
1QJH,0.3383595776883837
2IMS,0.3383595776883837
2IMT,0.3383595776883837
3CW0,0.3383595776883837
3HG1,0.3383595776883837
3IV2,0.3383595776883837
3N5G,0.3383595776883837
4B5C,0.3383595776883837
4BW7,0.3383595776883837
4BW8,0.3383595776883837
5C69,0.3383595776883837
5C6B,0.3383595776883837
5EMG,0.3383595776883837
5KD2,0.3383595776883837
5KD5,0.3383595776883837
5KD8,0.3383595776883837
5KDJ,0.3383595776883837
5KDN,0.3383595776883837
5KDV,0.3383595776883837
5KDW,0.3383595776883837
5KVQ,0.3383595776883837
5KVS,0.3383595776883837
5OD1,0.3383595776883837
5OD9,0.3383595776883837
5ZI5,0.3383595776883837
5ZI7,0.3383595776883837
5ZIE,0.3383595776883837
6GHJ,0.3383595776883837
6WSJ,0.3383595776883837
3D24,0.33772964813586914
1A92,0.3376810773508543
1DLB,0.3376810773508543
1EB1,0.3376810773508543
1SYK,0.3376810773508543
1UWX,0.3376810773508543
1XIU,0.3376810773508543
2CNE,0.3376810773508543
2CNF,0.3376810773508543
2CNG,0.3376810773508543
2CNH,0.3376810773508543
2CNI,0.3376810773508543
2E0W,0.3376810773508543
2E0X,0.3376810773508543
2E0Y,0.3376810773508543
2FFU,0.3376810773508543
2FFV,0.3376810773508543
2JKY,0.3376810773508543
2JKZ,0.3376810773508543
2PZD,0.3376810773508543
2Q3B,0.3376810773508543
2Q3D,0.3376810773508543
2VGJ,0.3376810773508543
2VGK,0.3376810773508543
2XBU,0.3376810773508543
3AHM,0.3376810773508543
3AHN,0.3376810773508543
3AHO,0.3376810773508543
3CH8,0.3376810773508543
3ITQ,0.3376810773508543
3O4L,0.3376810773508543
4B9X,0.3376810773508543
4CIA,0.3376810773508543
4DS1,0.3376810773508543
4O6F,0.3376810773508543
4RJF,0.3376810773508543
5EKU,0.3376810773508543
5SWK,0.3376810773508543
5ZCX,0.3376810773508543
6GNL,0.3376810773508543
6Z0L,0.3376810773508543
6Z0M,0.3376810773508543
7A5Q,0.3376810773508543
7BEY,0.3376810773508543
7DHG,0.3376810773508543
7RE7,0.3376810773508543
7RE9,0.3376810773508543
8BA5,0.3376810773508543
8FHJ,0.3376810773508543
1MI6,0.3372217409624008
6NXE,0.3372217409624008
7CZ5,0.3372217409624008
7L9P,0.3372217409624008
7T9N,0.3372217409624008
7UTZ,0.3372217409624008
7VA9,0.3372217409624008
7VB9,0.3372217409624008
7VNM,0.3372217409624008
7VNY,0.3372217409624008
7VOR,0.3372217409624008
7VOT,0.3372217409624008
7VOY,0.3372217409624008
7X3K,0.3372217409624008
6S5R,0.3357109454698981
1FCH,0.3354088454907672
2APH,0.3354088454907672
2B48,0.3354088454907672
2BUO,0.3354088454907672
2FI7,0.3354088454907672
3AG9,0.3354088454907672
3AGL,0.3354088454907672
3AGM,0.3354088454907672
3DR1,0.3354088454907672
3FPD,0.3354088454907672
3HLN,0.3354088454907672
3QGO,0.3354088454907672
3QH1,0.3354088454907672
3QH5,0.3354088454907672
3SJV,0.3354088454907672
3SKN,0.3354088454907672
3SKO,0.3354088454907672
3ZEI,0.3354088454907672
4CO6,0.3354088454907672
4D4G,0.3354088454907672
4D4H,0.3354088454907672
4D4I,0.3354088454907672
4D56,0.3354088454907672
4D57,0.3354088454907672
4IHO,0.3354088454907672
4NXY,0.3354088454907672
4RR6,0.3354088454907672
4RR7,0.3354088454907672
4RR8,0.3354088454907672
4RR9,0.3354088454907672
4RRA,0.3354088454907672
4RRB,0.3354088454907672
4RRC,0.3354088454907672
4RRD,0.3354088454907672
4RRF,0.3354088454907672
4RRG,0.3354088454907672
4RRH,0.3354088454907672
4RRI,0.3354088454907672
4RRJ,0.3354088454907672
4RRK,0.3354088454907672
4RRL,0.3354088454907672
4RRM,0.3354088454907672
4RRQ,0.3354088454907672
4RRR,0.3354088454907672
4U5Y,0.3354088454907672
4YU5,0.3354088454907672
4YU6,0.3354088454907672
5B6L,0.3354088454907672
5GND,0.3354088454907672
5ISZ,0.3354088454907672
5JHD,0.3354088454907672
5N81,0.3354088454907672
5N82,0.3354088454907672
6FOA,0.3354088454907672
6J69,0.3354088454907672
6O4M,0.3354088454907672
6S7I,0.3354088454907672
6S7L,0.3354088454907672
6YOW,0.3354088454907672
6YOX,0.3354088454907672
6YOY,0.3354088454907672
6YP2,0.3354088454907672
6YP3,0.3354088454907672
6YP8,0.3354088454907672
6YPL,0.3354088454907672
6YPY,0.3354088454907672
6YQ2,0.3354088454907672
7LTU,0.3354088454907672
7LUX,0.3354088454907672
7LUZ,0.3354088454907672
7LV2,0.3354088454907672
7N2H,0.3354088454907672
7Y8U,0.3354088454907672
7Y8V,0.3354088454907672
7Y8X,0.3354088454907672
6FAD,0.3344130768329686
1ZKY,0.33426056575040936
2B1V,0.33426056575040936
2FAI,0.33426056575040936
2A2Q,0.33422766582117525
2AER,0.33422766582117525
2FIR,0.33422766582117525
1E54,0.33377862887148474
2D3F,0.33377862887148474
2D3H,0.33377862887148474
2HU5,0.33377862887148474
2HU7,0.33377862887148474
2HU8,0.33377862887148474
2I7S,0.33377862887148474
2OKO,0.33377862887148474
2POT,0.33377862887148474
2PWU,0.33377862887148474
2PWV,0.33377862887148474
2QII,0.33377862887148474
2Z1V,0.33377862887148474
2Z1W,0.33377862887148474
2Z1X,0.33377862887148474
3E4A,0.33377862887148474
3IBO,0.33377862887148474
3IKK,0.33377862887148474
3KLA,0.33377862887148474
3O6K,0.33377862887148474
3P9L,0.33377862887148474
3P9M,0.33377862887148474
3PAB,0.33377862887148474
4F1Y,0.33377862887148474
4F22,0.33377862887148474
4F29,0.33377862887148474
4F2O,0.33377862887148474
4F2Q,0.33377862887148474
4F31,0.33377862887148474
4F39,0.33377862887148474
4F3B,0.33377862887148474
4F3G,0.33377862887148474
4WG0,0.33377862887148474
4X9P,0.33377862887148474
5CF3,0.33377862887148474
5TEZ,0.33377862887148474
6O2E,0.33377862887148474
6O2F,0.33377862887148474
6O9H,0.33377862887148474
6O9I,0.33377862887148474
7BYD,0.33377862887148474
7D66,0.33377862887148474
7EFY,0.33377862887148474
7OQ6,0.33377862887148474
7WJ3,0.33377862887148474
7WT3,0.33377862887148474
8EC9,0.33377862887148474
8ECA,0.33377862887148474
1YN6,0.33366245931003813
1BKV,0.33304670996062563
1AIP,0.33251826302900117
1AL1,0.33251826302900117
1BQK,0.33251826302900117
1BQR,0.33251826302900117
1BX6,0.33251826302900117
1CPM,0.33251826302900117
1CPN,0.33251826302900117
1DS5,0.33251826302900117
1F11,0.33251826302900117
1IYK,0.33251826302900117
1IYL,0.33251826302900117
1OUK,0.33251826302900117
1OUY,0.33251826302900117
1OVE,0.33251826302900117
1R17,0.33251826302900117
1R19,0.33251826302900117
1R5I,0.33251826302900117
1T3E,0.33251826302900117
1T3L,0.33251826302900117
1T3S,0.33251826302900117
1TE0,0.33251826302900117
1TWQ,0.33251826302900117
1URZ,0.33251826302900117
2A6D,0.33251826302900117
2A6I,0.33251826302900117
2A6J,0.33251826302900117
2A6K,0.33251826302900117
2F68,0.33251826302900117
2F6A,0.33251826302900117
2F7K,0.33251826302900117
2FLU,0.33251826302900117
2GPH,0.33251826302900117
2NUP,0.33251826302900117
2NUT,0.33251826302900117
2OIT,0.33251826302900117
2QXV,0.33251826302900117
2V2W,0.33251826302900117
2V2X,0.33251826302900117
2VGE,0.33251826302900117
2W60,0.33251826302900117
2X4R,0.33251826302900117
2ZMH,0.33251826302900117
2ZMI,0.33251826302900117
2ZMJ,0.33251826302900117
3B4R,0.33251826302900117
3C17,0.33251826302900117
3E1R,0.33251826302900117
3FVZ,0.33251826302900117
3FW0,0.33251826302900117
3JRV,0.33251826302900117
3KUI,0.33251826302900117
3KUJ,0.33251826302900117
3KV4,0.33251826302900117
3KV5,0.33251826302900117
3KV6,0.33251826302900117
3KV9,0.33251826302900117
3KVA,0.33251826302900117
3KVB,0.33251826302900117
3N7P,0.33251826302900117
3N7R,0.33251826302900117
3N7S,0.33251826302900117
3QHR,0.33251826302900117
3QHW,0.33251826302900117
3QZS,0.33251826302900117
3QZT,0.33251826302900117
3R85,0.33251826302900117
3R8J,0.33251826302900117
3R8K,0.33251826302900117
3SMQ,0.33251826302900117
3UEN,0.33251826302900117
3WOI,0.33251826302900117
3WOJ,0.33251826302900117
3WOK,0.33251826302900117
3WOL,0.33251826302900117
3WOM,0.33251826302900117
3WON,0.33251826302900117
3WOO,0.33251826302900117
3WOP,0.33251826302900117
3WOQ,0.33251826302900117
3WOR,0.33251826302900117
4C03,0.33251826302900117
4C04,0.33251826302900117
4C05,0.33251826302900117
4C06,0.33251826302900117
4C07,0.33251826302900117
4C08,0.33251826302900117
4D5M,0.33251826302900117
4D8B,0.33251826302900117
4D8E,0.33251826302900117
4D8I,0.33251826302900117
4EJF,0.33251826302900117
4G13,0.33251826302900117
4G14,0.33251826302900117
4GKZ,0.33251826302900117
4GRL,0.33251826302900117
4H4J,0.33251826302900117
4HTO,0.33251826302900117
4K5Y,0.33251826302900117
4L6R,0.33251826302900117
4MAY,0.33251826302900117
4PRY,0.33251826302900117
4PRZ,0.33251826302900117
4PS0,0.33251826302900117
4PS1,0.33251826302900117
4PZ3,0.33251826302900117
4PZ4,0.33251826302900117
4Q5K,0.33251826302900117
4Q68,0.33251826302900117
4QRS,0.33251826302900117
4QRT,0.33251826302900117
4QRU,0.33251826302900117
4UC4,0.33251826302900117
4XZP,0.33251826302900117
5A2I,0.33251826302900117
5A2K,0.33251826302900117
5A2L,0.33251826302900117
5C3F,0.33251826302900117
5C3G,0.33251826302900117
5D6W,0.33251826302900117
5D6X,0.33251826302900117
5D6Y,0.33251826302900117
5FJY,0.33251826302900117
5GLH,0.33251826302900117
5GLI,0.33251826302900117
5HCI,0.33251826302900117
5HCN,0.33251826302900117
5HGA,0.33251826302900117
5HGB,0.33251826302900117
5HGD,0.33251826302900117
5HGH,0.33251826302900117
5HQG,0.33251826302900117
5NIJ,0.33251826302900117
5O3U,0.33251826302900117
5O3V,0.33251826302900117
5O3W,0.33251826302900117
5O3X,0.33251826302900117
5O9S,0.33251826302900117
5O9U,0.33251826302900117
5O9V,0.33251826302900117
5XXK,0.33251826302900117
5YC1,0.33251826302900117
5ZJY,0.33251826302900117
5ZJZ,0.33251826302900117
5ZK5,0.33251826302900117
5ZK7,0.33251826302900117
5ZK9,0.33251826302900117
5ZML,0.33251826302900117
5ZWZ,0.33251826302900117
6ANM,0.33251826302900117
6ANN,0.33251826302900117
6AY2,0.33251826302900117
6D48,0.33251826302900117
6D49,0.33251826302900117
6D4A,0.33251826302900117
6F0F,0.33251826302900117
6F0G,0.33251826302900117
6F0H,0.33251826302900117
6FC5,0.33251826302900117
6I05,0.33251826302900117
6IHL,0.33251826302900117
6IHR,0.33251826302900117
6IHS,0.33251826302900117
6IHU,0.33251826302900117
6IHV,0.33251826302900117
6IHW,0.33251826302900117
6P28,0.33251826302900117
6SUK,0.33251826302900117
6SVY,0.33251826302900117
6V4E,0.33251826302900117
6V4F,0.33251826302900117
6V4G,0.33251826302900117
6V4H,0.33251826302900117
6XVP,0.33251826302900117
6ZUF,0.33251826302900117
7AEJ,0.33251826302900117
7DUU,0.33251826302900117
7KD7,0.33251826302900117
7KPU,0.33251826302900117
7WN7,0.33251826302900117
7WXX,0.33251826302900117
5KD4,0.33235353112816396
5KD7,0.33235353112816396
5T7G,0.33235353112816396
2IDW,0.3315972254773066
2IEO,0.3315972254773066
3J2S,0.3313883905266784
3J3I,0.3313883905266784
5GKA,0.3313883905266784
6VYH,0.3313883905266784
6WIK,0.3313883905266784
6XTY,0.3313883905266784
7PIU,0.3313883905266784
7PIV,0.3313883905266784
7UD4,0.3313883905266784
7X6L,0.3313883905266784
7X6O,0.3313883905266784
7XJJ,0.3313883905266784
7XJK,0.3313883905266784
7XJL,0.3313883905266784
8A7D,0.3313883905266784
8A7E,0.3313883905266784
8BZY,0.3313883905266784
8C02,0.3313883905266784
8C03,0.3313883905266784
8FU7,0.3313883905266784
8FU8,0.3313883905266784
8FU9,0.3313883905266784
2H6M,0.3312226155912473
2H9H,0.3312226155912473
2HAL,0.3312226155912473
3P4M,0.3312226155912473
6Y0W,0.3312226155912473
7APZ,0.3312226155912473
1BBR,0.3299813368595504
1E3S,0.3299813368595504
1E3W,0.3299813368595504
1E6W,0.3299813368595504
1PT6,0.3299813368595504
1QCY,0.3299813368595504
1WZB,0.3299813368595504
1XDK,0.3299813368595504
1XGY,0.3299813368595504
1XLN,0.3299813368595504
1XLO,0.3299813368595504
1XLP,0.3299813368595504
1XLQ,0.3299813368595504
2AOC,0.3299813368595504
2AOD,0.3299813368595504
2AOE,0.3299813368595504
2AOF,0.3299813368595504
2AOG,0.3299813368595504
2AOH,0.3299813368595504
2AOI,0.3299813368595504
2AOJ,0.3299813368595504
2O9S,0.3299813368595504
2O9V,0.3299813368595504
2OFS,0.3299813368595504
2X7K,0.3299813368595504
3FEO,0.3299813368595504
3LRG,0.3299813368595504
3O2Q,0.3299813368595504
3O2S,0.3299813368595504
3O2T,0.3299813368595504
3ODR,0.3299813368595504
3ODS,0.3299813368595504
4IPC,0.3299813368595504
4IPD,0.3299813368595504
4IPG,0.3299813368595504
4IPH,0.3299813368595504
5D2L,0.3299813368595504
5D2N,0.3299813368595504
5GO5,0.3299813368595504
5II0,0.3299813368595504
5VHG,0.3299813368595504
6A5Q,0.3299813368595504
6A5S,0.3299813368595504
8CVQ,0.3299813368595504
8CW2,0.3299813368595504
6YAF,0.3292407780750919
7Q3U,0.3292407780750919
7RWA,0.3292407780750919
7S2T,0.3292407780750919
7S4Q,0.3292407780750919
7URD,0.3292407780750919
8F7X,0.3292407780750919
5E00,0.3287299909437571
5WSH,0.3287299909437571
2DQK,0.32735706182137825
1YN7,0.32698263351624024
1BMS,0.32691040653772396
1F8A,0.32691040653772396
1FPP,0.32691040653772396
1GO6,0.32691040653772396
1HHU,0.32691040653772396
1HHY,0.32691040653772396
1HHZ,0.32691040653772396
1HKU,0.32691040653772396
1HVB,0.32691040653772396
1I44,0.32691040653772396
1JWF,0.32691040653772396
1K3A,0.32691040653772396
1MST,0.32691040653772396
1O9S,0.32691040653772396
1OGA,0.32691040653772396
1P9P,0.32691040653772396
1RHC,0.32691040653772396
1S9U,0.32691040653772396
1SGC,0.32691040653772396
1U58,0.32691040653772396
1U76,0.32691040653772396
1U7B,0.32691040653772396
1UKH,0.32691040653772396
1UKI,0.32691040653772396
1WCV,0.32691040653772396
1YCQ,0.32691040653772396
1YCR,0.32691040653772396
1YGR,0.32691040653772396
2B7Y,0.32691040653772396
2BEJ,0.32691040653772396
2BEK,0.32691040653772396
2CPK,0.32691040653772396
2DYH,0.32691040653772396
2E7L,0.32691040653772396
2IPT,0.32691040653772396
2IQ9,0.32691040653772396
2IQA,0.32691040653772396
2OI9,0.32691040653772396
2OLB,0.32691040653772396
2R0W,0.32691040653772396
2Z5S,0.32691040653772396
2Z5T,0.32691040653772396
2ZFG,0.32691040653772396
2ZLD,0.32691040653772396
3A9L,0.32691040653772396
3CH9,0.32691040653772396
3CHC,0.32691040653772396
3CHD,0.32691040653772396
3CHE,0.32691040653772396
3CHF,0.32691040653772396
3DX6,0.32691040653772396
3DX7,0.32691040653772396
3DX8,0.32691040653772396
3DX9,0.32691040653772396
3DXA,0.32691040653772396
3G9R,0.32691040653772396
3HE4,0.32691040653772396
3HE5,0.32691040653772396
3MKO,0.32691040653772396
3MV7,0.32691040653772396
3MV8,0.32691040653772396
3MV9,0.32691040653772396
3SGB,0.32691040653772396
3VW7,0.32691040653772396
4GG6,0.32691040653772396
4MA3,0.32691040653772396
4PMK,0.32691040653772396
4R0M,0.32691040653772396
5D2A,0.32691040653772396
5F67,0.32691040653772396
5GYJ,0.32691040653772396
5IWD,0.32691040653772396
5IXA,0.32691040653772396
5MAR,0.32691040653772396
5VWS,0.32691040653772396
6A0E,0.32691040653772396
6A0I,0.32691040653772396
6DA1,0.32691040653772396
6DAT,0.32691040653772396
6MJF,0.32691040653772396
6NF7,0.32691040653772396
6Q38,0.32691040653772396
6Q4Q,0.32691040653772396
6RRV,0.32691040653772396
6U1A,0.32691040653772396
6VMZ,0.32691040653772396
6WH8,0.32691040653772396
6YI1,0.32691040653772396
6YJY,0.32691040653772396
7C31,0.32691040653772396
7SU9,0.32691040653772396
6XJH,0.32608445404655617
6XJI,0.32608445404655617
1QGC,0.3258804711070549
6IZ7,0.3258804711070549
6J0A,0.3258804711070549
7F6G,0.3258804711070549
7RYC,0.3258804711070549
7TAU,0.3258804711070549
7TYR,0.3258804711070549
7X8R,0.3258804711070549
7X8S,0.3258804711070549
7Y7B,0.3258804711070549
7Y8A,0.3258804711070549
7YKD,0.3258804711070549
8CKV,0.3258804711070549
8CKW,0.3258804711070549
8CKX,0.3258804711070549
8DMM,0.3258804711070549
8DMO,0.3258804711070549
7D34,0.3235815341831152
2QZL,0.32334203317086485
1QEW,0.3228327198009603
3QF9,0.3228327198009603
4RTV,0.3228327198009603
5HKY,0.3228327198009603
5HKZ,0.3228327198009603
5WWI,0.3228327198009603
5WWJ,0.3228327198009603
6DM4,0.3228327198009603
1HQV,0.32268559702666727
2H5I,0.32268559702666727
2H5J,0.32268559702666727
2H65,0.32268559702666727
3G1E,0.32268559702666727
1BM2,0.3215222545154741
1BMB,0.3215222545154741
1G63,0.3215222545154741
1H9L,0.3215222545154741
1I3Z,0.3215222545154741
1ILW,0.3215222545154741
1IM5,0.3215222545154741
1K4W,0.3215222545154741
1LHP,0.3215222545154741
1LHR,0.3215222545154741
1PCG,0.3215222545154741
1PDQ,0.3215222545154741
1RYP,0.3215222545154741
1S2J,0.3215222545154741
1UPJ,0.3215222545154741
2AAB,0.3215222545154741
2DS5,0.3215222545154741
2DS6,0.3215222545154741
2DS7,0.3215222545154741
2DS8,0.3215222545154741
2F9D,0.3215222545154741
2F9J,0.3215222545154741
2F9S,0.3215222545154741
2OG5,0.3215222545154741
2OG6,0.3215222545154741
2OG7,0.3215222545154741
2OL3,0.3215222545154741
2PNS,0.3215222545154741
2UPJ,0.3215222545154741
3DD4,0.3215222545154741
3EAC,0.3215222545154741
3EAZ,0.3215222545154741
3GJ9,0.3215222545154741
3H5A,0.3215222545154741
3H5N,0.3215222545154741
3H5R,0.3215222545154741
3H9G,0.3215222545154741
3H9J,0.3215222545154741
3H9Q,0.3215222545154741
3HJR,0.3215222545154741
3O6F,0.3215222545154741
3O77,0.3215222545154741
3O78,0.3215222545154741
3QTM,0.3215222545154741
3QTN,0.3215222545154741
3QXY,0.3215222545154741
3SGD,0.3215222545154741
3UPJ,0.3215222545154741
3ZL4,0.3215222545154741
4CZS,0.3215222545154741
4FVL,0.3215222545154741
4G0D,0.3215222545154741
4IUJ,0.3215222545154741
4J24,0.3215222545154741
4J26,0.3215222545154741
4K1S,0.3215222545154741
4K1T,0.3215222545154741
4K7F,0.3215222545154741
4N8V,0.3215222545154741
4O21,0.3215222545154741
4O22,0.3215222545154741
4P23,0.3215222545154741
4P46,0.3215222545154741
4P9A,0.3215222545154741
4R3K,0.3215222545154741
4RQP,0.3215222545154741
4RR3,0.3215222545154741
4RS5,0.3215222545154741
4UPJ,0.3215222545154741
5G1M,0.3215222545154741
5G2M,0.3215222545154741
5G3R,0.3215222545154741
5G5K,0.3215222545154741
5G5U,0.3215222545154741
5G6T,0.3215222545154741
5GHW,0.3215222545154741
5HDO,0.3215222545154741
5HGG,0.3215222545154741
5LY7,0.3215222545154741
5MAS,0.3215222545154741
6IFF,0.3215222545154741
6KOY,0.3215222545154741
6KOZ,0.3215222545154741
6KP0,0.3215222545154741
6KP1,0.3215222545154741
6OG4,0.3215222545154741
6TCX,0.3215222545154741
7DZ9,0.3215222545154741
7EQM,0.3215222545154741
7FC0,0.3215222545154741
7JRD,0.3215222545154741
7PX1,0.3215222545154741
7PX2,0.3215222545154741
7TZK,0.3215222545154741
4XMK,0.32071695579838977
5K1P,0.32069109951977337
5K1X,0.32069109951977337
6LNG,0.32069109951977337
7NRI,0.3206714845574717
8E4C,0.3206714845574717
8EMA,0.3206714845574717
6L7C,0.3204986617486108
7URF,0.3204986617486108
2DUJ,0.31919230103650614
1WZY,0.3180914730359511
3QTK,0.3180914730359511
4I6O,0.3180914730359511
6OLN,0.3180914730359511
6OLO,0.3180914730359511
6YZH,0.3180914730359511
6Z19,0.3180914730359511
7QUX,0.3180914730359511
4IVH,0.31772453177670346
1ARB,0.3163411723083859
1ARC,0.3163411723083859
1B12,0.3163411723083859
1CA4,0.3163411723083859
1CCR,0.3163411723083859
1DI8,0.3163411723083859
1DI9,0.3163411723083859
1DIT,0.3163411723083859
1EED,0.3163411723083859
1EZW,0.3163411723083859
1F07,0.3163411723083859
1FT5,0.3163411723083859
1FT6,0.3163411723083859
1GOL,0.3163411723083859
1HXM,0.3163411723083859
1KLG,0.3163411723083859
1KLU,0.3163411723083859
1OJ5,0.3163411723083859
1PG3,0.3163411723083859
1PG4,0.3163411723083859
1QIA,0.3163411723083859
1QIC,0.3163411723083859
1SZ9,0.3163411723083859
1SZA,0.3163411723083859
1TG6,0.3163411723083859
1U9L,0.3163411723083859
1V4F,0.3163411723083859
1V6Q,0.3163411723083859
1V7H,0.3163411723083859
1W74,0.3163411723083859
2A8A,0.3163411723083859
2A97,0.3163411723083859
2ARJ,0.3163411723083859
2BB4,0.3163411723083859
2BD2,0.3163411723083859
2BD3,0.3163411723083859
2BD4,0.3163411723083859
2BD5,0.3163411723083859
2BD7,0.3163411723083859
2BD8,0.3163411723083859
2BD9,0.3163411723083859
2BDA,0.3163411723083859
2BDB,0.3163411723083859
2BDC,0.3163411723083859
2H1U,0.3163411723083859
2J67,0.3163411723083859
2P1M,0.3163411723083859
2P1N,0.3163411723083859
2P1O,0.3163411723083859
2P1P,0.3163411723083859
2P1Q,0.3163411723083859
2PUS,0.3163411723083859
2R70,0.3163411723083859
2R72,0.3163411723083859
2SIV,0.3163411723083859
2W7S,0.3163411723083859
2W7U,0.3163411723083859
2WOK,0.3163411723083859
2WOL,0.3163411723083859
2WOP,0.3163411723083859
2YCH,0.3163411723083859
3A08,0.3163411723083859
3A19,0.3163411723083859
3D66,0.3163411723083859
3D67,0.3163411723083859
3D68,0.3163411723083859
3IAX,0.3163411723083859
3JZ1,0.3163411723083859
3JZ2,0.3163411723083859
3KLK,0.3163411723083859
3L1O,0.3163411723083859
3N9M,0.3163411723083859
3R5J,0.3163411723083859
3R6G,0.3163411723083859
3R6L,0.3163411723083859
3R7B,0.3163411723083859
3R7N,0.3163411723083859
3R7S,0.3163411723083859
3RH1,0.3163411723083859
3RID,0.3163411723083859
3UKY,0.3163411723083859
3UKZ,0.3163411723083859
3UL0,0.3163411723083859
3WYX,0.3163411723083859
3WYY,0.3163411723083859
3ZUQ,0.3163411723083859
3ZUR,0.3163411723083859
3ZUS,0.3163411723083859
3ZVQ,0.3163411723083859
4JJ7,0.3163411723083859
4JJ8,0.3163411723083859
4JJE,0.3163411723083859
4JL7,0.3163411723083859
4K8W,0.3163411723083859
4KKD,0.3163411723083859
4PYW,0.3163411723083859
4QWN,0.3163411723083859
4QX7,0.3163411723083859
4QX8,0.3163411723083859
4QXB,0.3163411723083859
4QXC,0.3163411723083859
4QXH,0.3163411723083859
4RWB,0.3163411723083859
4RWC,0.3163411723083859
4TN7,0.3163411723083859
4XH9,0.3163411723083859
5BS1,0.3163411723083859
5BS2,0.3163411723083859
5DL2,0.3163411723083859
5GKM,0.3163411723083859
5GUI,0.3163411723083859
5UAO,0.3163411723083859
6D7G,0.3163411723083859
6FOE,0.3163411723083859
6J31,0.3163411723083859
6J32,0.3163411723083859
6J7B,0.3163411723083859
6J8N,0.3163411723083859
6J91,0.3163411723083859
6J9H,0.3163411723083859
6KJV,0.3163411723083859
6KK1,0.3163411723083859
6KK7,0.3163411723083859
6Q12,0.3163411723083859
6Q24,0.3163411723083859
6WI6,0.3163411723083859
6WMD,0.3163411723083859
6WME,0.3163411723083859
6WMF,0.3163411723083859
6WMG,0.3163411723083859
7BU9,0.3163411723083859
7DJR,0.3163411723083859
7JVO,0.3163411723083859
7N2N,0.3163411723083859
7N2O,0.3163411723083859
7N2P,0.3163411723083859
7N2Q,0.3163411723083859
7N2R,0.3163411723083859
7N2S,0.3163411723083859
7OK7,0.3163411723083859
7SWR,0.3163411723083859
7SWS,0.3163411723083859
7SWT,0.3163411723083859
7SWU,0.3163411723083859
8CX4,0.3163411723083859
1EJR,0.3157628708568618
1EJS,0.3157628708568618
1EJT,0.3157628708568618
1EJU,0.3157628708568618
1EJV,0.3157628708568618
3L9P,0.3157628708568618
3LCS,0.3157628708568618
3LCT,0.3157628708568618
4K74,0.3157628708568618
6WIV,0.3157377409019302
6Y5K,0.3157377409019302
6Y5L,0.3157377409019302
7A93,0.3157377409019302
7A94,0.3157377409019302
7A95,0.3157377409019302
7A96,0.3157377409019302
7A97,0.3157377409019302
7A98,0.3157377409019302
7Y64,0.3157377409019302
7Y66,0.3157377409019302
7Y67,0.3157377409019302
3DAB,0.3155416123929739
3DAC,0.3155416123929739
5KJH,0.3155416123929739
5KJI,0.3155416123929739
5KKL,0.3155416123929739
2G58,0.3149321761476822
4NSK,0.3149321761476822
7RK7,0.3149321761476822
2X35,0.3130401451769025
2X4W,0.3130401451769025
2X4X,0.3130401451769025
2X4Y,0.3130401451769025
5M5G,0.3130401451769025
5WM2,0.3130401451769025
5WM3,0.3130401451769025
5WM4,0.3130401451769025
5WM5,0.3130401451769025
5WM6,0.3130401451769025
5WM7,0.3130401451769025
6V9Z,0.312505621618636
7ZC2,0.3119836820404898
1AMU,0.31135547539532066
1BQA,0.31135547539532066
1BQD,0.31135547539532066
1BUU,0.31135547539532066
1BV4,0.31135547539532066
1GFW,0.31135547539532066
1GW6,0.31135547539532066
1HD8,0.31135547539532066
1KP5,0.31135547539532066
1LUC,0.31135547539532066
1SLM,0.31135547539532066
1SLN,0.31135547539532066
1TRY,0.31135547539532066
1UIJ,0.31135547539532066
1W5H,0.31135547539532066
1W5J,0.31135547539532066
1W5K,0.31135547539532066
1W5L,0.31135547539532066
1Y98,0.31135547539532066
1Z2L,0.31135547539532066
1Z3L,0.31135547539532066
1Z3M,0.31135547539532066
1Z3P,0.31135547539532066
2CCE,0.31135547539532066
2CCF,0.31135547539532066
2CCN,0.31135547539532066
2FYY,0.31135547539532066
2FZ3,0.31135547539532066
2GNC,0.31135547539532066
2HZ6,0.31135547539532066
2IMO,0.31135547539532066
2O42,0.31135547539532066
2P4R,0.31135547539532066
2WV3,0.31135547539532066
2XZQ,0.31135547539532066
2Y06,0.31135547539532066
2Y07,0.31135547539532066
2Y36,0.31135547539532066
3IFL,0.31135547539532066
3IFN,0.31135547539532066
3IFO,0.31135547539532066
3IFP,0.31135547539532066
3NI6,0.31135547539532066
3OTJ,0.31135547539532066
3PA7,0.31135547539532066
3PK1,0.31135547539532066
3PL7,0.31135547539532066
3PQY,0.31135547539532066
3R1G,0.31135547539532066
3RSP,0.31135547539532066
3RUL,0.31135547539532066
3TO3,0.31135547539532066
3VGY,0.31135547539532066
3VH7,0.31135547539532066
3ZIW,0.31135547539532066
3ZIX,0.31135547539532066
4A6Y,0.31135547539532066
4ERS,0.31135547539532066
4GR2,0.31135547539532066
4GR6,0.31135547539532066
4GRY,0.31135547539532066
4GRZ,0.31135547539532066
4HGC,0.31135547539532066
4ITZ,0.31135547539532066
4L7V,0.31135547539532066
4N0Y,0.31135547539532066
4PKQ,0.31135547539532066
4PKR,0.31135547539532066
4PKS,0.31135547539532066
4PKT,0.31135547539532066
4PKU,0.31135547539532066
4PKV,0.31135547539532066
4PKW,0.31135547539532066
4PSW,0.31135547539532066
4PSX,0.31135547539532066
4TJV,0.31135547539532066
4X41,0.31135547539532066
5DCQ,0.31135547539532066
5DP3,0.31135547539532066
5DP4,0.31135547539532066
5DP5,0.31135547539532066
5DP6,0.31135547539532066
5DP7,0.31135547539532066
5DP8,0.31135547539532066
5DP9,0.31135547539532066
5DPA,0.31135547539532066
5ETU,0.31135547539532066
5EUK,0.31135547539532066
5F88,0.31135547539532066
5F9Q,0.31135547539532066
5FF6,0.31135547539532066
5HYY,0.31135547539532066
5I2I,0.31135547539532066
5IOP,0.31135547539532066
5IR1,0.31135547539532066
5ITF,0.31135547539532066
5IV2,0.31135547539532066
5IVZ,0.31135547539532066
5K5U,0.31135547539532066
5K5V,0.31135547539532066
5K62,0.31135547539532066
5K63,0.31135547539532066
5T1K,0.31135547539532066
5T1M,0.31135547539532066
5T8R,0.31135547539532066
5TH2,0.31135547539532066
6EGS,0.31135547539532066
6LTQ,0.31135547539532066
6P3W,0.31135547539532066
6WZY,0.31135547539532066
6X00,0.31135547539532066
7VZ2,0.31135547539532066
8GQV,0.31135547539532066
8GQW,0.31135547539532066
2C9F,0.31105795716734097
2C9G,0.31105795716734097
8EZD,0.31105795716734097
8EZE,0.31105795716734097
2PQW,0.3105857200878581
2RJC,0.3105857200878581
2RJD,0.3105857200878581
2RJE,0.3105857200878581
2RJF,0.3105857200878581
2Z8M,0.3105857200878581
2Z8N,0.3105857200878581
2Z8O,0.3105857200878581
2Z8P,0.3105857200878581
3IEC,0.3105857200878581
1S3X,0.3091852413392024
5EOC,0.3091852413392024
5EVZ,0.3091852413392024
5EX5,0.3091852413392024
5EXW,0.3091852413392024
5EY4,0.3091852413392024
5F0X,0.3091852413392024
5F1X,0.3091852413392024
5F2R,0.3091852413392024
3K5D,0.3081769858259622
3K5F,0.3081769858259622
3K5G,0.3081769858259622
5HI3,0.3081769858259622
5HI4,0.3081769858259622
5HI5,0.3081769858259622
3HLV,0.30816859932109003
1TJ9,0.3074792252423493
3D18,0.3074792252423493
3P4O,0.3074792252423493
4LI3,0.3074792252423493
5OAV,0.3074792252423493
6CZN,0.3074792252423493
6XNJ,0.3074792252423493
1YC5,0.30695549519186394
3DVP,0.30695549519186394
3P46,0.30695549519186394
4XYI,0.30695549519186394
7BXV,0.30695549519186394
7Y3J,0.30695549519186394
8DJQ,0.30695549519186394
8DK9,0.30695549519186394
6RAF,0.3066130800254146
6RAG,0.3066130800254146
6RAH,0.3066130800254146
6RAI,0.3066130800254146
6RAJ,0.3066130800254146
6RAK,0.3066130800254146
6RAL,0.3066130800254146
6RAM,0.3066130800254146
6RAN,0.3066130800254146
6U5N,0.3066130800254146
6U5P,0.3066130800254146
6U5R,0.3066130800254146
6U68,0.3066130800254146
6U6D,0.3066130800254146
6U6E,0.3066130800254146
6U6H,0.3066130800254146
6UWN,0.3066130800254146
6UX4,0.3066130800254146
6UX7,0.3066130800254146
6UXA,0.3066130800254146
6UXB,0.3066130800254146
1B6J,0.30655426047538226
1B6K,0.30655426047538226
1B6L,0.30655426047538226
1B6M,0.30655426047538226
1B6P,0.30655426047538226
1C21,0.30655426047538226
1C22,0.30655426047538226
1C23,0.30655426047538226
1C24,0.30655426047538226
1C27,0.30655426047538226
1CQ9,0.30655426047538226
1ETN,0.30655426047538226
1M7E,0.30655426047538226
1OQN,0.30655426047538226
1P02,0.30655426047538226
1P03,0.30655426047538226
1P04,0.30655426047538226
1P05,0.30655426047538226
1P06,0.30655426047538226
1P3R,0.30655426047538226
1TMN,0.30655426047538226
1UMJ,0.30655426047538226
1UNT,0.30655426047538226
1UNU,0.30655426047538226
1UNV,0.30655426047538226
1UNW,0.30655426047538226
1UNX,0.30655426047538226
1UNY,0.30655426047538226
1UNZ,0.30655426047538226
1UO0,0.30655426047538226
1UO1,0.30655426047538226
1UO2,0.30655426047538226
1UO3,0.30655426047538226
1UO4,0.30655426047538226
1UO5,0.30655426047538226
1W5G,0.30655426047538226
1W5I,0.30655426047538226
1WBX,0.30655426047538226
1WBY,0.30655426047538226
1WBZ,0.30655426047538226
1XKG,0.30655426047538226
1YAC,0.30655426047538226
1Z1H,0.30655426047538226
1Z1R,0.30655426047538226
1Z6F,0.30655426047538226
1ZAT,0.30655426047538226
1ZLM,0.30655426047538226
2B1J,0.30655426047538226
2BNI,0.30655426047538226
2G3O,0.30655426047538226
2R79,0.30655426047538226
2R7A,0.30655426047538226
2RG7,0.30655426047538226
2V0Z,0.30655426047538226
2V10,0.30655426047538226
2V11,0.30655426047538226
2V12,0.30655426047538226
2V13,0.30655426047538226
2V16,0.30655426047538226
2VR3,0.30655426047538226
2VYR,0.30655426047538226
2YLF,0.30655426047538226
2YPV,0.30655426047538226
3VGX,0.30655426047538226
4AUP,0.30655426047538226
4D8P,0.30655426047538226
4F1Z,0.30655426047538226
4F20,0.30655426047538226
4F24,0.30655426047538226
4F27,0.30655426047538226
4F2I,0.30655426047538226
4H0G,0.30655426047538226
4H0I,0.30655426047538226
4HS1,0.30655426047538226
4K8M,0.30655426047538226
4KVC,0.30655426047538226
4NOJ,0.30655426047538226
4NOK,0.30655426047538226
4NOL,0.30655426047538226
4NOM,0.30655426047538226
4WYT,0.30655426047538226
4ZGI,0.30655426047538226
4ZI6,0.30655426047538226
4ZLA,0.30655426047538226
4ZM9,0.30655426047538226
5GZC,0.30655426047538226
5H3J,0.30655426047538226
5J8C,0.30655426047538226
5J8F,0.30655426047538226
5JI7,0.30655426047538226
5JI9,0.30655426047538226
5JIA,0.30655426047538226
5JXR,0.30655426047538226
5JXT,0.30655426047538226
5LS0,0.30655426047538226
5OBT,0.30655426047538226
5TRZ,0.30655426047538226
5TS1,0.30655426047538226
5WGG,0.30655426047538226
5WHY,0.30655426047538226
6MT1,0.30655426047538226
6MT2,0.30655426047538226
6Q5H,0.30655426047538226
6Q5I,0.30655426047538226
6Q5J,0.30655426047538226
6Q5K,0.30655426047538226
6Q5L,0.30655426047538226
6Q5M,0.30655426047538226
6Q5N,0.30655426047538226
6Q5O,0.30655426047538226
6Q5P,0.30655426047538226
6Q5Q,0.30655426047538226
6Q5R,0.30655426047538226
6Q5S,0.30655426047538226
6V0Y,0.30655426047538226
6V13,0.30655426047538226
6V15,0.30655426047538226
6V18,0.30655426047538226
6V19,0.30655426047538226
6V1A,0.30655426047538226
6XJ6,0.30655426047538226
6XJ7,0.30655426047538226
6XU4,0.30655426047538226
7LVZ,0.30655426047538226
7T0L,0.30655426047538226
8AJ7,0.30655426047538226
1NES,0.3058126755475784
2G02,0.3058126755475784
2G0D,0.3058126755475784
3HD3,0.3058126755475784
3IT8,0.3058126755475784
6TMN,0.3058126755475784
2XL3,0.3057756245940294
7LCK,0.3051693132297072
8EJL,0.3051693132297072
6KSU,0.30391808555265337
6KSV,0.30391808555265337
6L71,0.30391808555265337
6L72,0.30391808555265337
1CSN,0.3034916279793734
1MVP,0.3034916279793734
4C68,0.3034916279793734
4C7H,0.3034916279793734
4C7I,0.3034916279793734
4G6A,0.3034916279793734
1APV,0.30292757851875746
1APW,0.30292757851875746
5Y14,0.30292757851875746
1B88,0.3019274772557228
1CMK,0.3019274772557228
1EA5,0.3019274772557228
1GPN,0.3019274772557228
1HR6,0.3019274772557228
1HR7,0.3019274772557228
1HV5,0.3019274772557228
1OX4,0.3019274772557228
1OX5,0.3019274772557228
1OX6,0.3019274772557228
1OZM,0.3019274772557228
1OZQ,0.3019274772557228
1P0B,0.3019274772557228
1P0D,0.3019274772557228
1P0E,0.3019274772557228
1RR9,0.3019274772557228
1RRE,0.3019274772557228
1T2O,0.3019274772557228
1T2P,0.3019274772557228
2AWJ,0.3019274772557228
2AWK,0.3019274772557228
2AWL,0.3019274772557228
2AWM,0.3019274772557228
2FU2,0.3019274772557228
2NPH,0.3019274772557228
2Q91,0.3019274772557228
2QL5,0.3019274772557228
2QL7,0.3019274772557228
2QL9,0.3019274772557228
2QLB,0.3019274772557228
2QLF,0.3019274772557228
2QLJ,0.3019274772557228
2X3J,0.3019274772557228
3CAY,0.3019274772557228
3CII,0.3019274772557228
3FZU,0.3019274772557228
3H09,0.3019274772557228
3HL7,0.3019274772557228
3HLL,0.3019274772557228
3UBR,0.3019274772557228
3VIE,0.3019274772557228
3W39,0.3019274772557228
4CGL,0.3019274772557228
4CGM,0.3019274772557228
4CGN,0.3019274772557228
4CGO,0.3019274772557228
4CGP,0.3019274772557228
4D07,0.3019274772557228
4ELD,0.3019274772557228
4F8K,0.3019274772557228
4HOP,0.3019274772557228
4INK,0.3019274772557228
4INL,0.3019274772557228
4M4Z,0.3019274772557228
4POZ,0.3019274772557228
5CIO,0.3019274772557228
5M3X,0.3019274772557228
5OY3,0.3019274772557228
5T63,0.3019274772557228
5T69,0.3019274772557228
5VCN,0.3019274772557228
5VCO,0.3019274772557228
5VQI,0.3019274772557228
5VR8,0.3019274772557228
5W4X,0.3019274772557228
5ZK0,0.3019274772557228
6EQV,0.3019274772557228
6EQW,0.3019274772557228
6EQX,0.3019274772557228
6GS2,0.3019274772557228
6H5E,0.3019274772557228
6I3I,0.3019274772557228
6LAH,0.3019274772557228
6LAM,0.3019274772557228
6LB2,0.3019274772557228
6LN0,0.3019274772557228
6LT6,0.3019274772557228
6S2M,0.3019274772557228
6S2S,0.3019274772557228
6UO2,0.3019274772557228
6UO3,0.3019274772557228
6UO4,0.3019274772557228
6UO5,0.3019274772557228
6UO7,0.3019274772557228
6UOB,0.3019274772557228
6UOC,0.3019274772557228
6X1N,0.3019274772557228
6X1P,0.3019274772557228
6X1R,0.3019274772557228
6X1X,0.3019274772557228
7LHY,0.3019274772557228
7PKC,0.3019274772557228
7PKJ,0.3019274772557228
7WKJ,0.3019274772557228
7XBJ,0.3019274772557228
1HTM,0.30121259739177164
3MII,0.30121259739177164
3O3A,0.30121259739177164
3O3B,0.30121259739177164
3O3D,0.30121259739177164
3O3E,0.30121259739177164
4AZ4,0.30121259739177164
4X9R,0.30121259739177164
4X9V,0.30121259739177164
4X9W,0.30121259739177164
4GLD,0.3004370230492065
4X1V,0.3004370230492065
5HFE,0.3004370230492065
1CDM,0.298974464739561
1SHA,0.298974464739561
1SHB,0.298974464739561
3VA1,0.298974464739561
4F7Z,0.298974464739561
4KIN,0.298974464739561
4KIP,0.298974464739561
4KIQ,0.298974464739561
4OQ3,0.298974464739561
5UMO,0.298974464739561
5VWV,0.298974464739561
5VWW,0.298974464739561
5VWX,0.298974464739561
5VWY,0.298974464739561
5VWZ,0.298974464739561
5VX0,0.298974464739561
5VX1,0.298974464739561
5VX2,0.298974464739561
5VX3,0.298974464739561
6Y7T,0.298974464739561
4ZU6,0.29864044030079595
8A8N,0.29836052697654847
1F0M,0.2974658228812399
1HZD,0.2974658228812399
1L1Q,0.2974658228812399
1L1R,0.2974658228812399
1LOP,0.2974658228812399
1P17,0.2974658228812399
1P18,0.2974658228812399
1P19,0.2974658228812399
1SKF,0.2974658228812399
1ZDT,0.2974658228812399
1ZDU,0.2974658228812399
2F00,0.2974658228812399
2JGZ,0.2974658228812399
2O36,0.2974658228812399
2O3E,0.2974658228812399
2WRU,0.2974658228812399
2WRV,0.2974658228812399
2WRW,0.2974658228812399
2WRX,0.2974658228812399
2WS0,0.2974658228812399
2WS1,0.2974658228812399
2WS4,0.2974658228812399
2WS6,0.2974658228812399
2WS7,0.2974658228812399
2XDM,0.2974658228812399
2XTS,0.2974658228812399
3CW8,0.2974658228812399
3CW9,0.2974658228812399
3E9F,0.2974658228812399
3E9G,0.2974658228812399
3FKZ,0.2974658228812399
3FL0,0.2974658228812399
3IWM,0.2974658228812399
3KZD,0.2974658228812399
3LQZ,0.2974658228812399
3MG0,0.2974658228812399
3MG4,0.2974658228812399
3MG6,0.2974658228812399
3MG7,0.2974658228812399
3MG8,0.2974658228812399
3MMH,0.2974658228812399
3PDT,0.2974658228812399
3RB9,0.2974658228812399
3TG4,0.2974658228812399
3TG5,0.2974658228812399
3THG,0.2974658228812399
3TIM,0.2974658228812399
3VB3,0.2974658228812399
3VB4,0.2974658228812399
3VB5,0.2974658228812399
3VB6,0.2974658228812399
3VB7,0.2974658228812399
3WX5,0.2974658228812399
4DFX,0.2974658228812399
4DFZ,0.2974658228812399
4DG0,0.2974658228812399
4DG2,0.2974658228812399
4EYC,0.2974658228812399
4IMI,0.2974658228812399
4IMJ,0.2974658228812399
4J6S,0.2974658228812399
4JQI,0.2974658228812399
4K6X,0.2974658228812399
5CKR,0.2974658228812399
5DZK,0.2974658228812399
5E0S,0.2974658228812399
5FB8,0.2974658228812399
5JUF,0.2974658228812399
5NDD,0.2974658228812399
5NDZ,0.2974658228812399
5NJ6,0.2974658228812399
5O9H,0.2974658228812399
5VT9,0.2974658228812399
5VTE,0.2974658228812399
5W0J,0.2974658228812399
5ZYS,0.2974658228812399
6CZL,0.2974658228812399
6CZM,0.2974658228812399
6SMK,0.2974658228812399
6TYT,0.2974658228812399
6TYU,0.2974658228812399
6TYV,0.2974658228812399
6TYW,0.2974658228812399
6TYX,0.2974658228812399
6TYZ,0.2974658228812399
6WSK,0.2974658228812399
7CPO,0.2974658228812399
1TG1,0.29684405602455516
1A6A,0.29461667042919226
1AH6,0.29461667042919226
1AH8,0.29461667042919226
1B8X,0.29461667042919226
1E5T,0.29461667042919226
1IA8,0.29461667042919226
1YRK,0.29461667042919226
2QCZ,0.29461667042919226
2QDF,0.29461667042919226
2TBV,0.29461667042919226
3TY3,0.29461667042919226
3TY4,0.29461667042919226
4FRS,0.29461667042919226
4GAC,0.29461667042919226
4KDT,0.29461667042919226
4WBD,0.29461667042919226
4XHC,0.29461667042919226
5JLE,0.29461667042919226
5XW4,0.29461667042919226
5XW5,0.29461667042919226
7X1T,0.2943280032154181
1BMQ,0.29398778813408377
4GFY,0.29377242471591664
1A8K,0.29316062369583723
1A8R,0.29316062369583723
1CEO,0.29316062369583723
1EEN,0.29316062369583723
1EEO,0.29316062369583723
1FEJ,0.29316062369583723
1FF0,0.29316062369583723
1FFF,0.29316062369583723
1FFI,0.29316062369583723
1FG6,0.29316062369583723
1FG8,0.29316062369583723
1FGC,0.29316062369583723
1FGL,0.29316062369583723
1HUC,0.29316062369583723
1IKG,0.29316062369583723
1IKI,0.29316062369583723
1J3H,0.29316062369583723
1JYU,0.29316062369583723
1LLA,0.29316062369583723
1M61,0.29316062369583723
1N3R,0.29316062369583723
1N3S,0.29316062369583723
1N3T,0.29316062369583723
1NOL,0.29316062369583723
1O1R,0.29316062369583723
1O1S,0.29316062369583723
1O1T,0.29316062369583723
1PY1,0.29316062369583723
1QK5,0.29316062369583723
1V7S,0.29316062369583723
1V7T,0.29316062369583723
2DUX,0.29316062369583723
2DUZ,0.29316062369583723
2DV0,0.29316062369583723
2FZ8,0.29316062369583723
2FZ9,0.29316062369583723
2FZB,0.29316062369583723
2FZD,0.29316062369583723
2HV5,0.29316062369583723
2HVN,0.29316062369583723
2HVO,0.29316062369583723
2IIM,0.29316062369583723
2P2T,0.29316062369583723
2WAC,0.29316062369583723
2WK3,0.29316062369583723
3BXR,0.29316062369583723
3BXS,0.29316062369583723
3CMS,0.29316062369583723
3D25,0.29316062369583723
3E4Z,0.29316062369583723
3E50,0.29316062369583723
3H1Z,0.29316062369583723
3H85,0.29316062369583723
3HGZ,0.29316062369583723
3LKN,0.29316062369583723
3LKO,0.29316062369583723
3LKP,0.29316062369583723
3LKQ,0.29316062369583723
3LKR,0.29316062369583723
3LKS,0.29316062369583723
3ULQ,0.29316062369583723
4BKE,0.29316062369583723
4IUZ,0.29316062369583723
4KNK,0.29316062369583723
4KNL,0.29316062369583723
4MQV,0.29316062369583723
4ONF,0.29316062369583723
4ONG,0.29316062369583723
4Y6Q,0.29316062369583723
4YIV,0.29316062369583723
5M6Q,0.29316062369583723
5NPZ,0.29316062369583723
5NQ0,0.29316062369583723
5NQ1,0.29316062369583723
5NQ2,0.29316062369583723
5NQ3,0.29316062369583723
5V2T,0.29316062369583723
5V2U,0.29316062369583723
5V2V,0.29316062369583723
5V2X,0.29316062369583723
5V2Y,0.29316062369583723
5V2Z,0.29316062369583723
5V31,0.29316062369583723
5V32,0.29316062369583723
5V34,0.29316062369583723
5VKA,0.29316062369583723
5VKB,0.29316062369583723
5ZBH,0.29316062369583723
5ZBQ,0.29316062369583723
6BCM,0.29316062369583723
6BLH,0.29316062369583723
6DCN,0.29316062369583723
6DCO,0.29316062369583723
6EEZ,0.29316062369583723
6IWG,0.29316062369583723
6IWH,0.29316062369583723
6K7C,0.29316062369583723
6P83,0.29316062369583723
6P84,0.29316062369583723
6P85,0.29316062369583723
6P86,0.29316062369583723
6P87,0.29316062369583723
6P88,0.29316062369583723
6P89,0.29316062369583723
6P8A,0.29316062369583723
7ARX,0.29316062369583723
8HKW,0.29316062369583723
3FBR,0.29224693383723305
3SVM,0.29224693383723305
4E50,0.29224693383723305
4E53,0.29224693383723305
5OJ5,0.29224693383723305
5OJP,0.29224693383723305
5OJR,0.29224693383723305
7VGW,0.29224693383723305
8HN9,0.29224693383723305
7LCI,0.29216771388184454
7LCJ,0.29216771388184454
3WSX,0.29147494043934646
3WSY,0.29147494043934646
1BQH,0.2904098838802677
1C16,0.2904098838802677
1DKG,0.2904098838802677
1F05,0.2904098838802677
1FKN,0.2904098838802677
1FNS,0.2904098838802677
1G0U,0.2904098838802677
1MNC,0.2904098838802677
1SEB,0.2904098838802677
1W85,0.2904098838802677
1W88,0.2904098838802677
2GEB,0.2904098838802677
2GX4,0.2904098838802677
3C99,0.2904098838802677
3C9C,0.2904098838802677
3IM8,0.2904098838802677
3IM9,0.2904098838802677
3P91,0.2904098838802677
3S9A,0.2904098838802677
3S9B,0.2904098838802677
3SBK,0.2904098838802677
3VR8,0.2904098838802677
3VRB,0.2904098838802677
4WTU,0.2904098838802677
5AX3,0.2904098838802677
5JVO,0.2904098838802677
5UOJ,0.2904098838802677
6AH7,0.2904098838802677
6AH8,0.2904098838802677
6WF3,0.2904098838802677
6WF5,0.2904098838802677
6WFG,0.2904098838802677
6WFK,0.2904098838802677
6WFN,0.2904098838802677
6WFO,0.2904098838802677
7WJ6,0.2904098838802677
7WJ7,0.2904098838802677
1TDV,0.2874559845735606
3G8F,0.2874559845735606
4NU8,0.2874559845735606
6AIF,0.2874559845735606
6Q2K,0.2874559845735606
6Q2L,0.2874559845735606
6TZL,0.2874559845735606
6UBV,0.2874559845735606
7PZN,0.2863801809576341
1COS,0.2863464829169092
1DB1,0.2863464829169092
1DLP,0.2863464829169092
1DPP,0.2863464829169092
1DY3,0.2863464829169092
1EEJ,0.2863464829169092
1FAV,0.2863464829169092
1G0T,0.2863464829169092
1INR,0.2863464829169092
1IOD,0.2863464829169092
1J71,0.2863464829169092
1LOK,0.2863464829169092
1MT5,0.2863464829169092
1O6I,0.2863464829169092
1QY6,0.2863464829169092
1SWI,0.2863464829169092
1U7T,0.2863464829169092
1WQS,0.2863464829169092
2CIO,0.2863464829169092
2GME,0.2863464829169092
2GN3,0.2863464829169092
2GNB,0.2863464829169092
2GNM,0.2863464829169092
2GNT,0.2863464829169092
2IRV,0.2863464829169092
2O8L,0.2863464829169092
2WB6,0.2863464829169092
3PJP,0.2863464829169092
3ZXX,0.2863464829169092
3ZXY,0.2863464829169092
4AY5,0.2863464829169092
4DI2,0.2863464829169092
4HVP,0.2863464829169092
4RP6,0.2863464829169092
4RP7,0.2863464829169092
5BND,0.2863464829169092
5IY4,0.2863464829169092
5LYP,0.2863464829169092
5WXN,0.2863464829169092
5YCO,0.2863464829169092
6LRY,0.2863464829169092
6MTG,0.2863464829169092
6QRM,0.2863464829169092
6SJZ,0.2863464829169092
6SK3,0.2863464829169092
6SK8,0.2863464829169092
6SKJ,0.2863464829169092
7B9M,0.2863464829169092
7B9R,0.2863464829169092
7B9T,0.2863464829169092
7BA3,0.2863464829169092
7BA5,0.2863464829169092
7BA6,0.2863464829169092
7BA7,0.2863464829169092
7BA8,0.2863464829169092
7BA9,0.2863464829169092
7BAA,0.2863464829169092
7BAB,0.2863464829169092
7RW4,0.2863464829169092
7RXE,0.2863464829169092
7SMU,0.2863464829169092
1JJ9,0.284987687546699
1Z8G,0.284987687546699
2IZA,0.284987687546699
2IZB,0.284987687546699
2IZC,0.284987687546699
2IZD,0.284987687546699
2IZE,0.284987687546699
2IZF,0.284987687546699
2IZG,0.284987687546699
2IZH,0.284987687546699
2IZI,0.284987687546699
2IZJ,0.284987687546699
2IZK,0.284987687546699
2IZL,0.284987687546699
2NVK,0.284987687546699
2Q6P,0.284987687546699
2RTA,0.284987687546699
2RTB,0.284987687546699
2RTC,0.284987687546699
2RTD,0.284987687546699
2RTE,0.284987687546699
2RTF,0.284987687546699
2RTG,0.284987687546699
2RTH,0.284987687546699
2RTI,0.284987687546699
2RTJ,0.284987687546699
2RTK,0.284987687546699
2RTL,0.284987687546699
2RTM,0.284987687546699
2RTN,0.284987687546699
2RTO,0.284987687546699
2RTP,0.284987687546699
2RTQ,0.284987687546699
2RTR,0.284987687546699
4GYO,0.284987687546699
4I1A,0.284987687546699
4J4A,0.284987687546699
4WHT,0.284987687546699
4WHY,0.284987687546699
5B70,0.284987687546699
5B7D,0.284987687546699
5FD4,0.284987687546699
5X0Q,0.284987687546699
5X0V,0.284987687546699
6DS9,0.284987687546699
6FBX,0.284987687546699
6H1N,0.284987687546699
487D,0.2840152794855534
1DZI,0.28241916629695946
1FI8,0.28241916629695946
1FZA,0.28241916629695946
1FZB,0.28241916629695946
1GT9,0.28241916629695946
1GTG,0.28241916629695946
1GTJ,0.28241916629695946
1GTL,0.28241916629695946
1H3I,0.28241916629695946
1I51,0.28241916629695946
1J36,0.28241916629695946
1J37,0.28241916629695946
1J38,0.28241916629695946
1JFM,0.28241916629695946
1KGC,0.28241916629695946
1KI0,0.28241916629695946
1KO6,0.28241916629695946
1L3R,0.28241916629695946
1LRZ,0.28241916629695946
1MRV,0.28241916629695946
1MRY,0.28241916629695946
1NAY,0.28241916629695946
1PIN,0.28241916629695946
1QFM,0.28241916629695946
1QFS,0.28241916629695946
1R6J,0.28241916629695946
1YK4,0.28241916629695946
1YK5,0.28241916629695946
2ER6,0.28241916629695946
2PK8,0.28241916629695946
2SRC,0.28241916629695946
2VKJ,0.28241916629695946
2VKO,0.28241916629695946
2W18,0.28241916629695946
2Y6S,0.28241916629695946
3D81,0.28241916629695946
3EMH,0.28241916629695946
3EU7,0.28241916629695946
3KTP,0.28241916629695946
3KTR,0.28241916629695946
3ULR,0.28241916629695946
3ZGO,0.28241916629695946
3ZGV,0.28241916629695946
3ZNH,0.28241916629695946
4BPF,0.28241916629695946
4BPG,0.28241916629695946
4BPH,0.28241916629695946
4IJH,0.28241916629695946
4IJL,0.28241916629695946
4K8S,0.28241916629695946
4K9H,0.28241916629695946
4KE0,0.28241916629695946
4KE1,0.28241916629695946
4PP8,0.28241916629695946
5ECG,0.28241916629695946
5H4I,0.28241916629695946
5HTB,0.28241916629695946
5HTC,0.28241916629695946
5UMZ,0.28241916629695946
5XCY,0.28241916629695946
6AXJ,0.28241916629695946
6JEY,0.28241916629695946
6JEZ,0.28241916629695946
6JF0,0.28241916629695946
6KJG,0.28241916629695946
6KJI,0.28241916629695946
7TBB,0.28241916629695946
7TBC,0.28241916629695946
7TCR,0.28241916629695946
7TCU,0.28241916629695946
7TCW,0.28241916629695946
7TCX,0.28241916629695946
2G5O,0.281460942661728
3HF0,0.281460942661728
3JQL,0.281460942661728
4A8C,0.2810010784217595
7VAG,0.2810010784217595
8EY2,0.2810010784217595
3R3K,0.28020260376906253
3R46,0.28020260376906253
3R47,0.28020260376906253
3R48,0.28020260376906253
3R4A,0.28020260376906253
3R4H,0.28020260376906253
5ZBI,0.28020260376906253
1EJH,0.2791421965261289
1V6M,0.2791421965261289
1V6N,0.2791421965261289
2VX8,0.2791421965261289
4NY3,0.2791421965261289
4X2H,0.2791421965261289
4X2O,0.2791421965261289
5E1D,0.2791421965261289
5W4E,0.2791421965261289
6C3F,0.2791421965261289
6C3G,0.2791421965261289
6C3S,0.2791421965261289
6C4O,0.2791421965261289
6CD9,0.2791421965261289
6E49,0.2791421965261289
6HP3,0.2791421965261289
6HP5,0.2791421965261289
6SEN,0.2791421965261289
6SEO,0.2791421965261289
6TWQ,0.2791421965261289
7OHI,0.2791421965261289
1ABQ,0.2786212873141403
1AIM,0.2786212873141403
1AMX,0.2786212873141403
1AVF,0.2786212873141403
1AXC,0.2786212873141403
1DM4,0.2786212873141403
1EF1,0.2786212873141403
1F1W,0.2786212873141403
1F2F,0.2786212873141403
1FYN,0.2786212873141403
1GXC,0.2786212873141403
1JD4,0.2786212873141403
1JD5,0.2786212873141403
1JD6,0.2786212873141403
1KV6,0.2786212873141403
1LEW,0.2786212873141403
1LEZ,0.2786212873141403
1LM8,0.2786212873141403
1LVB,0.2786212873141403
1LVM,0.2786212873141403
1MCV,0.2786212873141403
1MDO,0.2786212873141403
1MDX,0.2786212873141403
1MDZ,0.2786212873141403
1O82,0.2786212873141403
1O83,0.2786212873141403
1OPM,0.2786212873141403
1P16,0.2786212873141403
1PPZ,0.2786212873141403
1PQ5,0.2786212873141403
1PQ7,0.2786212873141403
1PQ8,0.2786212873141403
1PQA,0.2786212873141403
1SBW,0.2786212873141403
1SUP,0.2786212873141403
1T15,0.2786212873141403
1ZXJ,0.2786212873141403
2AIM,0.2786212873141403
2CDE,0.2786212873141403
2CDF,0.2786212873141403
2CDG,0.2786212873141403
2CJM,0.2786212873141403
2EXS,0.2786212873141403
2EXT,0.2786212873141403
2HW4,0.2786212873141403
2QLL,0.2786212873141403
2YX8,0.2786212873141403
3FVY,0.2786212873141403
3H0T,0.2786212873141403
3LD8,0.2786212873141403
3LDB,0.2786212873141403
3MLS,0.2786212873141403
3PHM,0.2786212873141403
3TQ2,0.2786212873141403
4C9Z,0.2786212873141403
4CA1,0.2786212873141403
4G1C,0.2786212873141403
4HG7,0.2786212873141403
4HVA,0.2786212873141403
4IA1,0.2786212873141403
4IA2,0.2786212873141403
4IA3,0.2786212873141403
4IA7,0.2786212873141403
4MN3,0.2786212873141403
4O30,0.2786212873141403
4PF1,0.2786212873141403
4S2R,0.2786212873141403
4S2T,0.2786212873141403
4TL6,0.2786212873141403
4TL7,0.2786212873141403
4TL8,0.2786212873141403
4TL9,0.2786212873141403
4TLA,0.2786212873141403
4TLB,0.2786212873141403
4TLC,0.2786212873141403
4TLD,0.2786212873141403
4TLE,0.2786212873141403
5F2S,0.2786212873141403
5F2W,0.2786212873141403
5F32,0.2786212873141403
5F37,0.2786212873141403
5F39,0.2786212873141403
5F3C,0.2786212873141403
5F3E,0.2786212873141403
5F3G,0.2786212873141403
5F3I,0.2786212873141403
5F5A,0.2786212873141403
5F5C,0.2786212873141403
5F5I,0.2786212873141403
5FPL,0.2786212873141403
5GW9,0.2786212873141403
5I8M,0.2786212873141403
5I8X,0.2786212873141403
5LE5,0.2786212873141403
5LEX,0.2786212873141403
5LEY,0.2786212873141403
5LEZ,0.2786212873141403
5LF0,0.2786212873141403
5LF1,0.2786212873141403
5LF3,0.2786212873141403
5LF4,0.2786212873141403
5LF6,0.2786212873141403
5LF7,0.2786212873141403
5MGX,0.2786212873141403
5NGQ,0.2786212873141403
5NJN,0.2786212873141403
5NJO,0.2786212873141403
5NNW,0.2786212873141403
5NO9,0.2786212873141403
5OO4,0.2786212873141403
5OO5,0.2786212873141403
5OO8,0.2786212873141403
5OO9,0.2786212873141403
5OOA,0.2786212873141403
5WRD,0.2786212873141403
6AMQ,0.2786212873141403
6AMS,0.2786212873141403
6AP4,0.2786212873141403
6AU2,0.2786212873141403
6E6T,0.2786212873141403
6E6U,0.2786212873141403
6E6Y,0.2786212873141403
6IK4,0.2786212873141403
6VOR,0.2786212873141403
6VOS,0.2786212873141403
6VSR,0.2786212873141403
7N50,0.2786212873141403
7N51,0.2786212873141403
7N52,0.2786212873141403
7TYB,0.2786212873141403
7TZ4,0.2786212873141403
5A9E,0.27774208093931557
1TXR,0.2773502884307363
2YWY,0.2773502884307363
2YWZ,0.2773502884307363
4UAQ,0.2773502884307363
5W8T,0.2773502884307363
5W8U,0.2773502884307363
6SSC,0.2773502884307363
6SU5,0.2773502884307363
3B76,0.2757634823200569
4FGA,0.2757634823200569
1A06,0.2749464526309006
1ACY,0.2749464526309006
1D0L,0.2749464526309006
1DEG,0.2749464526309006
1DIK,0.2749464526309006
1E29,0.2749464526309006
1ET1,0.2749464526309006
1FGK,0.2749464526309006
1GGT,0.2749464526309006
1HOW,0.2749464526309006
1J95,0.2749464526309006
1K4Q,0.2749464526309006
1K5M,0.2749464526309006
1KCG,0.2749464526309006
1M5W,0.2749464526309006
1MAR,0.2749464526309006
1SBB,0.2749464526309006
1TI8,0.2749464526309006
1UTC,0.2749464526309006
1VBS,0.2749464526309006
1W3M,0.2749464526309006
1ZUX,0.2749464526309006
2B9B,0.2749464526309006
2BDW,0.2749464526309006
2BTJ,0.2749464526309006
2GSQ,0.2749464526309006
2GW1,0.2749464526309006
2HJV,0.2749464526309006
2NRF,0.2749464526309006
2QFC,0.2749464526309006
2QPJ,0.2749464526309006
2R59,0.2749464526309006
2VY0,0.2749464526309006
2YAD,0.2749464526309006
3B7R,0.2749464526309006
3B7S,0.2749464526309006
3B7T,0.2749464526309006
3B7U,0.2749464526309006
3BEG,0.2749464526309006
3BTS,0.2749464526309006
3BTU,0.2749464526309006
3BTV,0.2749464526309006
3HO3,0.2749464526309006
3HO4,0.2749464526309006
3HO5,0.2749464526309006
3MPC,0.2749464526309006
3R49,0.2749464526309006
3R4G,0.2749464526309006
3R54,0.2749464526309006
3R56,0.2749464526309006
3R57,0.2749464526309006
3R59,0.2749464526309006
3RCF,0.2749464526309006
3RCG,0.2749464526309006
3RCI,0.2749464526309006
3RCK,0.2749464526309006
3RCL,0.2749464526309006
3RD9,0.2749464526309006
3RDA,0.2749464526309006
3RDB,0.2749464526309006
3RDD,0.2749464526309006
3VN2,0.2749464526309006
3X2G,0.2749464526309006
3X2I,0.2749464526309006
3X2J,0.2749464526309006
3X2L,0.2749464526309006
3X2N,0.2749464526309006
3X2O,0.2749464526309006
4AFL,0.2749464526309006
4C1Q,0.2749464526309006
4CAV,0.2749464526309006
4CAW,0.2749464526309006
4CAX,0.2749464526309006
4ELK,0.2749464526309006
4FC2,0.2749464526309006
4HZL,0.2749464526309006
4J2C,0.2749464526309006
4J58,0.2749464526309006
4J59,0.2749464526309006
4J5B,0.2749464526309006
4J5C,0.2749464526309006
4J5D,0.2749464526309006
4J5E,0.2749464526309006
4N9Y,0.2749464526309006
4N9Z,0.2749464526309006
4NA0,0.2749464526309006
4NA4,0.2749464526309006
4NA5,0.2749464526309006
4NA6,0.2749464526309006
4NNN,0.2749464526309006
4NNW,0.2749464526309006
4NO1,0.2749464526309006
4NO6,0.2749464526309006
4NO8,0.2749464526309006
4NO9,0.2749464526309006
4QQG,0.2749464526309006
4UVQ,0.2749464526309006
4YNL,0.2749464526309006
4ZM7,0.2749464526309006
5G4C,0.2749464526309006
5LUQ,0.2749464526309006
5MX1,0.2749464526309006
5N10,0.2749464526309006
5OLJ,0.2749464526309006
5TJ7,0.2749464526309006
5TJ8,0.2749464526309006
5TJQ,0.2749464526309006
5X4M,0.2749464526309006
5X4N,0.2749464526309006
5X4O,0.2749464526309006
5X4P,0.2749464526309006
5X4Q,0.2749464526309006
5YY9,0.2749464526309006
5YYA,0.2749464526309006
6AD3,0.2749464526309006
6BFD,0.2749464526309006
6BFE,0.2749464526309006
6BFW,0.2749464526309006
6BFX,0.2749464526309006
6C9D,0.2749464526309006
6CW2,0.2749464526309006
6CW3,0.2749464526309006
6CWC,0.2749464526309006
6CWF,0.2749464526309006
6CWH,0.2749464526309006
6CWI,0.2749464526309006
6CWL,0.2749464526309006
6CWM,0.2749464526309006
6CWN,0.2749464526309006
6CWR,0.2749464526309006
6E52,0.2749464526309006
6E95,0.2749464526309006
6IP0,0.2749464526309006
6KO5,0.2749464526309006
6KS2,0.2749464526309006
6SYF,0.2749464526309006
6U22,0.2749464526309006
6VXY,0.2749464526309006
6W25,0.2749464526309006
6X6O,0.2749464526309006
7ABA,0.2749464526309006
7ABB,0.2749464526309006
7AYX,0.2749464526309006
7E0Z,0.2749464526309006
7E11,0.2749464526309006
7E12,0.2749464526309006
7PC3,0.2749464526309006
7PC4,0.2749464526309006
7PC5,0.2749464526309006
7PC7,0.2749464526309006
7PC8,0.2749464526309006
7PC9,0.2749464526309006
7PCB,0.2749464526309006
7Q1E,0.2749464526309006
7Q1F,0.2749464526309006
7QIQ,0.2749464526309006
7QIR,0.2749464526309006
7QIS,0.2749464526309006
7QIT,0.2749464526309006
7QQL,0.2749464526309006
7QQM,0.2749464526309006
7QQN,0.2749464526309006
7Z0F,0.2749464526309006
7Z0G,0.2749464526309006
8BPY,0.2749464526309006
5DBE,0.27326416873816717
1AK2,0.27138888121744686
1FT1,0.27138888121744686
1FTJ,0.27138888121744686
1FTK,0.27138888121744686
1FTL,0.27138888121744686
1FTM,0.27138888121744686
1FTO,0.27138888121744686
1FW0,0.27138888121744686
1G5Z,0.27138888121744686
1HLQ,0.27138888121744686
1I1I,0.27138888121744686
1JL9,0.27138888121744686
1K9O,0.27138888121744686
1LCY,0.27138888121744686
1MCT,0.27138888121744686
1OE1,0.27138888121744686
1OE2,0.27138888121744686
1OE3,0.27138888121744686
1ORF,0.27138888121744686
1OZB,0.27138888121744686
1SVF,0.27138888121744686
1T2N,0.27138888121744686
1T4M,0.27138888121744686
1TGZ,0.27138888121744686
1TH0,0.27138888121744686
1W3B,0.27138888121744686
1WAK,0.27138888121744686
1X2J,0.27138888121744686
1X2R,0.27138888121744686
1XF9,0.27138888121744686
1XFA,0.27138888121744686
2ADO,0.27138888121744686
2AK2,0.27138888121744686
2AUG,0.27138888121744686
2AUH,0.27138888121744686
2CJX,0.27138888121744686
2CJY,0.27138888121744686
2DKO,0.27138888121744686
2GNQ,0.27138888121744686
2H9L,0.27138888121744686
2JBO,0.27138888121744686
2JBP,0.27138888121744686
2JDQ,0.27138888121744686
2JKF,0.27138888121744686
2JKG,0.27138888121744686
2NRN,0.27138888121744686
2NSA,0.27138888121744686
2NSB,0.27138888121744686
2NSC,0.27138888121744686
2NXB,0.27138888121744686
2OO1,0.27138888121744686
2ORX,0.27138888121744686
2ORZ,0.27138888121744686
2OSS,0.27138888121744686
2OUO,0.27138888121744686
2PE8,0.27138888121744686
2PEH,0.27138888121744686
2PXY,0.27138888121744686
2RFJ,0.27138888121744686
2VVK,0.27138888121744686
2VWF,0.27138888121744686
2W0Z,0.27138888121744686
2W10,0.27138888121744686
2W5Y,0.27138888121744686
2WL7,0.27138888121744686
2WV7,0.27138888121744686
2WWT,0.27138888121744686
2X0G,0.27138888121744686
2X1C,0.27138888121744686
2X1D,0.27138888121744686
2X1E,0.27138888121744686
2X8J,0.27138888121744686
2YPT,0.27138888121744686
2Z31,0.27138888121744686
2Z35,0.27138888121744686
3C8F,0.27138888121744686
3CSK,0.27138888121744686
3D7C,0.27138888121744686
3D8A,0.27138888121744686
3DAI,0.27138888121744686
3DCQ,0.27138888121744686
3DEO,0.27138888121744686
3DEP,0.27138888121744686
3DOX,0.27138888121744686
3DWY,0.27138888121744686
3GG3,0.27138888121744686
3HIH,0.27138888121744686
3HIK,0.27138888121744686
3HME,0.27138888121744686
3HMF,0.27138888121744686
3HMH,0.27138888121744686
3I3J,0.27138888121744686
3I97,0.27138888121744686
3IU5,0.27138888121744686
3IU6,0.27138888121744686
3LXJ,0.27138888121744686
3M22,0.27138888121744686
3M24,0.27138888121744686
3MB3,0.27138888121744686
3MB4,0.27138888121744686
3MH4,0.27138888121744686
3MH5,0.27138888121744686
3MH6,0.27138888121744686
3MH7,0.27138888121744686
3MQM,0.27138888121744686
3NXB,0.27138888121744686
3NYL,0.27138888121744686
3NYN,0.27138888121744686
3NYO,0.27138888121744686
3OLC,0.27138888121744686
3P1C,0.27138888121744686
3P1D,0.27138888121744686
3Q2E,0.27138888121744686
3RCW,0.27138888121744686
3S7B,0.27138888121744686
3S7D,0.27138888121744686
3S7F,0.27138888121744686
3S7J,0.27138888121744686
3TLP,0.27138888121744686
3U4W,0.27138888121744686
3U51,0.27138888121744686
3UDH,0.27138888121744686
3UDJ,0.27138888121744686
3UDK,0.27138888121744686
3UDM,0.27138888121744686
3UDN,0.27138888121744686
3UDP,0.27138888121744686
3UDQ,0.27138888121744686
3UDR,0.27138888121744686
3UDY,0.27138888121744686
3UV2,0.27138888121744686
3UV4,0.27138888121744686
3UV5,0.27138888121744686
3UVD,0.27138888121744686
4A7J,0.27138888121744686
4AW6,0.27138888121744686
4AW9,0.27138888121744686
4AWA,0.27138888121744686
4AWB,0.27138888121744686
4BXE,0.27138888121744686
4BXJ,0.27138888121744686
4C0D,0.27138888121744686
4C0E,0.27138888121744686
4C0F,0.27138888121744686
4C0G,0.27138888121744686
4CC4,0.27138888121744686
4CC7,0.27138888121744686
4F1I,0.27138888121744686
4FVA,0.27138888121744686
4GEW,0.27138888121744686
4HOO,0.27138888121744686
4HYC,0.27138888121744686
4HYD,0.27138888121744686
4HYG,0.27138888121744686
4ICB,0.27138888121744686
4KVM,0.27138888121744686
4KVO,0.27138888121744686
4KVX,0.27138888121744686
4M7C,0.27138888121744686
4OH4,0.27138888121744686
4OVF,0.27138888121744686
4OVG,0.27138888121744686
4OVH,0.27138888121744686
4PNU,0.27138888121744686
4PNV,0.27138888121744686
4PNW,0.27138888121744686
4Q0A,0.27138888121744686
4Q5J,0.27138888121744686
4RLV,0.27138888121744686
4RLY,0.27138888121744686
4TVW,0.27138888121744686
4TVY,0.27138888121744686
4U7W,0.27138888121744686
4UVM,0.27138888121744686
4W4T,0.27138888121744686
4XDN,0.27138888121744686
4XX9,0.27138888121744686
5GJ4,0.27138888121744686
5HI7,0.27138888121744686
5JMC,0.27138888121744686
5L22,0.27138888121744686
5MF6,0.27138888121744686
5MFP,0.27138888121744686
5MFZ,0.27138888121744686
5MGN,0.27138888121744686
5MLP,0.27138888121744686
5MLQ,0.27138888121744686
5OCD,0.27138888121744686
5TXV,0.27138888121744686
5VGD,0.27138888121744686
5XAM,0.27138888121744686
5XAN,0.27138888121744686
5XAP,0.27138888121744686
6A8G,0.27138888121744686
6A8N,0.27138888121744686
6C09,0.27138888121744686
6C15,0.27138888121744686
6CDX,0.27138888121744686
6E2P,0.27138888121744686
6E2Q,0.27138888121744686
6EZ3,0.27138888121744686
6FAP,0.27138888121744686
6FHQ,0.27138888121744686
6FI0,0.27138888121744686
6FI1,0.27138888121744686
6ILU,0.27138888121744686
6JMX,0.27138888121744686
6JMY,0.27138888121744686
6JMZ,0.27138888121744686
6JN7,0.27138888121744686
6JN8,0.27138888121744686
6K3A,0.27138888121744686
6KV1,0.27138888121744686
6QUH,0.27138888121744686
6QUI,0.27138888121744686
6QUJ,0.27138888121744686
6RJE,0.27138888121744686
6RK4,0.27138888121744686
6W51,0.27138888121744686
6X9H,0.27138888121744686
6XR1,0.27138888121744686
6XR2,0.27138888121744686
7AKR,0.27138888121744686
7AQM,0.27138888121744686
7ARW,0.27138888121744686
7DHQ,0.27138888121744686
7RGW,0.27138888121744686
8BE6,0.27138888121744686
8BE7,0.27138888121744686
8BE8,0.27138888121744686
8BE9,0.27138888121744686
8BEA,0.27138888121744686
8CJH,0.27138888121744686
3J2I,0.2713065448267131
7VGX,0.2713065448267131
2CGA,0.2701974781197102
2GC5,0.2701974781197102
2GC6,0.2701974781197102
2GCA,0.2701974781197102
2GCB,0.2701974781197102
5E4V,0.2701974781197102
1EB4,0.26994332394940024
1GK2,0.26994332394940024
1GK3,0.26994332394940024
2PIY,0.26994332394940024
2PIZ,0.26994332394940024
2PJ0,0.26994332394940024
2PJ1,0.26994332394940024
2PJ2,0.26994332394940024
2PJ3,0.26994332394940024
2PJ4,0.26994332394940024
2PJ5,0.26994332394940024
2PJ6,0.26994332394940024
2PJ7,0.26994332394940024
2PJ8,0.26994332394940024
2PJ9,0.26994332394940024
2PJA,0.26994332394940024
2PJB,0.26994332394940024
2PJC,0.26994332394940024
2XSA,0.26994332394940024
2XSB,0.26994332394940024
3V5H,0.26994332394940024
4ONI,0.26994332394940024
6JKC,0.26994332394940024
6JKD,0.26994332394940024
6YCR,0.26994332394940024
7NFF,0.26994332394940024
7NFG,0.26994332394940024
7NFH,0.26994332394940024
7NFI,0.26994332394940024
7NFJ,0.26994332394940024
7NFK,0.26994332394940024
7NFL,0.26994332394940024
7NFM,0.26994332394940024
7NFN,0.26994332394940024
7NFO,0.26994332394940024
7NFP,0.26994332394940024
8A09,0.26994332394940024
1SQZ,0.2679606756533176
1AFV,0.2679430031845916
1CAH,0.2679430031845916
1D2K,0.2679430031845916
1DE4,0.2679430031845916
1DMG,0.2679430031845916
1EGP,0.2679430031845916
1EPO,0.2679430031845916
1EUJ,0.2679430031845916
1FEW,0.2679430031845916
1FH5,0.2679430031845916
1GIF,0.2679430031845916
1H6S,0.2679430031845916
1HFC,0.2679430031845916
1HO8,0.2679430031845916
1KQP,0.2679430031845916
1KUH,0.2679430031845916
1MI1,0.2679430031845916
1MKH,0.2679430031845916
1N4P,0.2679430031845916
1NFU,0.2679430031845916
1NFW,0.2679430031845916
1NFX,0.2679430031845916
1NFY,0.2679430031845916
1NU6,0.2679430031845916
1NU8,0.2679430031845916
1NWA,0.2679430031845916
1OCC,0.2679430031845916
1OVA,0.2679430031845916
1P3C,0.2679430031845916
1P3E,0.2679430031845916
1PDR,0.2679430031845916
1PKV,0.2679430031845916
1PY9,0.2679430031845916
1Q9C,0.2679430031845916
1Q9J,0.2679430031845916
1QR0,0.2679430031845916
1QZY,0.2679430031845916
1RD6,0.2679430031845916
1RJD,0.2679430031845916
1RJE,0.2679430031845916
1RJF,0.2679430031845916
1RJG,0.2679430031845916
1RWZ,0.2679430031845916
1RXM,0.2679430031845916
1RXZ,0.2679430031845916
1S1Q,0.2679430031845916
1S3Z,0.2679430031845916
1S5K,0.2679430031845916
1S60,0.2679430031845916
1S7G,0.2679430031845916
1T6F,0.2679430031845916
1TDQ,0.2679430031845916
1TKS,0.2679430031845916
1TKU,0.2679430031845916
1TT5,0.2679430031845916
1U6H,0.2679430031845916
1UAG,0.2679430031845916
1UPL,0.2679430031845916
1WFC,0.2679430031845916
1WPL,0.2679430031845916
1WU9,0.2679430031845916
1X9P,0.2679430031845916
1XE4,0.2679430031845916
1XF8,0.2679430031845916
1XIX,0.2679430031845916
1XWW,0.2679430031845916
1YJ5,0.2679430031845916
1YJM,0.2679430031845916
1YJO,0.2679430031845916
1YJP,0.2679430031845916
2B3T,0.2679430031845916
2BR7,0.2679430031845916
2BR8,0.2679430031845916
2BSK,0.2679430031845916
2BTW,0.2679430031845916
2BU3,0.2679430031845916
2CLT,0.2679430031845916
2CMR,0.2679430031845916
2CNM,0.2679430031845916
2CNS,0.2679430031845916
2CNT,0.2679430031845916
2D2I,0.2679430031845916
2DFB,0.2679430031845916
2DFC,0.2679430031845916
2ER0,0.2679430031845916
2ER9,0.2679430031845916
2ESV,0.2679430031845916
2ESW,0.2679430031845916
2FCM,0.2679430031845916
2FCN,0.2679430031845916
2FCQ,0.2679430031845916
2FCS,0.2679430031845916
2FUN,0.2679430031845916
2FWQ,0.2679430031845916
2FYM,0.2679430031845916
2FZU,0.2679430031845916
2GED,0.2679430031845916
2GRL,0.2679430031845916
2GRM,0.2679430031845916
2H13,0.2679430031845916
2H14,0.2679430031845916
2I3S,0.2679430031845916
2I3T,0.2679430031845916
2IC8,0.2679430031845916
2ID7,0.2679430031845916
2ID9,0.2679430031845916
2IDM,0.2679430031845916
2IZV,0.2679430031845916
2NRU,0.2679430031845916
2NRY,0.2679430031845916
2NZ0,0.2679430031845916
2O7L,0.2679430031845916
2OJQ,0.2679430031845916
2PEE,0.2679430031845916
2PEF,0.2679430031845916
2PEI,0.2679430031845916
2PEJ,0.2679430031845916
2PEK,0.2679430031845916
2PEM,0.2679430031845916
2PEN,0.2679430031845916
2PEO,0.2679430031845916
2PEQ,0.2679430031845916
2PFC,0.2679430031845916
2QMI,0.2679430031845916
2R02,0.2679430031845916
2R03,0.2679430031845916
2R05,0.2679430031845916
2R57,0.2679430031845916
2R58,0.2679430031845916
2R5A,0.2679430031845916
2RA0,0.2679430031845916
2UUX,0.2679430031845916
2UUY,0.2679430031845916
2UXN,0.2679430031845916
2VLJ,0.2679430031845916
2VLK,0.2679430031845916
2VLL,0.2679430031845916
2VLM,0.2679430031845916
2VLR,0.2679430031845916
2VX3,0.2679430031845916
2W02,0.2679430031845916
2W03,0.2679430031845916
2W04,0.2679430031845916
2W9R,0.2679430031845916
2WA0,0.2679430031845916
2WSA,0.2679430031845916
2X1L,0.2679430031845916
2X1M,0.2679430031845916
2XT2,0.2679430031845916
2XT4,0.2679430031845916
2XU7,0.2679430031845916
2XZD,0.2679430031845916
2Y0B,0.2679430031845916
2Y32,0.2679430031845916
2Z9I,0.2679430031845916
2ZHR,0.2679430031845916
2ZHS,0.2679430031845916
2ZHT,0.2679430031845916
2ZHU,0.2679430031845916
2ZHV,0.2679430031845916
2ZJT,0.2679430031845916
3AQE,0.2679430031845916
3AQF,0.2679430031845916
3BGB,0.2679430031845916
3BGC,0.2679430031845916
3BU6,0.2679430031845916
3CBM,0.2679430031845916
3CBO,0.2679430031845916
3CBP,0.2679430031845916
3CEY,0.2679430031845916
3CKF,0.2679430031845916
3CKG,0.2679430031845916
3D2E,0.2679430031845916
3D2F,0.2679430031845916
3DLS,0.2679430031845916
3DXC,0.2679430031845916
3DXD,0.2679430031845916
3DXE,0.2679430031845916
3EC1,0.2679430031845916
3EG0,0.2679430031845916
3EG2,0.2679430031845916
3EG3,0.2679430031845916
3EGU,0.2679430031845916
3F70,0.2679430031845916
3FHU,0.2679430031845916
3FHV,0.2679430031845916
3FIE,0.2679430031845916
3FII,0.2679430031845916
3FLA,0.2679430031845916
3FLB,0.2679430031845916
3FQN,0.2679430031845916
3FQR,0.2679430031845916
3FQT,0.2679430031845916
3FQU,0.2679430031845916
3FQW,0.2679430031845916
3FQX,0.2679430031845916
3G5U,0.2679430031845916
3G60,0.2679430031845916
3G61,0.2679430031845916
3H5Z,0.2679430031845916
3H6C,0.2679430031845916
3HOA,0.2679430031845916
3HQ2,0.2679430031845916
3IJ4,0.2679430031845916
3IO2,0.2679430031845916
3K2L,0.2679430031845916
3KFB,0.2679430031845916
3KFE,0.2679430031845916
3KFK,0.2679430031845916
3KGQ,0.2679430031845916
3KT9,0.2679430031845916
3LEF,0.2679430031845916
3LF6,0.2679430031845916
3LF9,0.2679430031845916
3LG7,0.2679430031845916
3LH2,0.2679430031845916
3LHP,0.2679430031845916
3LJQ,0.2679430031845916
3LO1,0.2679430031845916
3LO2,0.2679430031845916
3LO4,0.2679430031845916
3LO6,0.2679430031845916
3LO9,0.2679430031845916
3LOE,0.2679430031845916
3LVX,0.2679430031845916
3MCB,0.2679430031845916
3MCE,0.2679430031845916
3MKS,0.2679430031845916
3NAZ,0.2679430031845916
3NB0,0.2679430031845916
3NCH,0.2679430031845916
3O1F,0.2679430031845916
3O2O,0.2679430031845916
3O3C,0.2679430031845916
3P4F,0.2679430031845916
3PG0,0.2679430031845916
3PLZ,0.2679430031845916
3PMK,0.2679430031845916
3QB8,0.2679430031845916
3QBR,0.2679430031845916
3QLN,0.2679430031845916
3RCE,0.2679430031845916
3RGV,0.2679430031845916
3RN6,0.2679430031845916
3ROF,0.2679430031845916
3RX6,0.2679430031845916
3S3X,0.2679430031845916
3SMR,0.2679430031845916
3SYK,0.2679430031845916
3SYL,0.2679430031845916
3TWQ,0.2679430031845916
3TX7,0.2679430031845916
3UN4,0.2679430031845916
3UN8,0.2679430031845916
3UNB,0.2679430031845916
3UNE,0.2679430031845916
3UNF,0.2679430031845916
3UNH,0.2679430031845916
3UR4,0.2679430031845916
3VGJ,0.2679430031845916
3VTX,0.2679430031845916
3VTY,0.2679430031845916
3W1B,0.2679430031845916
3W1G,0.2679430031845916
3W5O,0.2679430031845916
3WGD,0.2679430031845916
3WGE,0.2679430031845916
3WGX,0.2679430031845916
3WUY,0.2679430031845916
3X2U,0.2679430031845916
3X2V,0.2679430031845916
3X2W,0.2679430031845916
4AIR,0.2679430031845916
4AOQ,0.2679430031845916
4AOR,0.2679430031845916
4APR,0.2679430031845916
4AU7,0.2679430031845916
4B9Q,0.2679430031845916
4BIK,0.2679430031845916
4BUP,0.2679430031845916
4C4E,0.2679430031845916
4C4F,0.2679430031845916
4C4G,0.2679430031845916
4C4H,0.2679430031845916
4C4I,0.2679430031845916
4C4J,0.2679430031845916
4DVD,0.2679430031845916
4FVF,0.2679430031845916
4FVG,0.2679430031845916
4FVJ,0.2679430031845916
4G3C,0.2679430031845916
4G3D,0.2679430031845916
4G3E,0.2679430031845916
4G3F,0.2679430031845916
4G3G,0.2679430031845916
4GQB,0.2679430031845916
4GQL,0.2679430031845916
4GR0,0.2679430031845916
4GR3,0.2679430031845916
4GR8,0.2679430031845916
4GU1,0.2679430031845916
4GUR,0.2679430031845916
4GUS,0.2679430031845916
4GUT,0.2679430031845916
4GUU,0.2679430031845916
4HSG,0.2679430031845916
4IG9,0.2679430031845916
4IT4,0.2679430031845916
4IT6,0.2679430031845916
4JOO,0.2679430031845916
4JP9,0.2679430031845916
4JPC,0.2679430031845916
4JPE,0.2679430031845916
4K2F,0.2679430031845916
4K2G,0.2679430031845916
4K8O,0.2679430031845916
4KA9,0.2679430031845916
4KFV,0.2679430031845916
4KFW,0.2679430031845916
4KXQ,0.2679430031845916
4L58,0.2679430031845916
4LG6,0.2679430031845916
4LXC,0.2679430031845916
4M36,0.2679430031845916
4M37,0.2679430031845916
4M8G,0.2679430031845916
4M90,0.2679430031845916
4MQ9,0.2679430031845916
4N4P,0.2679430031845916
4N4Q,0.2679430031845916
4NAO,0.2679430031845916
4NM5,0.2679430031845916
4NM7,0.2679430031845916
4NYK,0.2679430031845916
4OER,0.2679430031845916
4OES,0.2679430031845916
4OET,0.2679430031845916
4OEU,0.2679430031845916
4OEV,0.2679430031845916
4OFL,0.2679430031845916
4OFO,0.2679430031845916
4PQW,0.2679430031845916
4QMG,0.2679430031845916
4QP5,0.2679430031845916
4QPB,0.2679430031845916
4R1J,0.2679430031845916
4RE1,0.2679430031845916
4REK,0.2679430031845916
4U0G,0.2679430031845916
4U0H,0.2679430031845916
4UP5,0.2679430031845916
4V0P,0.2679430031845916
4WAA,0.2679430031845916
4WJN,0.2679430031845916
4WJO,0.2679430031845916
4WJP,0.2679430031845916
4WJQ,0.2679430031845916
4WSF,0.2679430031845916
4X34,0.2679430031845916
4X43,0.2679430031845916
4X7I,0.2679430031845916
4XB0,0.2679430031845916
4XEE,0.2679430031845916
4XES,0.2679430031845916
4XFQ,0.2679430031845916
4XVW,0.2679430031845916
4YPM,0.2679430031845916
4YYP,0.2679430031845916
4Z68,0.2679430031845916
4Z9G,0.2679430031845916
4ZTO,0.2679430031845916
4ZTP,0.2679430031845916
5A2N,0.2679430031845916
5A2O,0.2679430031845916
5APA,0.2679430031845916
5APR,0.2679430031845916
5AYM,0.2679430031845916
5AYN,0.2679430031845916
5AYO,0.2679430031845916
5AZB,0.2679430031845916
5AZC,0.2679430031845916
5BNW,0.2679430031845916
5CUI,0.2679430031845916
5CUJ,0.2679430031845916
5CUM,0.2679430031845916
5DBJ,0.2679430031845916
5E7S,0.2679430031845916
5E84,0.2679430031845916
5E85,0.2679430031845916
5E86,0.2679430031845916
5EHK,0.2679430031845916
5F5B,0.2679430031845916
5F5D,0.2679430031845916
5F5G,0.2679430031845916
5F5J,0.2679430031845916
5F5K,0.2679430031845916
5FXC,0.2679430031845916
5HOG,0.2679430031845916
5HOI,0.2679430031845916
5HVQ,0.2679430031845916
5I4T,0.2679430031845916
5ICV,0.2679430031845916
5ICW,0.2679430031845916
5IDR,0.2679430031845916
5ISL,0.2679430031845916
5IVB,0.2679430031845916
5IVC,0.2679430031845916
5IVE,0.2679430031845916
5IVF,0.2679430031845916
5IVJ,0.2679430031845916
5IVV,0.2679430031845916
5IVX,0.2679430031845916
5IVY,0.2679430031845916
5IW0,0.2679430031845916
5IW1,0.2679430031845916
5IWF,0.2679430031845916
5IXD,0.2679430031845916
5IXI,0.2679430031845916
5J39,0.2679430031845916
5J3Q,0.2679430031845916
5J3T,0.2679430031845916
5J3Y,0.2679430031845916
5J7T,0.2679430031845916
5JHR,0.2679430031845916
5JHS,0.2679430031845916
5JTJ,0.2679430031845916
5JTV,0.2679430031845916
5JW5,0.2679430031845916
5JZ6,0.2679430031845916
5JZA,0.2679430031845916
5K04,0.2679430031845916
5K18,0.2679430031845916
5KAZ,0.2679430031845916
5L7S,0.2679430031845916
5LD9,0.2679430031845916
5LDA,0.2679430031845916
5LGP,0.2679430031845916
5LGQ,0.2679430031845916
5LGR,0.2679430031845916
5LGS,0.2679430031845916
5MKK,0.2679430031845916
5MSC,0.2679430031845916
5MSD,0.2679430031845916
5MSO,0.2679430031845916
5MSP,0.2679430031845916
5MSR,0.2679430031845916
5MSS,0.2679430031845916
5MST,0.2679430031845916
5MSU,0.2679430031845916
5MSV,0.2679430031845916
5MSW,0.2679430031845916
5MUA,0.2679430031845916
5N2C,0.2679430031845916
5N4G,0.2679430031845916
5N4J,0.2679430031845916
5N5D,0.2679430031845916
5NCH,0.2679430031845916
5NCI,0.2679430031845916
5NCJ,0.2679430031845916
5NR4,0.2679430031845916
5O45,0.2679430031845916
5O4Y,0.2679430031845916
5OQQ,0.2679430031845916
5OQR,0.2679430031845916
5OXW,0.2679430031845916
5OXX,0.2679430031845916
5OXZ,0.2679430031845916
5T0M,0.2679430031845916
5TDA,0.2679430031845916
5TTW,0.2679430031845916
5TZB,0.2679430031845916
5UC1,0.2679430031845916
5UM3,0.2679430031845916
5UY3,0.2679430031845916
5WB1,0.2679430031845916
5WB2,0.2679430031845916
5X54,0.2679430031845916
5YYX,0.2679430031845916
5ZJG,0.2679430031845916
5ZUV,0.2679430031845916
5ZVK,0.2679430031845916
5ZVM,0.2679430031845916
6APR,0.2679430031845916
6AU5,0.2679430031845916
6AVN,0.2679430031845916
6AXP,0.2679430031845916
6AYN,0.2679430031845916
6AZK,0.2679430031845916
6AZL,0.2679430031845916
6B57,0.2679430031845916
6BVB,0.2679430031845916
6C0G,0.2679430031845916
6C0H,0.2679430031845916
6C0Y,0.2679430031845916
6C4X,0.2679430031845916
6C4Y,0.2679430031845916
6C4Z,0.2679430031845916
6C50,0.2679430031845916
6C51,0.2679430031845916
6C52,0.2679430031845916
6D02,0.2679430031845916
6DO1,0.2679430031845916
6EOY,0.2679430031845916
6FEY,0.2679430031845916
6FF3,0.2679430031845916
6FFA,0.2679430031845916
6FG4,0.2679430031845916
6FGR,0.2679430031845916
6FHC,0.2679430031845916
6FHD,0.2679430031845916
6HWM,0.2679430031845916
6HWN,0.2679430031845916
6I0Q,0.2679430031845916
6I86,0.2679430031845916
6ICT,0.2679430031845916
6ICV,0.2679430031845916
6J4O,0.2679430031845916
6J4P,0.2679430031845916
6J4Q,0.2679430031845916
6J4S,0.2679430031845916
6J4U,0.2679430031845916
6J4V,0.2679430031845916
6J67,0.2679430031845916
6J8Y,0.2679430031845916
6JBV,0.2679430031845916
6JCH,0.2679430031845916
6JK7,0.2679430031845916
6MQC,0.2679430031845916
6MQR,0.2679430031845916
6MR4,0.2679430031845916
6N4I,0.2679430031845916
6NDT,0.2679430031845916
6NDV,0.2679430031845916
6NDW,0.2679430031845916
6NDX,0.2679430031845916
6NFF,0.2679430031845916
6O3N,0.2679430031845916
6QBY,0.2679430031845916
6QIY,0.2679430031845916
6QIZ,0.2679430031845916
6R0E,0.2679430031845916
6RVU,0.2679430031845916
6SF7,0.2679430031845916
6T6H,0.2679430031845916
6T6X,0.2679430031845916
6T6Y,0.2679430031845916
6T6Z,0.2679430031845916
6T70,0.2679430031845916
6TPK,0.2679430031845916
6U07,0.2679430031845916
6UMG,0.2679430031845916
6UMH,0.2679430031845916
6UMI,0.2679430031845916
6UMJ,0.2679430031845916
6VET,0.2679430031845916
6VHT,0.2679430031845916
6VHU,0.2679430031845916
6VHV,0.2679430031845916
6VHW,0.2679430031845916
6VHX,0.2679430031845916
6VHY,0.2679430031845916
6VHZ,0.2679430031845916
6VJT,0.2679430031845916
6VQO,0.2679430031845916
6VRM,0.2679430031845916
6VRN,0.2679430031845916
6VTC,0.2679430031845916
6VTH,0.2679430031845916
6WTB,0.2679430031845916
6YHV,0.2679430031845916
6Z2D,0.2679430031845916
6Z2O,0.2679430031845916
6ZCJ,0.2679430031845916
6ZMP,0.2679430031845916
6ZYK,0.2679430031845916
6ZYL,0.2679430031845916
7AKM,0.2679430031845916
7AKO,0.2679430031845916
7AZW,0.2679430031845916
7B3A,0.2679430031845916
7HVP,0.2679430031845916
7KO2,0.2679430031845916
7KRT,0.2679430031845916
7KRV,0.2679430031845916
7M2P,0.2679430031845916
7MSK,0.2679430031845916
7MSN,0.2679430031845916
7MSP,0.2679430031845916
7MYZ,0.2679430031845916
7NM7,0.2679430031845916
7NM8,0.2679430031845916
7OIY,0.2679430031845916
7OJE,0.2679430031845916
7OOV,0.2679430031845916
7OOW,0.2679430031845916
7OOX,0.2679430031845916
7OUP,0.2679430031845916
7PPZ,0.2679430031845916
7PQ0,0.2679430031845916
7PRX,0.2679430031845916
7Q4I,0.2679430031845916
7Q98,0.2679430031845916
7Q99,0.2679430031845916
7Q9A,0.2679430031845916
7Q9B,0.2679430031845916
7QP0,0.2679430031845916
7QP1,0.2679430031845916
7R0X,0.2679430031845916
7R1V,0.2679430031845916
7S8A,0.2679430031845916
7S8E,0.2679430031845916
7S8I,0.2679430031845916
7S8J,0.2679430031845916
7SUS,0.2679430031845916
7T2Q,0.2679430031845916
7U1M,0.2679430031845916
7XGJ,0.2679430031845916
7XGP,0.2679430031845916
7XJO,0.2679430031845916
7YGI,0.2679430031845916
7YT9,0.2679430031845916
7ZUC,0.2679430031845916
8BDW,0.2679430031845916
1EJ4,0.26739251739650793
1EJY,0.26739251739650793
1V6O,0.26739251739650793
1XJ7,0.26739251739650793
2IG0,0.26739251739650793
2OKZ,0.26739251739650793
3HS8,0.26739251739650793
3HS9,0.26739251739650793
3O71,0.26739251739650793
3PMS,0.26739251739650793
3POD,0.26739251739650793
3PON,0.26739251739650793
3RZ9,0.26739251739650793
3RZX,0.26739251739650793
4GQ6,0.26739251739650793
4HH6,0.26739251739650793
4O56,0.26739251739650793
4YOS,0.26739251739650793
4ZBJ,0.26739251739650793
5E6Q,0.26739251739650793
5GG4,0.26739251739650793
5N7D,0.26739251739650793
5N7F,0.26739251739650793
5W4F,0.26739251739650793
5YP8,0.26739251739650793
5YPA,0.26739251739650793
5YPB,0.26739251739650793
5YPC,0.26739251739650793
5YPE,0.26739251739650793
5YPF,0.26739251739650793
5YPG,0.26739251739650793
5YPH,0.26739251739650793
6CD8,0.26739251739650793
6CDG,0.26739251739650793
6KHZ,0.26739251739650793
6PXR,0.26739251739650793
6TWU,0.26739251739650793
6TWX,0.26739251739650793
6TWY,0.26739251739650793
7OW2,0.26739251739650793
7SFX,0.26739251739650793
7SMC,0.26739251739650793
7SMD,0.26739251739650793
7SME,0.26739251739650793
7UYM,0.26739251739650793
5WM0,0.2665496736568565
1TG4,0.26517685010478065
1AEV,0.2634845792613812
1AUW,0.2634845792613812
1CZH,0.2634845792613812
1CZK,0.2634845792613812
1CZL,0.2634845792613812
1CZO,0.2634845792613812
1CZR,0.2634845792613812
1D04,0.2634845792613812
1LDM,0.2634845792613812
1OHF,0.2634845792613812
1PNC,0.2634845792613812
1PND,0.2634845792613812
2LIV,0.2634845792613812
4TMN,0.2634845792613812
5TMN,0.2634845792613812
6LDH,0.2634845792613812
7EV8,0.2634845792613812
8LDH,0.2634845792613812
1AKL,0.2613659141868836
1E1H,0.2613659141868836
1EF0,0.2613659141868836
1FER,0.2613659141868836
1FYR,0.2613659141868836
1G9A,0.2613659141868836
1G9B,0.2613659141868836
1G9C,0.2613659141868836
1G9D,0.2613659141868836
1GBA,0.2613659141868836
1GBB,0.2613659141868836
1GBC,0.2613659141868836
1GBD,0.2613659141868836
1GBE,0.2613659141868836
1GBF,0.2613659141868836
1GBH,0.2613659141868836
1GBI,0.2613659141868836
1GBJ,0.2613659141868836
1GBK,0.2613659141868836
1GBL,0.2613659141868836
1GBM,0.2613659141868836
1GKJ,0.2613659141868836
1GKM,0.2613659141868836
1GSS,0.2613659141868836
1H4I,0.2613659141868836
1IS9,0.2613659141868836
1IZP,0.2613659141868836
1IZQ,0.2613659141868836
1IZR,0.2613659141868836
1JHJ,0.2613659141868836
1JO8,0.2613659141868836
1JPF,0.2613659141868836
1JPG,0.2613659141868836
1KB5,0.2613659141868836
1KTS,0.2613659141868836
1KTT,0.2613659141868836
1KU6,0.2613659141868836
1LG7,0.2613659141868836
1MHW,0.2613659141868836
1NFD,0.2613659141868836
1OEW,0.2613659141868836
1OEX,0.2613659141868836
1OHC,0.2613659141868836
1OHD,0.2613659141868836
1OHU,0.2613659141868836
1OJH,0.2613659141868836
1PEG,0.2613659141868836
1PFB,0.2613659141868836
1PHT,0.2613659141868836
1PIQ,0.2613659141868836
1PMA,0.2613659141868836
1QPF,0.2613659141868836
1QPL,0.2613659141868836
1QU1,0.2613659141868836
1RE1,0.2613659141868836
1RHJ,0.2613659141868836
1RHK,0.2613659141868836
1RHM,0.2613659141868836
1RHQ,0.2613659141868836
1RHR,0.2613659141868836
1RHU,0.2613659141868836
1UL1,0.2613659141868836
1W80,0.2613659141868836
1WKO,0.2613659141868836
1WKP,0.2613659141868836
1WKR,0.2613659141868836
1XD3,0.2613659141868836
1XIW,0.2613659141868836
1XO5,0.2613659141868836
1Y0R,0.2613659141868836
1Y0Y,0.2613659141868836
1ZP9,0.2613659141868836
1ZTF,0.2613659141868836
1ZTH,0.2613659141868836
2B29,0.2613659141868836
2B3G,0.2613659141868836
2BB2,0.2613659141868836
2BN2,0.2613659141868836
2C5I,0.2613659141868836
2C5J,0.2613659141868836
2C5K,0.2613659141868836
2DTZ,0.2613659141868836
2FBN,0.2613659141868836
2FGE,0.2613659141868836
2FMA,0.2613659141868836
2GF7,0.2613659141868836
2GFA,0.2613659141868836
2H2K,0.2613659141868836
2HPO,0.2613659141868836
2HPT,0.2613659141868836
2HQ5,0.2613659141868836
2J9J,0.2613659141868836
2J9K,0.2613659141868836
2JLH,0.2613659141868836
2JLI,0.2613659141868836
2JLJ,0.2613659141868836
2P1Y,0.2613659141868836
2P24,0.2613659141868836
2P6V,0.2613659141868836
2PMS,0.2613659141868836
2Q5X,0.2613659141868836
2Q5Y,0.2613659141868836
2RHB,0.2613659141868836
2V1S,0.2613659141868836
2V1T,0.2613659141868836
2V3X,0.2613659141868836
2V3Y,0.2613659141868836
2V3Z,0.2613659141868836
2VF1,0.2613659141868836
2VYI,0.2613659141868836
2YPK,0.2613659141868836
2YPL,0.2613659141868836
2ZCZ,0.2613659141868836
2ZD0,0.2613659141868836
3AHS,0.2613659141868836
3BUM,0.2613659141868836
3BUN,0.2613659141868836
3BUO,0.2613659141868836
3BUW,0.2613659141868836
3BUX,0.2613659141868836
3CSQ,0.2613659141868836
3CSR,0.2613659141868836
3DXB,0.2613659141868836
3E2H,0.2613659141868836
3E3Q,0.2613659141868836
3E7A,0.2613659141868836
3E7B,0.2613659141868836
3FXX,0.2613659141868836
3FY2,0.2613659141868836
3HL8,0.2613659141868836
3HP9,0.2613659141868836
3ID1,0.2613659141868836
3ID2,0.2613659141868836
3ID3,0.2613659141868836
3JWQ,0.2613659141868836
3K66,0.2613659141868836
3K6B,0.2613659141868836
3L4N,0.2613659141868836
3NQX,0.2613659141868836
3NQY,0.2613659141868836
3NQZ,0.2613659141868836
3OXF,0.2613659141868836
3OXG,0.2613659141868836
3OXL,0.2613659141868836
3P23,0.2613659141868836
3RNT,0.2613659141868836
3S5V,0.2613659141868836
3S60,0.2613659141868836
3T4G,0.2613659141868836
3TZW,0.2613659141868836
3TZX,0.2613659141868836
3TZY,0.2613659141868836
3TZZ,0.2613659141868836
3UX2,0.2613659141868836
3UX3,0.2613659141868836
3V43,0.2613659141868836
3ZLB,0.2613659141868836
4AOM,0.2613659141868836
4AYA,0.2613659141868836
4B1U,0.2613659141868836
4B1V,0.2613659141868836
4B1W,0.2613659141868836
4B1X,0.2613659141868836
4B1Y,0.2613659141868836
4B1Z,0.2613659141868836
4B5Z,0.2613659141868836
4BCX,0.2613659141868836
4BJ3,0.2613659141868836
4CGE,0.2613659141868836
4ENO,0.2613659141868836
4FQD,0.2613659141868836
4G56,0.2613659141868836
4GA0,0.2613659141868836
4GA1,0.2613659141868836
4GA2,0.2613659141868836
4GCR,0.2613659141868836
4GHU,0.2613659141868836
4GJH,0.2613659141868836
4HKJ,0.2613659141868836
4IUB,0.2613659141868836
4IUC,0.2613659141868836
4IUD,0.2613659141868836
4IYR,0.2613659141868836
4K8B,0.2613659141868836
4L1E,0.2613659141868836
4MZL,0.2613659141868836
4OL4,0.2613659141868836
4PWS,0.2613659141868836
4QT4,0.2613659141868836
4QXG,0.2613659141868836
4RKI,0.2613659141868836
4S3I,0.2613659141868836
4TN0,0.2613659141868836
4U2W,0.2613659141868836
4WCK,0.2613659141868836
4WCL,0.2613659141868836
4WCM,0.2613659141868836
4WCN,0.2613659141868836
4WUU,0.2613659141868836
4X1I,0.2613659141868836
4X1K,0.2613659141868836
4X1Y,0.2613659141868836
4X20,0.2613659141868836
4XO8,0.2613659141868836
4XO9,0.2613659141868836
4XOA,0.2613659141868836
4XOB,0.2613659141868836
4XOC,0.2613659141868836
4XOD,0.2613659141868836
4XOE,0.2613659141868836
4Y23,0.2613659141868836
4YHU,0.2613659141868836
4YHV,0.2613659141868836
5AZ9,0.2613659141868836
5CSF,0.2613659141868836
5CSI,0.2613659141868836
5CSJ,0.2613659141868836
5CSN,0.2613659141868836
5FW5,0.2613659141868836
5HES,0.2613659141868836
5JG9,0.2613659141868836
5JKQ,0.2613659141868836
5JWF,0.2613659141868836
5JWG,0.2613659141868836
5JWI,0.2613659141868836
5JXF,0.2613659141868836
5JXK,0.2613659141868836
5JXP,0.2613659141868836
5JY0,0.2613659141868836
5LAC,0.2613659141868836
5LAK,0.2613659141868836
5LP2,0.2613659141868836
5MFR,0.2613659141868836
5MFS,0.2613659141868836
5MFT,0.2613659141868836
5NSF,0.2613659141868836
5O65,0.2613659141868836
5O67,0.2613659141868836
5O68,0.2613659141868836
5SWS,0.2613659141868836
5SWZ,0.2613659141868836
5TKE,0.2613659141868836
5TP1,0.2613659141868836
5UGZ,0.2613659141868836
5UN8,0.2613659141868836
5UN9,0.2613659141868836
5VZT,0.2613659141868836
5VZU,0.2613659141868836
5W4L,0.2613659141868836
5XAH,0.2613659141868836
5XBK,0.2613659141868836
5XG9,0.2613659141868836
5XGG,0.2613659141868836
5Y1A,0.2613659141868836
5YBJ,0.2613659141868836
5YPR,0.2613659141868836
6B5Q,0.2613659141868836
6BZ3,0.2613659141868836
6CHB,0.2613659141868836
6CKZ,0.2613659141868836
6CL0,0.2613659141868836
6CL1,0.2613659141868836
6CL2,0.2613659141868836
6E55,0.2613659141868836
6F5P,0.2613659141868836
6FZX,0.2613659141868836
6H1D,0.2613659141868836
6IGK,0.2613659141868836
6IGL,0.2613659141868836
6IYK,0.2613659141868836
6IYL,0.2613659141868836
6KAJ,0.2613659141868836
6KAK,0.2613659141868836
6KAL,0.2613659141868836
6KAN,0.2613659141868836
6L7S,0.2613659141868836
6L7T,0.2613659141868836
6L7U,0.2613659141868836
6M33,0.2613659141868836
6M64,0.2613659141868836
6NKH,0.2613659141868836
6NKI,0.2613659141868836
6NKK,0.2613659141868836
6NKM,0.2613659141868836
6NXG,0.2613659141868836
6OFZ,0.2613659141868836
6OI0,0.2613659141868836
6OI1,0.2613659141868836
6OI2,0.2613659141868836
6OIE,0.2613659141868836
6P63,0.2613659141868836
6Q61,0.2613659141868836
6Q6C,0.2613659141868836
6QBD,0.2613659141868836
6S07,0.2613659141868836
6UAK,0.2613659141868836
6VYO,0.2613659141868836
6WKP,0.2613659141868836
6XA6,0.2613659141868836
6XA7,0.2613659141868836
6XA8,0.2613659141868836
6XRC,0.2613659141868836
7BG1,0.2613659141868836
7CO1,0.2613659141868836
7F71,0.2613659141868836
7F8P,0.2613659141868836
7JO7,0.2613659141868836
7JTJ,0.2613659141868836
7JUA,0.2613659141868836
7N1R,0.2613659141868836
7N3C,0.2613659141868836
7N3D,0.2613659141868836
7R3W,0.2613659141868836
7RNA,0.2613659141868836
7RNG,0.2613659141868836
7STR,0.2613659141868836
7STS,0.2613659141868836
7SUE,0.2613659141868836
7T1K,0.2613659141868836
7T1L,0.2613659141868836
7T1U,0.2613659141868836
7VGO,0.2613659141868836
7VGP,0.2613659141868836
7VRF,0.2613659141868836
7WEJ,0.2613659141868836
7WEK,0.2613659141868836
7XAR,0.2613659141868836
7XP7,0.2613659141868836
8B3K,0.2613659141868836
8BB7,0.2613659141868836
8BF4,0.2613659141868836
8BYK,0.2613659141868836
8G6P,0.2613659141868836
8H78,0.2613659141868836
3H3D,0.2605663416030352
3HXB,0.2605663416030352
3HXC,0.2605663416030352
3HXD,0.2605663416030352
3HXE,0.2605663416030352
3HXF,0.2605663416030352
4Q24,0.2605663416030352
5HM1,0.2605663416030352
5MU3,0.2605663416030352
5WTS,0.2605663416030352
6HCK,0.2605663416030352
6P64,0.2605663416030352
6SYM,0.2605663416030352
4AAH,0.25717214234491576
1JET,0.2567980603103716
1JEU,0.2567980603103716
1JEV,0.2567980603103716
1NEX,0.2567980603103716
1Q1S,0.2567980603103716
2G30,0.2567980603103716
2OLX,0.2567980603103716
2OXW,0.2567980603103716
2OY2,0.2567980603103716
3V7D,0.2567980603103716
4FIF,0.2567980603103716
4FIH,0.2567980603103716
4FII,0.2567980603103716
4K38,0.2567980603103716
4K39,0.2567980603103716
4K3M,0.2567980603103716
4QSY,0.2567980603103716
5C39,0.2567980603103716
5DNJ,0.2567980603103716
5E5Z,0.2567980603103716
5FOS,0.2567980603103716
5IP7,0.2567980603103716
5N7G,0.2567980603103716
5X7B,0.2567980603103716
5X94,0.2567980603103716
6AVK,0.2567980603103716
6CPO,0.2567980603103716
6HOM,0.2567980603103716
6HON,0.2567980603103716
6JZD,0.2567980603103716
6NUC,0.2567980603103716
6NUF,0.2567980603103716
6O4Y,0.2567980603103716
6O4Z,0.2567980603103716
6O51,0.2567980603103716
6O53,0.2567980603103716
6P5L,0.2567980603103716
6PLH,0.2567980603103716
6V8W,0.2567980603103716
6X2U,0.2567980603103716
7LFD,0.2567980603103716
7LXE,0.2567980603103716
7Q9R,0.2567980603103716
7QCQ,0.2567980603103716
7QF9,0.2567980603103716
7TB1,0.2567980603103716
7VFN,0.2567980603103716
6AN3,0.2560358976191025
7UZU,0.2553050386340858
7X7N,0.2553050386340858
1A16,0.2551774168061673
1A85,0.2551774168061673
1A86,0.2551774168061673
1AON,0.2551774168061673
1BSI,0.2551774168061673
1C5E,0.2551774168061673
1DYM,0.2551774168061673
1DZ3,0.2551774168061673
1E0F,0.2551774168061673
1E5W,0.2551774168061673
1ENV,0.2551774168061673
1EOG,0.2551774168061673
1EOH,0.2551774168061673
1FJJ,0.2551774168061673
1FNT,0.2551774168061673
1FUX,0.2551774168061673
1FW8,0.2551774168061673
1G1I,0.2551774168061673
1G1J,0.2551774168061673
1G6X,0.2551774168061673
1GMU,0.2551774168061673
1GMV,0.2551774168061673
1GMW,0.2551774168061673
1HRH,0.2551774168061673
1HUY,0.2551774168061673
1IG8,0.2551774168061673
1JAW,0.2551774168061673
1JCC,0.2551774168061673
1JJ7,0.2551774168061673
1JL4,0.2551774168061673
1JV1,0.2551774168061673
1JV3,0.2551774168061673
1JVD,0.2551774168061673
1JVG,0.2551774168061673
1KTE,0.2551774168061673
1LAM,0.2551774168061673
1LAN,0.2551774168061673
1NFT,0.2551774168061673
1NU7,0.2551774168061673
1NU9,0.2551774168061673
1NXD,0.2551774168061673
1O6O,0.2551774168061673
1O9C,0.2551774168061673
1O9D,0.2551774168061673
1O9E,0.2551774168061673
1O9F,0.2551774168061673
1ORB,0.2551774168061673
1P5T,0.2551774168061673
1PN3,0.2551774168061673
1QLL,0.2551774168061673
1QO3,0.2551774168061673
1QQG,0.2551774168061673
1R77,0.2551774168061673
1RY2,0.2551774168061673
1SLQ,0.2551774168061673
1SRX,0.2551774168061673
1T77,0.2551774168061673
1TAB,0.2551774168061673
1TC1,0.2551774168061673
1TFA,0.2551774168061673
1TO4,0.2551774168061673
1TO5,0.2551774168061673
1TOC,0.2551774168061673
1UEF,0.2551774168061673
1UN2,0.2551774168061673
1UNN,0.2551774168061673
1UTU,0.2551774168061673
1VTK,0.2551774168061673
1W98,0.2551774168061673
1YCS,0.2551774168061673
1YJA,0.2551774168061673
1YJB,0.2551774168061673
1YJC,0.2551774168061673
1YUX,0.2551774168061673
1YUZ,0.2551774168061673
1YV1,0.2551774168061673
2A39,0.2551774168061673
2BAP,0.2551774168061673
2BQZ,0.2551774168061673
2CB3,0.2551774168061673
2CCV,0.2551774168061673
2CE6,0.2551774168061673
2CKG,0.2551774168061673
2CKH,0.2551774168061673
2D05,0.2551774168061673
2E1R,0.2551774168061673
2F0R,0.2551774168061673
2FEZ,0.2551774168061673
2FF4,0.2551774168061673
2FL1,0.2551774168061673
2G69,0.2551774168061673
2GBL,0.2551774168061673
2GI7,0.2551774168061673
2HW6,0.2551774168061673
2HW7,0.2551774168061673
2I99,0.2551774168061673
2IGQ,0.2551774168061673
2JLB,0.2551774168061673
2NPF,0.2551774168061673
2O8J,0.2551774168061673
2OGQ,0.2551774168061673
2OJR,0.2551774168061673
2OJX,0.2551774168061673
2ORA,0.2551774168061673
2QPW,0.2551774168061673
2R3A,0.2551774168061673
2VKW,0.2551774168061673
2VKX,0.2551774168061673
2VNF,0.2551774168061673
2VSY,0.2551774168061673
2VTK,0.2551774168061673
2WUT,0.2551774168061673
2YR4,0.2551774168061673
2YR5,0.2551774168061673
2YR6,0.2551774168061673
2ZGC,0.2551774168061673
2ZGH,0.2551774168061673
2ZGJ,0.2551774168061673
2ZKS,0.2551774168061673
3A3T,0.2551774168061673
3A7S,0.2551774168061673
3AFH,0.2551774168061673
3AU4,0.2551774168061673
3AU5,0.2551774168061673
3BZI,0.2551774168061673
3DPY,0.2551774168061673
3EK4,0.2551774168061673
3EK7,0.2551774168061673
3EK8,0.2551774168061673
3EKH,0.2551774168061673
3EKJ,0.2551774168061673
3F7M,0.2551774168061673
3F7O,0.2551774168061673
3GIC,0.2551774168061673
3IFZ,0.2551774168061673
3IG0,0.2551774168061673
3ISY,0.2551774168061673
3JS1,0.2551774168061673
3JSQ,0.2551774168061673
3KMA,0.2551774168061673
3KMJ,0.2551774168061673
3KMT,0.2551774168061673
3LKM,0.2551774168061673
3LLA,0.2551774168061673
3LMH,0.2551774168061673
3LMI,0.2551774168061673
3M4I,0.2551774168061673
3M6C,0.2551774168061673
3MQL,0.2551774168061673
3MWQ,0.2551774168061673
3MWR,0.2551774168061673
3MX8,0.2551774168061673
3NK6,0.2551774168061673
3NK7,0.2551774168061673
3O0P,0.2551774168061673
3PPD,0.2551774168061673
3Q1S,0.2551774168061673
3TNX,0.2551774168061673
3UO8,0.2551774168061673
3UOA,0.2551774168061673
3UPV,0.2551774168061673
3UQ3,0.2551774168061673
3VTK,0.2551774168061673
3ZIN,0.2551774168061673
3ZIO,0.2551774168061673
3ZIP,0.2551774168061673
3ZIQ,0.2551774168061673
3ZIR,0.2551774168061673
3ZKF,0.2551774168061673
3ZRI,0.2551774168061673
4A56,0.2551774168061673
4BG6,0.2551774168061673
4BM9,0.2551774168061673
4BN4,0.2551774168061673
4BN5,0.2551774168061673
4CS5,0.2551774168061673
4F0Z,0.2551774168061673
4FCJ,0.2551774168061673
4FDD,0.2551774168061673
4FWE,0.2551774168061673
4FWF,0.2551774168061673
4FWJ,0.2551774168061673
4GEQ,0.2551774168061673
4H3L,0.2551774168061673
4H3M,0.2551774168061673
4H3N,0.2551774168061673
4HC4,0.2551774168061673
4IIA,0.2551774168061673
4JDE,0.2551774168061673
4JO0,0.2551774168061673
4JQY,0.2551774168061673
4JQZ,0.2551774168061673
4JR0,0.2551774168061673
4JR1,0.2551774168061673
4JR2,0.2551774168061673
4LWO,0.2551774168061673
4LWP,0.2551774168061673
4MCY,0.2551774168061673
4MCZ,0.2551774168061673
4ON1,0.2551774168061673
4P0C,0.2551774168061673
4Q4E,0.2551774168061673
4Q4I,0.2551774168061673
4Q5U,0.2551774168061673
4QJR,0.2551774168061673
4QK4,0.2551774168061673
4QQK,0.2551774168061673
4R19,0.2551774168061673
4R1A,0.2551774168061673
4R1B,0.2551774168061673
4R1C,0.2551774168061673
4R8M,0.2551774168061673
4RIR,0.2551774168061673
4RIS,0.2551774168061673
4XAL,0.2551774168061673
5DYG,0.2551774168061673
5DYI,0.2551774168061673
5EH4,0.2551774168061673
5EH6,0.2551774168061673
5GLJ,0.2551774168061673
5GRU,0.2551774168061673
5GRV,0.2551774168061673
5GRW,0.2551774168061673
5GRX,0.2551774168061673
5GRY,0.2551774168061673
5GRZ,0.2551774168061673
5GS0,0.2551774168061673
5GS1,0.2551774168061673
5GS2,0.2551774168061673
5GS3,0.2551774168061673
5HGZ,0.2551774168061673
5HH0,0.2551774168061673
5HH1,0.2551774168061673
5HZM,0.2551774168061673
5J5T,0.2551774168061673
5KLH,0.2551774168061673
5KMX,0.2551774168061673
5KWF,0.2551774168061673
5LV2,0.2551774168061673
5LV3,0.2551774168061673
5LV4,0.2551774168061673
5LV5,0.2551774168061673
5MG9,0.2551774168061673
5T2F,0.2551774168061673
5T2S,0.2551774168061673
5T90,0.2551774168061673
5TBH,0.2551774168061673
5TBI,0.2551774168061673
5TBJ,0.2551774168061673
5UXT,0.2551774168061673
5WJN,0.2551774168061673
5WKF,0.2551774168061673
5WKH,0.2551774168061673
5XW7,0.2551774168061673
5Y8V,0.2551774168061673
5YWZ,0.2551774168061673
6AX8,0.2551774168061673
6B7R,0.2551774168061673
6B7T,0.2551774168061673
6BH8,0.2551774168061673
6CXT,0.2551774168061673
6CY8,0.2551774168061673
6D94,0.2551774168061673
6I1M,0.2551774168061673
6JTB,0.2551774168061673
6JTC,0.2551774168061673
6KMO,0.2551774168061673
6KVA,0.2551774168061673
6KVF,0.2551774168061673
6LB7,0.2551774168061673
6LB8,0.2551774168061673
6LNA,0.2551774168061673
6LQN,0.2551774168061673
6LQO,0.2551774168061673
6M95,0.2551774168061673
6M9L,0.2551774168061673
6MRP,0.2551774168061673
6O09,0.2551774168061673
6O40,0.2551774168061673
6OJ7,0.2551774168061673
6PRL,0.2551774168061673
6PYQ,0.2551774168061673
6PZ6,0.2551774168061673
6SRU,0.2551774168061673
6T6R,0.2551774168061673
6V3V,0.2551774168061673
6VAS,0.2551774168061673
6WAX,0.2551774168061673
6WW9,0.2551774168061673
6WWA,0.2551774168061673
6YNS,0.2551774168061673
6YNU,0.2551774168061673
7B1F,0.2551774168061673
7B1H,0.2551774168061673
7B1J,0.2551774168061673
7BRE,0.2551774168061673
7C95,0.2551774168061673
7CJE,0.2551774168061673
7CJG,0.2551774168061673
7F86,0.2551774168061673
7JVU,0.2551774168061673
7JVV,0.2551774168061673
7JVW,0.2551774168061673
7MGS,0.2551774168061673
7MX4,0.2551774168061673
7MXF,0.2551774168061673
7MXH,0.2551774168061673
7NWR,0.2551774168061673
7O86,0.2551774168061673
7OKW,0.2551774168061673
7QIK,0.2551774168061673
7QIP,0.2551774168061673
7RLE,0.2551774168061673
7SA7,0.2551774168061673
7SAF,0.2551774168061673
7SAY,0.2551774168061673
7YDF,0.2551774168061673
7YDG,0.2551774168061673
8ACD,0.2551774168061673
8ACL,0.2551774168061673
8B8V,0.2551774168061673
8EAW,0.2551774168061673
8F3A,0.2551774168061673
8F3B,0.2551774168061673
2ZL0,0.2519625730472598
2ZL3,0.2519625730472598
3DU7,0.2519625730472598
3E22,0.2519625730472598
3NN8,0.2519625730472598
3Q8J,0.2519625730472598
3V5K,0.2519625730472598
4QAE,0.2519625730472598
4WNN,0.2519625730472598
4YY4,0.2519625730472598
5IDK,0.2519625730472598
6MM6,0.2519625730472598
6MM7,0.2519625730472598
6MM8,0.2519625730472598
3O3Z,0.2511559737040422
2GNS,0.2510497530879525
1AGY,0.24934407481606907
1B6G,0.24934407481606907
1C4W,0.24934407481606907
1CEX,0.24934407481606907
1CPS,0.24934407481606907
1CQK,0.24934407481606907
1DEB,0.24934407481606907
1DHF,0.24934407481606907
1DOT,0.24934407481606907
1DTS,0.24934407481606907
1E25,0.24934407481606907
1ECF,0.24934407481606907
1ECJ,0.24934407481606907
1ES2,0.24934407481606907
1ES3,0.24934407481606907
1ES4,0.24934407481606907
1F1J,0.24934407481606907
1F56,0.24934407481606907
1FD3,0.24934407481606907
1FD4,0.24934407481606907
1FPO,0.24934407481606907
1G9I,0.24934407481606907
1G9O,0.24934407481606907
1GMC,0.24934407481606907
1GMD,0.24934407481606907
1GMK,0.24934407481606907
1H19,0.24934407481606907
1IY7,0.24934407481606907
1J9M,0.24934407481606907
1KYI,0.24934407481606907
1L6J,0.24934407481606907
1LA1,0.24934407481606907
1NHZ,0.24934407481606907
1NY2,0.24934407481606907
1OCS,0.24934407481606907
1OCU,0.24934407481606907
1P93,0.24934407481606907
1PE6,0.24934407481606907
1PEN,0.24934407481606907
1Q5K,0.24934407481606907
1QE6,0.24934407481606907
1QK3,0.24934407481606907
1QK4,0.24934407481606907
1SCN,0.24934407481606907
1SHJ,0.24934407481606907
1SHL,0.24934407481606907
1SSC,0.24934407481606907
1TI1,0.24934407481606907
1U3A,0.24934407481606907
1U59,0.24934407481606907
1U9M,0.24934407481606907
1U9U,0.24934407481606907
1UG4,0.24934407481606907
1VYJ,0.24934407481606907
1VYM,0.24934407481606907
1W52,0.24934407481606907
1W5U,0.24934407481606907
1W60,0.24934407481606907
1WSD,0.24934407481606907
1WVU,0.24934407481606907
1WVV,0.24934407481606907
1XAT,0.24934407481606907
1YOD,0.24934407481606907
1Z9G,0.24934407481606907
1ZDP,0.24934407481606907
1ZSF,0.24934407481606907
1ZSR,0.24934407481606907
2AE2,0.24934407481606907
2B6T,0.24934407481606907
2BG1,0.24934407481606907
2BIY,0.24934407481606907
2BYG,0.24934407481606907
2BZW,0.24934407481606907
2CBI,0.24934407481606907
2CBJ,0.24934407481606907
2DBT,0.24934407481606907
2DHF,0.24934407481606907
2DX1,0.24934407481606907
2EBO,0.24934407481606907
2ETX,0.24934407481606907
2FCF,0.24934407481606907
2FNE,0.24934407481606907
2G47,0.24934407481606907
2G48,0.24934407481606907
2G49,0.24934407481606907
2G54,0.24934407481606907
2G56,0.24934407481606907
2G62,0.24934407481606907
2GJJ,0.24934407481606907
2GRC,0.24934407481606907
2GZV,0.24934407481606907
2HE2,0.24934407481606907
2HE4,0.24934407481606907
2I1N,0.24934407481606907
2IWN,0.24934407481606907
2IWO,0.24934407481606907
2IWP,0.24934407481606907
2IWQ,0.24934407481606907
2JIG,0.24934407481606907
2JIJ,0.24934407481606907
2OE7,0.24934407481606907
2OE9,0.24934407481606907
2OEA,0.24934407481606907
2OJE,0.24934407481606907
2PV0,0.24934407481606907
2PVC,0.24934407481606907
2Q3Z,0.24934407481606907
2R3Z,0.24934407481606907
2UWX,0.24934407481606907
2UZ8,0.24934407481606907
2V24,0.24934407481606907
2V4A,0.24934407481606907
2V7H,0.24934407481606907
2VBP,0.24934407481606907
2VTY,0.24934407481606907
2VXB,0.24934407481606907
2VXC,0.24934407481606907
2WO7,0.24934407481606907
2XAT,0.24934407481606907
2XD1,0.24934407481606907
2ZSV,0.24934407481606907
2ZSW,0.24934407481606907
3BL2,0.24934407481606907
3CHY,0.24934407481606907
3CYP,0.24934407481606907
3DPH,0.24934407481606907
3DS0,0.24934407481606907
3DS1,0.24934407481606907
3DS2,0.24934407481606907
3DS3,0.24934407481606907
3DS4,0.24934407481606907
3DS5,0.24934407481606907
3DTJ,0.24934407481606907
3DU1,0.24934407481606907
3E0M,0.24934407481606907
3E0O,0.24934407481606907
3E59,0.24934407481606907
3EAT,0.24934407481606907
3GGR,0.24934407481606907
3IC1,0.24934407481606907
3IG5,0.24934407481606907
3IG8,0.24934407481606907
3INQ,0.24934407481606907
3IO8,0.24934407481606907
3IO9,0.24934407481606907
3ISZ,0.24934407481606907
3JVR,0.24934407481606907
3JVS,0.24934407481606907
3KAP,0.24934407481606907
3KAQ,0.24934407481606907
3LDA,0.24934407481606907
3LGD,0.24934407481606907
3LGF,0.24934407481606907
3LGG,0.24934407481606907
3LGL,0.24934407481606907
3LH0,0.24934407481606907
3LN9,0.24934407481606907
3MF6,0.24934407481606907
3MF9,0.24934407481606907
3MFA,0.24934407481606907
3MFC,0.24934407481606907
3NYJ,0.24934407481606907
3ODJ,0.24934407481606907
3OEC,0.24934407481606907
3ORX,0.24934407481606907
3ORZ,0.24934407481606907
3OTU,0.24934407481606907
3OZJ,0.24934407481606907
3P83,0.24934407481606907
3P8F,0.24934407481606907
3P8G,0.24934407481606907
3PGX,0.24934407481606907
3PMR,0.24934407481606907
3PXX,0.24934407481606907
3PZ0,0.24934407481606907
3PZ5,0.24934407481606907
3PZ6,0.24934407481606907
3QC9,0.24934407481606907
3RFI,0.24934407481606907
3S55,0.24934407481606907
3SX2,0.24934407481606907
3SYU,0.24934407481606907
3T1N,0.24934407481606907
3T7C,0.24934407481606907
3T92,0.24934407481606907
3TSC,0.24934407481606907
3UMZ,0.24934407481606907
3UNM,0.24934407481606907
3URP,0.24934407481606907
3VPI,0.24934407481606907
3VPJ,0.24934407481606907
3VV3,0.24934407481606907
3VVN,0.24934407481606907
3VVO,0.24934407481606907
3VVP,0.24934407481606907
3VVR,0.24934407481606907
3VVS,0.24934407481606907
3W4T,0.24934407481606907
3W5P,0.24934407481606907
3W5Q,0.24934407481606907
3W5R,0.24934407481606907
3W5T,0.24934407481606907
3WBN,0.24934407481606907
3X0V,0.24934407481606907
3ZC8,0.24934407481606907
3ZC9,0.24934407481606907
3ZGC,0.24934407481606907
3ZGD,0.24934407481606907
3ZHE,0.24934407481606907
4A4Y,0.24934407481606907
4B2N,0.24934407481606907
4BB3,0.24934407481606907
4CCA,0.24934407481606907
4CMM,0.24934407481606907
4CP3,0.24934407481606907
4D0Y,0.24934407481606907
4DGV,0.24934407481606907
4DGY,0.24934407481606907
4DOX,0.24934407481606907
4DWN,0.24934407481606907
4FH0,0.24934407481606907
4GUP,0.24934407481606907
4HGU,0.24934407481606907
4IGO,0.24934407481606907
4IGP,0.24934407481606907
4IGQ,0.24934407481606907
4IP8,0.24934407481606907
4IP9,0.24934407481606907
4K35,0.24934407481606907
4K3A,0.24934407481606907
4KRT,0.24934407481606907
4KRU,0.24934407481606907
4L67,0.24934407481606907
4LKD,0.24934407481606907
4LKE,0.24934407481606907
4LKF,0.24934407481606907
4MPW,0.24934407481606907
4N0H,0.24934407481606907
4N0I,0.24934407481606907
4NNX,0.24934407481606907
4NNY,0.24934407481606907
4NO0,0.24934407481606907
4NO2,0.24934407481606907
4NO3,0.24934407481606907
4NO5,0.24934407481606907
4NSV,0.24934407481606907
4NSY,0.24934407481606907
4O1R,0.24934407481606907
4O1S,0.24934407481606907
4O62,0.24934407481606907
4OZ6,0.24934407481606907
4P16,0.24934407481606907
4PN0,0.24934407481606907
4PN1,0.24934407481606907
4QBY,0.24934407481606907
4QQ4,0.24934407481606907
4RE5,0.24934407481606907
4RE6,0.24934407481606907
4RGB,0.24934407481606907
4S0S,0.24934407481606907
4S0T,0.24934407481606907
4TLX,0.24934407481606907
4TLZ,0.24934407481606907
4TM0,0.24934407481606907
4TM1,0.24934407481606907
4TM3,0.24934407481606907
4TM4,0.24934407481606907
4UX7,0.24934407481606907
4W79,0.24934407481606907
4X9Z,0.24934407481606907
4XHD,0.24934407481606907
4Y38,0.24934407481606907
4Y3J,0.24934407481606907
4Y3Y,0.24934407481606907
4Y48,0.24934407481606907
4Y4D,0.24934407481606907
4Y4G,0.24934407481606907
4Y4J,0.24934407481606907
4YF9,0.24934407481606907
4YFA,0.24934407481606907
4YFB,0.24934407481606907
4YFS,0.24934407481606907
4YNN,0.24934407481606907
4YNY,0.24934407481606907
4YO1,0.24934407481606907
4YPJ,0.24934407481606907
4Z7A,0.24934407481606907
4Z85,0.24934407481606907
4ZE6,0.24934407481606907
4ZEA,0.24934407481606907
4ZFQ,0.24934407481606907
4ZID,0.24934407481606907
5B23,0.24934407481606907
5BUQ,0.24934407481606907
5BUR,0.24934407481606907
5BUS,0.24934407481606907
5C9I,0.24934407481606907
5CXT,0.24934407481606907
5DA7,0.24934407481606907
5DCP,0.24934407481606907
5DLY,0.24934407481606907
5DM0,0.24934407481606907
5DM1,0.24934407481606907
5DM2,0.24934407481606907
5DM4,0.24934407481606907
5DSS,0.24934407481606907
5EB9,0.24934407481606907
5EBG,0.24934407481606907
5EDF,0.24934407481606907
5EDJ,0.24934407481606907
5EDX,0.24934407481606907
5EIQ,0.24934407481606907
5EJ2,0.24934407481606907
5EJW,0.24934407481606907
5ELJ,0.24934407481606907
5ELU,0.24934407481606907
5EO0,0.24934407481606907
5EO1,0.24934407481606907
5EQL,0.24934407481606907
5GXX,0.24934407481606907
5HFL,0.24934407481606907
5HFM,0.24934407481606907
5JGC,0.24934407481606907
5JMO,0.24934407481606907
5JMR,0.24934407481606907
5KDG,0.24934407481606907
5L04,0.24934407481606907
5LOS,0.24934407481606907
5LWZ,0.24934407481606907
5LX0,0.24934407481606907
5LX1,0.24934407481606907
5LX4,0.24934407481606907
5LX7,0.24934407481606907
5LXM,0.24934407481606907
5M06,0.24934407481606907
5M07,0.24934407481606907
5M08,0.24934407481606907
5M09,0.24934407481606907
5NKN,0.24934407481606907
5NRT,0.24934407481606907
5NRU,0.24934407481606907
5NRX,0.24934407481606907
5NRY,0.24934407481606907
5NRZ,0.24934407481606907
5NS1,0.24934407481606907
5NS2,0.24934407481606907
5NS5,0.24934407481606907
5OBU,0.24934407481606907
5OBV,0.24934407481606907
5OBW,0.24934407481606907
5OBX,0.24934407481606907
5OBY,0.24934407481606907
5SUR,0.24934407481606907
5SUS,0.24934407481606907
5SUT,0.24934407481606907
5SUU,0.24934407481606907
5SVZ,0.24934407481606907
5VEW,0.24934407481606907
5VEX,0.24934407481606907
5WDK,0.24934407481606907
5WDL,0.24934407481606907
5XEV,0.24934407481606907
5XPI,0.24934407481606907
5YFK,0.24934407481606907
5YJ9,0.24934407481606907
5ZHY,0.24934407481606907
5ZJ6,0.24934407481606907
6A4K,0.24934407481606907
6A7V,0.24934407481606907
6BFP,0.24934407481606907
6BG8,0.24934407481606907
6CKA,0.24934407481606907
6D0Q,0.24934407481606907
6D0R,0.24934407481606907
6DHI,0.24934407481606907
6DKJ,0.24934407481606907
6EG7,0.24934407481606907
6EH4,0.24934407481606907
6EH5,0.24934407481606907
6EH7,0.24934407481606907
6EH8,0.24934407481606907
6EH9,0.24934407481606907
6FR3,0.24934407481606907
6FR4,0.24934407481606907
6FR5,0.24934407481606907
6FR6,0.24934407481606907
6FR7,0.24934407481606907
6FR8,0.24934407481606907
6HG7,0.24934407481606907
6I9A,0.24934407481606907
6JPS,0.24934407481606907
6KM8,0.24934407481606907
6KTS,0.24934407481606907
6LJK,0.24934407481606907
6LJM,0.24934407481606907
6LJN,0.24934407481606907
6M9G,0.24934407481606907
6M9K,0.24934407481606907
6MAF,0.24934407481606907
6MAG,0.24934407481606907
6O1G,0.24934407481606907
6O1S,0.24934407481606907
6QMN,0.24934407481606907
6U0O,0.24934407481606907
6XXC,0.24934407481606907
6XY5,0.24934407481606907
6Y18,0.24934407481606907
6Y1D,0.24934407481606907
6Y3W,0.24934407481606907
6Y58,0.24934407481606907
6YDJ,0.24934407481606907
6YDK,0.24934407481606907
6YDL,0.24934407481606907
6YDM,0.24934407481606907
6YIG,0.24934407481606907
7A5T,0.24934407481606907
7A5W,0.24934407481606907
7A71,0.24934407481606907
7A72,0.24934407481606907
7A74,0.24934407481606907
7AGZ,0.24934407481606907
7KQL,0.24934407481606907
7M1L,0.24934407481606907
7M1M,0.24934407481606907
7ODN,0.24934407481606907
7OGN,0.24934407481606907
7U4P,0.24934407481606907
7UOI,0.24934407481606907
7VGB,0.24934407481606907
7VGC,0.24934407481606907
7WPI,0.24934407481606907
7WPJ,0.24934407481606907
7WPK,0.24934407481606907
7WPL,0.24934407481606907
7WPM,0.24934407481606907
7WPN,0.24934407481606907
7WPT,0.24934407481606907
7WPX,0.24934407481606907
7WQ0,0.24934407481606907
8DI3,0.24934407481606907
8DJJ,0.24934407481606907
8DK8,0.24934407481606907
8DKH,0.24934407481606907
8DKJ,0.24934407481606907
8DKK,0.24934407481606907
8DKL,0.24934407481606907
8DKZ,0.24934407481606907
8DMN,0.24934407481606907
8EJ7,0.24934407481606907
8EJ9,0.24934407481606907
3L03,0.24906599841509416
1E8N,0.24719645391885833
1JOH,0.24719645391885833
1O9U,0.24719645391885833
1OAI,0.24719645391885833
1Q1T,0.24719645391885833
1RZX,0.24719645391885833
1UTI,0.24719645391885833
1VCW,0.24719645391885833
2FA2,0.24719645391885833
2O60,0.24719645391885833
2OL9,0.24719645391885833
2Z3F,0.24719645391885833
3GOF,0.24719645391885833
3K22,0.24719645391885833
3M53,0.24719645391885833
3ME9,0.24719645391885833
3OLR,0.24719645391885833
3R0H,0.24719645391885833
3SVJ,0.24719645391885833
3TWE,0.24719645391885833
3ZDF,0.24719645391885833
4AIF,0.24719645391885833
4APO,0.24719645391885833
4EZH,0.24719645391885833
4G4L,0.24719645391885833
4GAO,0.24719645391885833
4GBA,0.24719645391885833
4J7F,0.24719645391885833
4J7I,0.24719645391885833
4J83,0.24719645391885833
4J8O,0.24719645391885833
4JFX,0.24719645391885833
4JFZ,0.24719645391885833
4KV4,0.24719645391885833
4NL8,0.24719645391885833
4TMP,0.24719645391885833
4W5A,0.24719645391885833
4YOO,0.24719645391885833
4YOZ,0.24719645391885833
5E1B,0.24719645391885833
5E1M,0.24719645391885833
5E1O,0.24719645391885833
5EJV,0.24719645391885833
5ET3,0.24719645391885833
5HDT,0.24719645391885833
5IQL,0.24719645391885833
5LDE,0.24719645391885833
5OAQ,0.24719645391885833
5SVE,0.24719645391885833
5W4G,0.24719645391885833
5XJO,0.24719645391885833
5XNV,0.24719645391885833
5YQG,0.24719645391885833
6B5P,0.24719645391885833
6B5R,0.24719645391885833
6B5S,0.24719645391885833
6B5T,0.24719645391885833
6B67,0.24719645391885833
6C88,0.24719645391885833
6CCT,0.24719645391885833
6CCU,0.24719645391885833
6CQL,0.24719645391885833
6CQN,0.24719645391885833
6CQQ,0.24719645391885833
6CQR,0.24719645391885833
6H22,0.24719645391885833
6H6A,0.24719645391885833
6J9J,0.24719645391885833
6JLH,0.24719645391885833
6NNV,0.24719645391885833
6NPW,0.24719645391885833
6NUU,0.24719645391885833
6P8U,0.24719645391885833
6QC0,0.24719645391885833
6QCG,0.24719645391885833
6TW3,0.24719645391885833
6UBE,0.24719645391885833
6WEG,0.24719645391885833
6X2P,0.24719645391885833
6X2W,0.24719645391885833
6X2X,0.24719645391885833
6X2Y,0.24719645391885833
6XXF,0.24719645391885833
7BDX,0.24719645391885833
7C0N,0.24719645391885833
7CFQ,0.24719645391885833
7CNU,0.24719645391885833
7F4E,0.24719645391885833
7JX7,0.24719645391885833
7JYA,0.24719645391885833
7LXF,0.24719645391885833
7OWN,0.24719645391885833
7OWR,0.24719645391885833
7RQQ,0.24719645391885833
7RQR,0.24719645391885833
7S3M,0.24719645391885833
7S48,0.24719645391885833
7S4G,0.24719645391885833
7SJP,0.24719645391885833
7SMF,0.24719645391885833
7T2U,0.24719645391885833
7T86,0.24719645391885833
7W0Q,0.24719645391885833
7W0S,0.24719645391885833
7W0T,0.24719645391885833
7X6Y,0.24719645391885833
7X6Z,0.24719645391885833
7X70,0.24719645391885833
7YNX,0.24719645391885833
7YZJ,0.24719645391885833
7ZKR,0.24719645391885833
7ZL7,0.24719645391885833
8A5L,0.24719645391885833
8A8R,0.24719645391885833
8GZE,0.24719645391885833
2H9G,0.24404012989032262
3EN0,0.24404012989032262
3MR9,0.24404012989032262
3MRB,0.24404012989032262
3QTE,0.24404012989032262
3SN8,0.24404012989032262
3SNA,0.24404012989032262
3SNB,0.24404012989032262
3SNC,0.24404012989032262
3SND,0.24404012989032262
3SNE,0.24404012989032262
3UJ1,0.24404012989032262
4EOX,0.24404012989032262
4R4X,0.24404012989032262
4R4Z,0.24404012989032262
6T7Z,0.24404012989032262
6TA8,0.24404012989032262
7D8D,0.24404012989032262
7D8F,0.24404012989032262
7V5H,0.24404012989032262
1AKY,0.2438361511736335
1B65,0.2438361511736335
1BA7,0.2438361511736335
1BKB,0.2438361511736335
1BKW,0.2438361511736335
1BRY,0.2438361511736335
1BUO,0.2438361511736335
1C3I,0.2438361511736335
1C7P,0.2438361511736335
1C8T,0.2438361511736335
1CFZ,0.2438361511736335
1CHZ,0.2438361511736335
1CLX,0.2438361511736335
1CVL,0.2438361511736335
1EPU,0.2438361511736335
1EXU,0.2438361511736335
1FIP,0.2438361511736335
1FOC,0.2438361511736335
1GFY,0.2438361511736335
1H4T,0.2438361511736335
1H4V,0.2438361511736335
1H5B,0.2438361511736335
1HC7,0.2438361511736335
1HKN,0.2438361511736335
1HXI,0.2438361511736335
1I4J,0.2438361511736335
1IAG,0.2438361511736335
1IQ1,0.2438361511736335
1J8M,0.2438361511736335
1J8Y,0.2438361511736335
1KRN,0.2438361511736335
1LCI,0.2438361511736335
1LU0,0.2438361511736335
1MPF,0.2438361511736335
1MZA,0.2438361511736335
1MZD,0.2438361511736335
1NOT,0.2438361511736335
1NSA,0.2438361511736335
1P2P,0.2438361511736335
1P3W,0.2438361511736335
1PK4,0.2438361511736335
1PNT,0.2438361511736335
1QQM,0.2438361511736335
1QQN,0.2438361511736335
1QQO,0.2438361511736335
1QXT,0.2438361511736335
1QY3,0.2438361511736335
1QYF,0.2438361511736335
1QYO,0.2438361511736335
1QYQ,0.2438361511736335
1R3N,0.2438361511736335
1R43,0.2438361511736335
1S2B,0.2438361511736335
1S2K,0.2438361511736335
1T73,0.2438361511736335
1T74,0.2438361511736335
1T76,0.2438361511736335
1T79,0.2438361511736335
1T7F,0.2438361511736335
1T7M,0.2438361511736335
1T7R,0.2438361511736335
1T7T,0.2438361511736335
1T9O,0.2438361511736335
1T9P,0.2438361511736335
1T9Q,0.2438361511736335
1THU,0.2438361511736335
1THV,0.2438361511736335
1THW,0.2438361511736335
1TMT,0.2438361511736335
1TMU,0.2438361511736335
1X13,0.2438361511736335
1X14,0.2438361511736335
1X15,0.2438361511736335
1YGC,0.2438361511736335
1Z1L,0.2438361511736335
1ZVZ,0.2438361511736335
1ZW2,0.2438361511736335
1ZW3,0.2438361511736335
2A9U,0.2438361511736335
2AKY,0.2438361511736335
2AS9,0.2438361511736335
2BH9,0.2438361511736335
2BHL,0.2438361511736335
2BTC,0.2438361511736335
2C61,0.2438361511736335
2DPQ,0.2438361511736335
2DPR,0.2438361511736335
2DYP,0.2438361511736335
2F3L,0.2438361511736335
2FJZ,0.2438361511736335
2FK1,0.2438361511736335
2FK2,0.2438361511736335
2FK3,0.2438361511736335
2FKL,0.2438361511736335
2FZP,0.2438361511736335
2G0Y,0.2438361511736335
2G1T,0.2438361511736335
2G2F,0.2438361511736335
2G2H,0.2438361511736335
2G2I,0.2438361511736335
2GFO,0.2438361511736335
2GWF,0.2438361511736335
2HCG,0.2438361511736335
2HFC,0.2438361511736335
2HGD,0.2438361511736335
2HGY,0.2438361511736335
2HNF,0.2438361511736335
2HO0,0.2438361511736335
2I3I,0.2438361511736335
2ILM,0.2438361511736335
2JK3,0.2438361511736335
2NWN,0.2438361511736335
2P7A,0.2438361511736335
2P7G,0.2438361511736335
2P7Z,0.2438361511736335
2STA,0.2438361511736335
2STB,0.2438361511736335
2VIF,0.2438361511736335
2WEW,0.2438361511736335
2WEX,0.2438361511736335
2WV1,0.2438361511736335
2XHE,0.2438361511736335
3A0M,0.2438361511736335
3ADM,0.2438361511736335
3AFR,0.2438361511736335
3AS4,0.2438361511736335
3AS5,0.2438361511736335
3AS8,0.2438361511736335
3ASD,0.2438361511736335
3ASF,0.2438361511736335
3ASG,0.2438361511736335
3ASH,0.2438361511736335
3AVS,0.2438361511736335
3B9P,0.2438361511736335
3BIP,0.2438361511736335
3BIQ,0.2438361511736335
3BIT,0.2438361511736335
3CTB,0.2438361511736335
3CTZ,0.2438361511736335
3D8C,0.2438361511736335
3DB4,0.2438361511736335
3DFR,0.2438361511736335
3FDS,0.2438361511736335
3FGC,0.2438361511736335
3G23,0.2438361511736335
3GD3,0.2438361511736335
3GD4,0.2438361511736335
3H16,0.2438361511736335
3H6Q,0.2438361511736335
3H6R,0.2438361511736335
3H6S,0.2438361511736335
3HFH,0.2438361511736335
3HRH,0.2438361511736335
3HVL,0.2438361511736335
3KAJ,0.2438361511736335
3KAK,0.2438361511736335
3KAL,0.2438361511736335
3LWE,0.2438361511736335
3MGX,0.2438361511736335
3O5N,0.2438361511736335
3Q2R,0.2438361511736335
3Q2U,0.2438361511736335
3Q8D,0.2438361511736335
3RIB,0.2438361511736335
3S0X,0.2438361511736335
3S3E,0.2438361511736335
3S3F,0.2438361511736335
3S3H,0.2438361511736335
3S3K,0.2438361511736335
3T6F,0.2438361511736335
3T6L,0.2438361511736335
3TLA,0.2438361511736335
3TLB,0.2438361511736335
3TLC,0.2438361511736335
3TLE,0.2438361511736335
3TLG,0.2438361511736335
3TLY,0.2438361511736335
3TLZ,0.2438361511736335
3VUZ,0.2438361511736335
3VV0,0.2438361511736335
3WUT,0.2438361511736335
3ZRZ,0.2438361511736335
4A1R,0.2438361511736335
4DFR,0.2438361511736335
4DYO,0.2438361511736335
4EJ5,0.2438361511736335
4EL4,0.2438361511736335
4ELC,0.2438361511736335
4EQ8,0.2438361511736335
4EQA,0.2438361511736335
4ESR,0.2438361511736335
4GDN,0.2438361511736335
4GHO,0.2438361511736335
4GIG,0.2438361511736335
4H11,0.2438361511736335
4HHF,0.2438361511736335
4HKG,0.2438361511736335
4HVL,0.2438361511736335
4IRV,0.2438361511736335
4J5G,0.2438361511736335
4J5K,0.2438361511736335
4J8R,0.2438361511736335
4JLG,0.2438361511736335
4JXB,0.2438361511736335
4K9T,0.2438361511736335
4K9U,0.2438361511736335
4K9V,0.2438361511736335
4K9W,0.2438361511736335
4K9X,0.2438361511736335
4KG7,0.2438361511736335
4LAV,0.2438361511736335
4LAW,0.2438361511736335
4LAX,0.2438361511736335
4LAY,0.2438361511736335
4LMF,0.2438361511736335
4LOS,0.2438361511736335
4LOT,0.2438361511736335
4LQC,0.2438361511736335
4LQD,0.2438361511736335
4OGX,0.2438361511736335
4OGY,0.2438361511736335
4P3Y,0.2438361511736335
4PUB,0.2438361511736335
4QPG,0.2438361511736335
4QPI,0.2438361511736335
4QRR,0.2438361511736335
4TKN,0.2438361511736335
4WHN,0.2438361511736335
4WNQ,0.2438361511736335
4YHJ,0.2438361511736335
4YT9,0.2438361511736335
4YTB,0.2438361511736335
4YTG,0.2438361511736335
4YZG,0.2438361511736335
4YZH,0.2438361511736335
4ZDB,0.2438361511736335
4ZDC,0.2438361511736335
4ZDD,0.2438361511736335
4ZDE,0.2438361511736335
4ZDF,0.2438361511736335
5A24,0.2438361511736335
5B0H,0.2438361511736335
5EM0,0.2438361511736335
5EM1,0.2438361511736335
5EV0,0.2438361511736335
5EVE,0.2438361511736335
5FWG,0.2438361511736335
5GMV,0.2438361511736335
5GV7,0.2438361511736335
5GV8,0.2438361511736335
5HDA,0.2438361511736335
5HHM,0.2438361511736335
5HHN,0.2438361511736335
5HHO,0.2438361511736335
5HHP,0.2438361511736335
5HHQ,0.2438361511736335
5HSV,0.2438361511736335
5IHZ,0.2438361511736335
5IK3,0.2438361511736335
5JFL,0.2438361511736335
5JFM,0.2438361511736335
5JFN,0.2438361511736335
5M6D,0.2438361511736335
5O99,0.2438361511736335
5OD4,0.2438361511736335
5YBE,0.2438361511736335
5YGB,0.2438361511736335
5YGC,0.2438361511736335
5YRZ,0.2438361511736335
5Z12,0.2438361511736335
6AXK,0.2438361511736335
6AXL,0.2438361511736335
6BA8,0.2438361511736335
6BA9,0.2438361511736335
6BT9,0.2438361511736335
6BVD,0.2438361511736335
6CF6,0.2438361511736335
6CK2,0.2438361511736335
6CPS,0.2438361511736335
6EWY,0.2438361511736335
6FN8,0.2438361511736335
6FOI,0.2438361511736335
6FOL,0.2438361511736335
6FON,0.2438361511736335
6FP6,0.2438361511736335
6J2P,0.2438361511736335
6KEY,0.2438361511736335
6KZJ,0.2438361511736335
6NUX,0.2438361511736335
6PX6,0.2438361511736335
6PY2,0.2438361511736335
6ST4,0.2438361511736335
6STC,0.2438361511736335
6STE,0.2438361511736335
6STK,0.2438361511736335
6VJO,0.2438361511736335
6X3C,0.2438361511736335
6X3J,0.2438361511736335
6XAR,0.2438361511736335
7CXS,0.2438361511736335
7CXU,0.2438361511736335
7CXV,0.2438361511736335
7CYL,0.2438361511736335
7DDC,0.2438361511736335
7EK6,0.2438361511736335
7F0A,0.2438361511736335
7F0B,0.2438361511736335
7F0C,0.2438361511736335
7F0F,0.2438361511736335
7F7Q,0.2438361511736335
7F7R,0.2438361511736335
7L6V,0.2438361511736335
7LZP,0.2438361511736335
7M1H,0.2438361511736335
7N89,0.2438361511736335
7NA9,0.2438361511736335
7O3I,0.2438361511736335
7O4P,0.2438361511736335
7O88,0.2438361511736335
7RXN,0.2438361511736335
7STA,0.2438361511736335
7T5F,0.2438361511736335
7UJV,0.2438361511736335
7VSP,0.2438361511736335
7VSQ,0.2438361511736335
7XPJ,0.2438361511736335
7ZPF,0.2438361511736335
8DHY,0.2438361511736335
8DSY,0.2438361511736335
8DSZ,0.2438361511736335
8ES5,0.2438361511736335
8FAX,0.2438361511736335
4K7L,0.24338827127446414
3JQ5,0.23867782992387704
1A0M,0.23862716884686233
1AND,0.23862716884686233
1ANE,0.23862716884686233
1APB,0.23862716884686233
1BAP,0.23862716884686233
1BFD,0.23862716884686233
1BYA,0.23862716884686233
1CM1,0.23862716884686233
1CM4,0.23862716884686233
1DCE,0.23862716884686233
1DJR,0.23862716884686233
1E34,0.23862716884686233
1E35,0.23862716884686233
1E36,0.23862716884686233
1E37,0.23862716884686233
1E38,0.23862716884686233
1E94,0.23862716884686233
1FR3,0.23862716884686233
1GES,0.23862716884686233
1GET,0.23862716884686233
1GEU,0.23862716884686233
1GNE,0.23862716884686233
1GVT,0.23862716884686233
1GVU,0.23862716884686233
1GVV,0.23862716884686233
1GVW,0.23862716884686233
1GVX,0.23862716884686233
1H7C,0.23862716884686233
1I07,0.23862716884686233
1I0C,0.23862716884686233
1IEP,0.23862716884686233
1KEH,0.23862716884686233
1KUG,0.23862716884686233
1KUI,0.23862716884686233
1KUK,0.23862716884686233
1LZ5,0.23862716884686233
1LZ6,0.23862716884686233
1M0B,0.23862716884686233
1M52,0.23862716884686233
1ODO,0.23862716884686233
1OM0,0.23862716884686233
1ONW,0.23862716884686233
1ONX,0.23862716884686233
1POW,0.23862716884686233
1POX,0.23862716884686233
1PYZ,0.23862716884686233
1R18,0.23862716884686233
1RGE,0.23862716884686233
1RGF,0.23862716884686233
1RGG,0.23862716884686233
1RGH,0.23862716884686233
1RTM,0.23862716884686233
1SNZ,0.23862716884686233
1SO0,0.23862716884686233
1SYC,0.23862716884686233
1SYD,0.23862716884686233
1SYE,0.23862716884686233
1SYF,0.23862716884686233
1SYG,0.23862716884686233
1T3A,0.23862716884686233
1T3C,0.23862716884686233
1U4N,0.23862716884686233
1WM2,0.23862716884686233
1WM3,0.23862716884686233
1X27,0.23862716884686233
1Y19,0.23862716884686233
1YGT,0.23862716884686233
1ZNC,0.23862716884686233
2AS8,0.23862716884686233
2BLM,0.23862716884686233
2CEO,0.23862716884686233
2CYA,0.23862716884686233
2CYB,0.23862716884686233
2CYC,0.23862716884686233
2DQ6,0.23862716884686233
2DQM,0.23862716884686233
2G4D,0.23862716884686233
2GBC,0.23862716884686233
2GBF,0.23862716884686233
2GBG,0.23862716884686233
2GBI,0.23862716884686233
2H46,0.23862716884686233
2H5K,0.23862716884686233
2I5Z,0.23862716884686233
2J88,0.23862716884686233
2JF2,0.23862716884686233
2JF3,0.23862716884686233
2O4G,0.23862716884686233
2OT1,0.23862716884686233
2P20,0.23862716884686233
2P2B,0.23862716884686233
2P2F,0.23862716884686233
2P2J,0.23862716884686233
2P2M,0.23862716884686233
2P2Q,0.23862716884686233
2P3W,0.23862716884686233
2P4M,0.23862716884686233
2PCU,0.23862716884686233
2PQK,0.23862716884686233
2PZI,0.23862716884686233
2Q2X,0.23862716884686233
2Q34,0.23862716884686233
2Q35,0.23862716884686233
2QAP,0.23862716884686233
2QBW,0.23862716884686233
2QDG,0.23862716884686233
2QDH,0.23862716884686233
2QN0,0.23862716884686233
2RLN,0.23862716884686233
2WV9,0.23862716884686233
2XCB,0.23862716884686233
2XCC,0.23862716884686233
2XOD,0.23862716884686233
2XOE,0.23862716884686233
2XP1,0.23862716884686233
2XPY,0.23862716884686233
2XPZ,0.23862716884686233
2XQ0,0.23862716884686233
2ZCY,0.23862716884686233
2ZQO,0.23862716884686233
3BDM,0.23862716884686233
3BRI,0.23862716884686233
3CB9,0.23862716884686233
3CBE,0.23862716884686233
3CD1,0.23862716884686233
3CD9,0.23862716884686233
3CDU,0.23862716884686233
3CDW,0.23862716884686233
3CKA,0.23862716884686233
3CR2,0.23862716884686233
3CR4,0.23862716884686233
3CR5,0.23862716884686233
3D8D,0.23862716884686233
3D8E,0.23862716884686233
3D8F,0.23862716884686233
3DJG,0.23862716884686233
3DJJ,0.23862716884686233
3DK4,0.23862716884686233
3DK8,0.23862716884686233
3DK9,0.23862716884686233
3E4H,0.23862716884686233
3EEX,0.23862716884686233
3F5O,0.23862716884686233
3FKI,0.23862716884686233
3KJ0,0.23862716884686233
3KJ1,0.23862716884686233
3KJ2,0.23862716884686233
3LA4,0.23862716884686233
3MN8,0.23862716884686233
3OSL,0.23862716884686233
3P06,0.23862716884686233
3PRK,0.23862716884686233
3PRW,0.23862716884686233
3Q7E,0.23862716884686233
3RV6,0.23862716884686233
3RV7,0.23862716884686233
3RV8,0.23862716884686233
3RV9,0.23862716884686233
3SO8,0.23862716884686233
3ST6,0.23862716884686233
3TB3,0.23862716884686233
3UX7,0.23862716884686233
3UXG,0.23862716884686233
3UZD,0.23862716884686233
3VEH,0.23862716884686233
3VMM,0.23862716884686233
3W8L,0.23862716884686233
4AX4,0.23862716884686233
4B6Z,0.23862716884686233
4BTJ,0.23862716884686233
4BTK,0.23862716884686233
4BTM,0.23862716884686233
4E1Q,0.23862716884686233
4EJ4,0.23862716884686233
4EME,0.23862716884686233
4EQF,0.23862716884686233
4FBX,0.23862716884686233
4FI9,0.23862716884686233
4FL8,0.23862716884686233
4FLG,0.23862716884686233
4FM6,0.23862716884686233
4FNO,0.23862716884686233
4GQS,0.23862716884686233
4HY7,0.23862716884686233
4IL5,0.23862716884686233
4IQ2,0.23862716884686233
4IQC,0.23862716884686233
4IX3,0.23862716884686233
4IX4,0.23862716884686233
4IX5,0.23862716884686233
4IX6,0.23862716884686233
4J1Q,0.23862716884686233
4J1S,0.23862716884686233
4JBL,0.23862716884686233
4JBN,0.23862716884686233
4JC4,0.23862716884686233
4N31,0.23862716884686233
4Q5P,0.23862716884686233
4QAJ,0.23862716884686233
4QBK,0.23862716884686233
4QBU,0.23862716884686233
4QD3,0.23862716884686233
4R3V,0.23862716884686233
4RKX,0.23862716884686233
4RNY,0.23862716884686233
4RNZ,0.23862716884686233
4TPI,0.23862716884686233
4WJ7,0.23862716884686233
4WMD,0.23862716884686233
4WME,0.23862716884686233
4WMF,0.23862716884686233
4WY7,0.23862716884686233
4XDE,0.23862716884686233
4YIW,0.23862716884686233
4YMR,0.23862716884686233
4Z27,0.23862716884686233
4Z28,0.23862716884686233
4Z6J,0.23862716884686233
5APH,0.23862716884686233
5APJ,0.23862716884686233
5APK,0.23862716884686233
5AWM,0.23862716884686233
5BPJ,0.23862716884686233
5C3N,0.23862716884686233
5CX8,0.23862716884686233
5D8N,0.23862716884686233
5EXB,0.23862716884686233
5EXC,0.23862716884686233
5EXI,0.23862716884686233
5EXJ,0.23862716884686233
5FGN,0.23862716884686233
5HDW,0.23862716884686233
5HFG,0.23862716884686233
5HFI,0.23862716884686233
5IO1,0.23862716884686233
5L0W,0.23862716884686233
5LB1,0.23862716884686233
5LBG,0.23862716884686233
5M72,0.23862716884686233
5NTI,0.23862716884686233
5NTK,0.23862716884686233
5NTN,0.23862716884686233
5NTP,0.23862716884686233
5NTQ,0.23862716884686233
5NTW,0.23862716884686233
5NU1,0.23862716884686233
5O5C,0.23862716884686233
5O8P,0.23862716884686233
5O8R,0.23862716884686233
5OCK,0.23862716884686233
5OCX,0.23862716884686233
5OCY,0.23862716884686233
5OD0,0.23862716884686233
5OD8,0.23862716884686233
5ODB,0.23862716884686233
5OES,0.23862716884686233
5OET,0.23862716884686233
5OEU,0.23862716884686233
5OEV,0.23862716884686233
5TDG,0.23862716884686233
5TDL,0.23862716884686233
5V60,0.23862716884686233
5V61,0.23862716884686233
5V62,0.23862716884686233
5W2J,0.23862716884686233
6A0A,0.23862716884686233
6A0C,0.23862716884686233
6BVE,0.23862716884686233
6C8V,0.23862716884686233
6DEH,0.23862716884686233
6EDD,0.23862716884686233
6EDV,0.23862716884686233
6FSH,0.23862716884686233
6K26,0.23862716884686233
6KDH,0.23862716884686233
6KMP,0.23862716884686233
6KSG,0.23862716884686233
6LH7,0.23862716884686233
6MPS,0.23862716884686233
6MPT,0.23862716884686233
6NL1,0.23862716884686233
6OCR,0.23862716884686233
6OCT,0.23862716884686233
6P5R,0.23862716884686233
6PTP,0.23862716884686233
6PU8,0.23862716884686233
6R52,0.23862716884686233
6R53,0.23862716884686233
6R54,0.23862716884686233
6R55,0.23862716884686233
6R56,0.23862716884686233
6R5A,0.23862716884686233
6TFD,0.23862716884686233
6TFO,0.23862716884686233
6URW,0.23862716884686233
6URX,0.23862716884686233
6URY,0.23862716884686233
6WO7,0.23862716884686233
6WO8,0.23862716884686233
6WO9,0.23862716884686233
6WOA,0.23862716884686233
6WOB,0.23862716884686233
6WOC,0.23862716884686233
6WOD,0.23862716884686233
6WOE,0.23862716884686233
6WOF,0.23862716884686233
6WOG,0.23862716884686233
6WOH,0.23862716884686233
6WOI,0.23862716884686233
6XW2,0.23862716884686233
6YO1,0.23862716884686233
6YSO,0.23862716884686233
7AVE,0.23862716884686233
7AVF,0.23862716884686233
7AVG,0.23862716884686233
7KZE,0.23862716884686233
7LLQ,0.23862716884686233
7NRE,0.23862716884686233
7NRF,0.23862716884686233
7R58,0.23862716884686233
7XZQ,0.23862716884686233
7XZR,0.23862716884686233
7YUE,0.23862716884686233
8DSJ,0.23862716884686233
8DSL,0.23862716884686233
8DSN,0.23862716884686233
8E0S,0.23862716884686233
8E0T,0.23862716884686233
8E0U,0.23862716884686233
8E0V,0.23862716884686233
8E0X,0.23862716884686233
8E0Y,0.23862716884686233
8E0Z,0.23862716884686233
8EQI,0.23862716884686233
8FFT,0.23862716884686233
8FFU,0.23862716884686233
8GNN,0.23862716884686233
9ABP,0.23862716884686233
9RNT,0.23862716884686233
1CF0,0.23845434603800142
1EJL,0.23845434603800142
1KZP,0.23845434603800142
1SDZ,0.23845434603800142
1SE0,0.23845434603800142
1YOW,0.23845434603800142
1ZUK,0.23845434603800142
2F49,0.23845434603800142
2JKR,0.23845434603800142
2ONA,0.23845434603800142
2VKN,0.23845434603800142
2XYI,0.23845434603800142
2ZA5,0.23845434603800142
3BQO,0.23845434603800142
3BU8,0.23845434603800142
3BUA,0.23845434603800142
3GZ2,0.23845434603800142
3H8D,0.23845434603800142
3HR5,0.23845434603800142
3IQG,0.23845434603800142
3IQH,0.23845434603800142
3IQI,0.23845434603800142
3KQI,0.23845434603800142
3M54,0.23845434603800142
3M57,0.23845434603800142
3MHR,0.23845434603800142
3O0E,0.23845434603800142
3OTS,0.23845434603800142
3OTY,0.23845434603800142
3OU1,0.23845434603800142
3OU3,0.23845434603800142
3OU4,0.23845434603800142
3OUA,0.23845434603800142
3OUB,0.23845434603800142
3OUC,0.23845434603800142
3OUD,0.23845434603800142
3STR,0.23845434603800142
3TWF,0.23845434603800142
3TWG,0.23845434603800142
3UAL,0.23845434603800142
4CGV,0.23845434603800142
4CGW,0.23845434603800142
4D2G,0.23845434603800142
4G3B,0.23845434603800142
4JG0,0.23845434603800142
4JG1,0.23845434603800142
4MZG,0.23845434603800142
4QBQ,0.23845434603800142
4UD7,0.23845434603800142
4UE1,0.23845434603800142
4V11,0.23845434603800142
4X3H,0.23845434603800142
4XC2,0.23845434603800142
4Y7R,0.23845434603800142
4Z88,0.23845434603800142
5AZF,0.23845434603800142
5AZH,0.23845434603800142
5C1B,0.23845434603800142
5EG2,0.23845434603800142
5JP2,0.23845434603800142
5JW9,0.23845434603800142
5K8G,0.23845434603800142
5N75,0.23845434603800142
5WFV,0.23845434603800142
5ZNP,0.23845434603800142
5ZNR,0.23845434603800142
6B5L,0.23845434603800142
6B5M,0.23845434603800142
6B5N,0.23845434603800142
6B5O,0.23845434603800142
6DF1,0.23845434603800142
6DU2,0.23845434603800142
6DU3,0.23845434603800142
6E67,0.23845434603800142
6H06,0.23845434603800142
6H0E,0.23845434603800142
6MTP,0.23845434603800142
6MTT,0.23845434603800142
6P8S,0.23845434603800142
6PSD,0.23845434603800142
6PSE,0.23845434603800142
6R7W,0.23845434603800142
6RHE,0.23845434603800142
6SHK,0.23845434603800142
6SQK,0.23845434603800142
6SYJ,0.23845434603800142
6TWZ,0.23845434603800142
6UAI,0.23845434603800142
6ULS,0.23845434603800142
6V3X,0.23845434603800142
6V3Y,0.23845434603800142
6VJN,0.23845434603800142
6VPZ,0.23845434603800142
6VQ2,0.23845434603800142
6VQD,0.23845434603800142
6VQE,0.23845434603800142
6VQY,0.23845434603800142
6VQZ,0.23845434603800142
6WBA,0.23845434603800142
6WBB,0.23845434603800142
6WBC,0.23845434603800142
6X2R,0.23845434603800142
6X2S,0.23845434603800142
6X2V,0.23845434603800142
6XNM,0.23845434603800142
6XXX,0.23845434603800142
6XY3,0.23845434603800142
6YIA,0.23845434603800142
6YIB,0.23845434603800142
6YIC,0.23845434603800142
6ZVQ,0.23845434603800142
7CFP,0.23845434603800142
7D8H,0.23845434603800142
7D8P,0.23845434603800142
7D9V,0.23845434603800142
7DD1,0.23845434603800142
7DNG,0.23845434603800142
7F3S,0.23845434603800142
7K3K,0.23845434603800142
7K3L,0.23845434603800142
7LBP,0.23845434603800142
7LO0,0.23845434603800142
7M60,0.23845434603800142
7OWU,0.23845434603800142
7Q8D,0.23845434603800142
7Q8F,0.23845434603800142
7Q8G,0.23845434603800142
7Q8H,0.23845434603800142
7Q8I,0.23845434603800142
7Q8J,0.23845434603800142
7Q8K,0.23845434603800142
7Q8L,0.23845434603800142
7Q8M,0.23845434603800142
7Q8N,0.23845434603800142
7Q8O,0.23845434603800142
7Q8P,0.23845434603800142
7Q8Q,0.23845434603800142
7Q9C,0.23845434603800142
7Q9H,0.23845434603800142
7Q9S,0.23845434603800142
7QFF,0.23845434603800142
7QFH,0.23845434603800142
7QHJ,0.23845434603800142
7QHK,0.23845434603800142
7RFZ,0.23845434603800142
7S3N,0.23845434603800142
7V4W,0.23845434603800142
7V9B,0.23845434603800142
7VFM,0.23845434603800142
8A5M,0.23845434603800142
8A8Q,0.23845434603800142
8A8X,0.23845434603800142
8D5E,0.23845434603800142
8GUW,0.23845434603800142
1BZC,0.23672121948733202
1BZJ,0.23672121948733202
2D32,0.23672121948733202
3NZJ,0.23672121948733202
3NZW,0.23672121948733202
3NZX,0.23672121948733202
3SF8,0.23672121948733202
3THK,0.23672121948733202
5CIV,0.23672121948733202
5COF,0.23672121948733202
5COG,0.23672121948733202
5COM,0.23672121948733202
5CQV,0.23672121948733202
5IT3,0.23672121948733202
6DKK,0.23672121948733202
6J4J,0.23672121948733202
6J4M,0.23672121948733202
6MHJ,0.23672121948733202
6YHT,0.23672121948733202
6YHY,0.23672121948733202
1ABI,0.23369342096850873
1ABJ,0.23369342096850873
1AY6,0.23369342096850873
1BUP,0.23369342096850873
1CIV,0.23369342096850873
1CTM,0.23369342096850873
1CX4,0.23369342096850873
1CZP,0.23369342096850873
1DPG,0.23369342096850873
1DVB,0.23369342096850873
1E66,0.23369342096850873
1E6J,0.23369342096850873
1E6O,0.23369342096850873
1GZR,0.23369342096850873
1GZY,0.23369342096850873
1GZZ,0.23369342096850873
1H02,0.23369342096850873
1HBG,0.23369342096850873
1HBV,0.23369342096850873
1HCN,0.23369342096850873
1JAP,0.23369342096850873
1JCR,0.23369342096850873
1K5C,0.23369342096850873
1KCC,0.23369342096850873
1KCD,0.23369342096850873
1LCP,0.23369342096850873
1LLT,0.23369342096850873
1NAA,0.23369342096850873
1NPV,0.23369342096850873
1NPW,0.23369342096850873
1NUL,0.23369342096850873
1P31,0.23369342096850873
1P3D,0.23369342096850873
1PJP,0.23369342096850873
1Q94,0.23369342096850873
1QGU,0.23369342096850873
1QH1,0.23369342096850873
1QH8,0.23369342096850873
1QT9,0.23369342096850873
1QVO,0.23369342096850873
1R0P,0.23369342096850873
1R1W,0.23369342096850873
1RQG,0.23369342096850873
1S6Z,0.23369342096850873
1SWY,0.23369342096850873
1SWZ,0.23369342096850873
1SX2,0.23369342096850873
1SX7,0.23369342096850873
1SZC,0.23369342096850873
1SZD,0.23369342096850873
1UVS,0.23369342096850873
1UVT,0.23369342096850873
1UVU,0.23369342096850873
1V54,0.23369342096850873
1V55,0.23369342096850873
1VYK,0.23369342096850873
1WCH,0.23369342096850873
1X1P,0.23369342096850873
1XKJ,0.23369342096850873
1XP4,0.23369342096850873
1XTT,0.23369342096850873
1XTU,0.23369342096850873
1XTV,0.23369342096850873
1YR2,0.23369342096850873
1YTM,0.23369342096850873
1YTS,0.23369342096850873
1YVY,0.23369342096850873
1ZD7,0.23369342096850873
1ZDE,0.23369342096850873
1ZM8,0.23369342096850873
2BE1,0.23369342096850873
2BH7,0.23369342096850873
2BKL,0.23369342096850873
2BUP,0.23369342096850873
2C5W,0.23369342096850873
2C6W,0.23369342096850873
2DKV,0.23369342096850873
2E1P,0.23369342096850873
2GBB,0.23369342096850873
2GTX,0.23369342096850873
2GU4,0.23369342096850873
2GU5,0.23369342096850873
2GU6,0.23369342096850873
2GU7,0.23369342096850873
2HBG,0.23369342096850873
2HL7,0.23369342096850873
2HNL,0.23369342096850873
2HZE,0.23369342096850873
2HZF,0.23369342096850873
2IUM,0.23369342096850873
2IUN,0.23369342096850873
2J24,0.23369342096850873
2J27,0.23369342096850873
2JKU,0.23369342096850873
2O6P,0.23369342096850873
2OIN,0.23369342096850873
2OP9,0.23369342096850873
2PNR,0.23369342096850873
2PUY,0.23369342096850873
2Q9Q,0.23369342096850873
2QBV,0.23369342096850873
2VOZ,0.23369342096850873
2VP1,0.23369342096850873
2WKX,0.23369342096850873
2WL1,0.23369342096850873
2XRM,0.23369342096850873
2XYS,0.23369342096850873
2XYT,0.23369342096850873
2YG3,0.23369342096850873
2YG4,0.23369342096850873
2YG5,0.23369342096850873
2YG6,0.23369342096850873
2YG7,0.23369342096850873
2YGI,0.23369342096850873
2YGJ,0.23369342096850873
3BMV,0.23369342096850873
3BS6,0.23369342096850873
3D2Y,0.23369342096850873
3D2Z,0.23369342096850873
3D6N,0.23369342096850873
3DA7,0.23369342096850873
3ELS,0.23369342096850873
3ELV,0.23369342096850873
3G5V,0.23369342096850873
3G5X,0.23369342096850873
3G5Y,0.23369342096850873
3G5Z,0.23369342096850873
3GNU,0.23369342096850873
3GNZ,0.23369342096850873
3HU7,0.23369342096850873
3I1G,0.23369342096850873
3IMP,0.23369342096850873
3IWR,0.23369342096850873
3K7Y,0.23369342096850873
3KJF,0.23369342096850873
3KJN,0.23369342096850873
3KJQ,0.23369342096850873
3LES,0.23369342096850873
3LEV,0.23369342096850873
3LEX,0.23369342096850873
3LEY,0.23369342096850873
3MBT,0.23369342096850873
3MMG,0.23369342096850873
3P1B,0.23369342096850873
3P47,0.23369342096850873
3PBC,0.23369342096850873
3PBI,0.23369342096850873
3PKN,0.23369342096850873
3Q1X,0.23369342096850873
3Q3F,0.23369342096850873
3QBW,0.23369342096850873
3QBX,0.23369342096850873
3QE0,0.23369342096850873
3QHC,0.23369342096850873
3QI2,0.23369342096850873
3QRX,0.23369342096850873
3S0Q,0.23369342096850873
3SID,0.23369342096850873
3SNF,0.23369342096850873
3SO6,0.23369342096850873
3TF2,0.23369342096850873
3TIW,0.23369342096850873
3TUV,0.23369342096850873
3UAO,0.23369342096850873
3UVU,0.23369342096850873
3VXW,0.23369342096850873
3WNK,0.23369342096850873
4B05,0.23369342096850873
4B6M,0.23369342096850873
4B6W,0.23369342096850873
4DM9,0.23369342096850873
4DPR,0.23369342096850873
4DU0,0.23369342096850873
4EIH,0.23369342096850873
4FQW,0.23369342096850873
4FRA,0.23369342096850873
4FRB,0.23369342096850873
4FRD,0.23369342096850873
4FRE,0.23369342096850873
4FRH,0.23369342096850873
4FRL,0.23369342096850873
4FRM,0.23369342096850873
4FRO,0.23369342096850873
4FRP,0.23369342096850873
4FRQ,0.23369342096850873
4G4E,0.23369342096850873
4GBP,0.23369342096850873
4GDM,0.23369342096850873
4GEC,0.23369342096850873
4GEG,0.23369342096850873
4HS6,0.23369342096850873
4HS8,0.23369342096850873
4IIQ,0.23369342096850873
4IJM,0.23369342096850873
4IN9,0.23369342096850873
4IOF,0.23369342096850873
4IZJ,0.23369342096850873
4IZK,0.23369342096850873
4JDR,0.23369342096850873
4JOL,0.23369342096850873
4KNH,0.23369342096850873
4KXO,0.23369342096850873
4KYP,0.23369342096850873
4LNB,0.23369342096850873
4LNG,0.23369342096850873
4MBG,0.23369342096850873
4NJ5,0.23369342096850873
4OW8,0.23369342096850873
4PF7,0.23369342096850873
4PF9,0.23369342096850873
4PFC,0.23369342096850873
4RUD,0.23369342096850873
4RXH,0.23369342096850873
4V34,0.23369342096850873
4V35,0.23369342096850873
4V36,0.23369342096850873
4XVJ,0.23369342096850873
4XYL,0.23369342096850873
4XYM,0.23369342096850873
4XZ3,0.23369342096850873
4Y8V,0.23369342096850873
4YAJ,0.23369342096850873
4YAK,0.23369342096850873
4YB8,0.23369342096850873
4YBI,0.23369342096850873
4YBZ,0.23369342096850873
4Z7X,0.23369342096850873
4ZQU,0.23369342096850873
4ZQV,0.23369342096850873
5GIM,0.23369342096850873
5HBR,0.23369342096850873
5IKC,0.23369342096850873
5IN7,0.23369342096850873
5IO9,0.23369342096850873
5IOI,0.23369342096850873
5IP4,0.23369342096850873
5J1K,0.23369342096850873
5J1L,0.23369342096850873
5J1M,0.23369342096850873
5KHT,0.23369342096850873
5L21,0.23369342096850873
5LQ6,0.23369342096850873
5LQ7,0.23369342096850873
5NDF,0.23369342096850873
5NI2,0.23369342096850873
5NI4,0.23369342096850873
5NI6,0.23369342096850873
5NIA,0.23369342096850873
5NID,0.23369342096850873
5NIE,0.23369342096850873
5OHU,0.23369342096850873
5SYM,0.23369342096850873
5SYN,0.23369342096850873
5T7Z,0.23369342096850873
5T81,0.23369342096850873
5V7D,0.23369342096850873
5V7E,0.23369342096850873
5V7F,0.23369342096850873
5VWC,0.23369342096850873
5VWI,0.23369342096850873
5VWK,0.23369342096850873
5W5R,0.23369342096850873
5W5T,0.23369342096850873
5W6C,0.23369342096850873
5W6J,0.23369342096850873
5XSV,0.23369342096850873
5XZQ,0.23369342096850873
5YQ0,0.23369342096850873
5YR0,0.23369342096850873
5YZM,0.23369342096850873
5YZN,0.23369342096850873
5YZO,0.23369342096850873
5Z47,0.23369342096850873
5Z48,0.23369342096850873
5ZX8,0.23369342096850873
6BHR,0.23369342096850873
6BHS,0.23369342096850873
6BHT,0.23369342096850873
6CGV,0.23369342096850873
6DR4,0.23369342096850873
6DR5,0.23369342096850873
6DR6,0.23369342096850873
6EYS,0.23369342096850873
6EYV,0.23369342096850873
6FBT,0.23369342096850873
6FC4,0.23369342096850873
6FCQ,0.23369342096850873
6FLS,0.23369342096850873
6H3M,0.23369342096850873
6HQC,0.23369342096850873
6HU8,0.23369342096850873
6ICG,0.23369342096850873
6ICH,0.23369342096850873
6IEM,0.23369342096850873
6IEN,0.23369342096850873
6IGP,0.23369342096850873
6IGQ,0.23369342096850873
6IGR,0.23369342096850873
6IKG,0.23369342096850873
6KYC,0.23369342096850873
6KYD,0.23369342096850873
6MFL,0.23369342096850873
6ODG,0.23369342096850873
6QER,0.23369342096850873
6R80,0.23369342096850873
6X1O,0.23369342096850873
6X6U,0.23369342096850873
6XTF,0.23369342096850873
6Y5S,0.23369342096850873
6Y5T,0.23369342096850873
6YTU,0.23369342096850873
7BDE,0.23369342096850873
7BFI,0.23369342096850873
7CBD,0.23369342096850873
7CIO,0.23369342096850873
7EIE,0.23369342096850873
7JFS,0.23369342096850873
7JNB,0.23369342096850873
7JND,0.23369342096850873
7JNF,0.23369342096850873
7JRL,0.23369342096850873
7JRM,0.23369342096850873
7JS4,0.23369342096850873
7O1E,0.23369342096850873
7QXO,0.23369342096850873
7QY8,0.23369342096850873
7QY9,0.23369342096850873
7QYJ,0.23369342096850873
7QYP,0.23369342096850873
7QZ3,0.23369342096850873
7RM4,0.23369342096850873
7SIE,0.23369342096850873
7SJK,0.23369342096850873
7SMH,0.23369342096850873
7SUO,0.23369342096850873
7THN,0.23369342096850873
7THQ,0.23369342096850873
7YOA,0.23369342096850873
8A28,0.23369342096850873
8AHS,0.23369342096850873
8AHT,0.23369342096850873
8AIF,0.23369342096850873
8AU6,0.23369342096850873
8AUC,0.23369342096850873
8AUD,0.23369342096850873
8D7F,0.23369342096850873
8DEO,0.23369342096850873
8DQM,0.23369342096850873
8DQN,0.23369342096850873
8GOT,0.23369342096850873
8GPH,0.23369342096850873
1A5G,0.23046130168521453
1B5G,0.23046130168521453
1GY3,0.23046130168521453
1N5Z,0.23046130168521453
1P13,0.23046130168521453
1SDW,0.23046130168521453
1SOZ,0.23046130168521453
1T4F,0.23046130168521453
2HO2,0.23046130168521453
2JGO,0.23046130168521453
2OMM,0.23046130168521453
2OMP,0.23046130168521453
2OMQ,0.23046130168521453
2RFX,0.23046130168521453
2XL2,0.23046130168521453
2Y8O,0.23046130168521453
2Y9Q,0.23046130168521453
3AM7,0.23046130168521453
3CQU,0.23046130168521453
3CQW,0.23046130168521453
3EYF,0.23046130168521453
3FTR,0.23046130168521453
3G2S,0.23046130168521453
3G2U,0.23046130168521453
3G2W,0.23046130168521453
3HYD,0.23046130168521453
3LIY,0.23046130168521453
3LW1,0.23046130168521453
3M55,0.23046130168521453
3M56,0.23046130168521453
3M58,0.23046130168521453
3M59,0.23046130168521453
3M5A,0.23046130168521453
3PLU,0.23046130168521453
3PLV,0.23046130168521453
3Q78,0.23046130168521453
3R9I,0.23046130168521453
3SW8,0.23046130168521453
3SW9,0.23046130168521453
3SWC,0.23046130168521453
3T4F,0.23046130168521453
3T5I,0.23046130168521453
3TEI,0.23046130168521453
3U29,0.23046130168521453
3ZNI,0.23046130168521453
4CGU,0.23046130168521453
4D0T,0.23046130168521453
4ERQ,0.23046130168521453
4ERY,0.23046130168521453
4ERZ,0.23046130168521453
4ES0,0.23046130168521453
4ESG,0.23046130168521453
4EWR,0.23046130168521453
4FMQ,0.23046130168521453
4IUR,0.23046130168521453
4IUT,0.23046130168521453
4IUU,0.23046130168521453
4IUV,0.23046130168521453
4JML,0.23046130168521453
4ODK,0.23046130168521453
4ODL,0.23046130168521453
4PG2,0.23046130168521453
4Q96,0.23046130168521453
4RH5,0.23046130168521453
4RMH,0.23046130168521453
4RMI,0.23046130168521453
4U9W,0.23046130168521453
4X3E,0.23046130168521453
4X3K,0.23046130168521453
4X3S,0.23046130168521453
4XBU,0.23046130168521453
4YHP,0.23046130168521453
4YHZ,0.23046130168521453
5AZG,0.23046130168521453
5B7F,0.23046130168521453
5E8F,0.23046130168521453
5EAY,0.23046130168521453
5F2U,0.23046130168521453
5FC8,0.23046130168521453
5HHG,0.23046130168521453
5JFG,0.23046130168521453
5LIH,0.23046130168521453
5LJN,0.23046130168521453
5LVV,0.23046130168521453
5LWV,0.23046130168521453
5LY3,0.23046130168521453
5NAF,0.23046130168521453
5QU2,0.23046130168521453
5WG1,0.23046130168521453
5WQD,0.23046130168521453
5XCQ,0.23046130168521453
5XCR,0.23046130168521453
5XCS,0.23046130168521453
5XCT,0.23046130168521453
5XCU,0.23046130168521453
5YI7,0.23046130168521453
5YI8,0.23046130168521453
5YVX,0.23046130168521453
6ATL,0.23046130168521453
6ATN,0.23046130168521453
6ATS,0.23046130168521453
6ATU,0.23046130168521453
6ATW,0.23046130168521453
6AU7,0.23046130168521453
6AUP,0.23046130168521453
6AV8,0.23046130168521453
6AVA,0.23046130168521453
6AVC,0.23046130168521453
6AVD,0.23046130168521453
6B9H,0.23046130168521453
6BW3,0.23046130168521453
6BW4,0.23046130168521453
6ENB,0.23046130168521453
6FCN,0.23046130168521453
6HC1,0.23046130168521453
6I6B,0.23046130168521453
6I6H,0.23046130168521453
6M94,0.23046130168521453
6MHA,0.23046130168521453
6MON,0.23046130168521453
6N7J,0.23046130168521453
6NFJ,0.23046130168521453
6OAF,0.23046130168521453
6PAU,0.23046130168521453
6QFI,0.23046130168521453
6QFM,0.23046130168521453
6QG8,0.23046130168521453
6SDB,0.23046130168521453
6SZ5,0.23046130168521453
6TRW,0.23046130168521453
6UA3,0.23046130168521453
6UAO,0.23046130168521453
6UEW,0.23046130168521453
6VR7,0.23046130168521453
6XLZ,0.23046130168521453
6Y8K,0.23046130168521453
7CNA,0.23046130168521453
7DA6,0.23046130168521453
7EC3,0.23046130168521453
7F4A,0.23046130168521453
7F5M,0.23046130168521453
7F6M,0.23046130168521453
7K3J,0.23046130168521453
7KLZ,0.23046130168521453
7LBK,0.23046130168521453
7LBO,0.23046130168521453
7LBQ,0.23046130168521453
7M51,0.23046130168521453
7M52,0.23046130168521453
7N0X,0.23046130168521453
7OG1,0.23046130168521453
7OWM,0.23046130168521453
7OWO,0.23046130168521453
7OWQ,0.23046130168521453
7P3H,0.23046130168521453
7S46,0.23046130168521453
7SOH,0.23046130168521453
7U8C,0.23046130168521453
7V1L,0.23046130168521453
7W28,0.23046130168521453
7W29,0.23046130168521453
7Y9C,0.23046130168521453
7YXW,0.23046130168521453
7ZW4,0.23046130168521453
8ESE,0.23046130168521453
1EKB,0.2299393578842563
1ZP8,0.2299393578842563
1ZPA,0.2299393578842563
2D33,0.2299393578842563
2EVR,0.2299393578842563
2FG0,0.2299393578842563
2HBW,0.2299393578842563
3IUX,0.2299393578842563
3RLZ,0.2299393578842563
3RM1,0.2299393578842563
4LE8,0.2299393578842563
4ZOQ,0.2299393578842563
5FOT,0.2299393578842563
5FOU,0.2299393578842563
5FOV,0.2299393578842563
5FOW,0.2299393578842563
5FOX,0.2299393578842563
5FPK,0.2299393578842563
5HCA,0.2299393578842563
5HCB,0.2299393578842563
5HCF,0.2299393578842563
5LK5,0.2299393578842563
6EEX,0.2299393578842563
6LF9,0.2299393578842563
6M1V,0.2299393578842563
6M7M,0.2299393578842563
6SPV,0.2299393578842563
7BH8,0.2299393578842563
1A94,0.22901364567954383
1AUG,0.22901364567954383
1BAI,0.22901364567954383
1CES,0.22901364567954383
1CGE,0.22901364567954383
1CGF,0.22901364567954383
1CLS,0.22901364567954383
1DBW,0.22901364567954383
1DCK,0.22901364567954383
1DCM,0.22901364567954383
1DLK,0.22901364567954383
1DP0,0.22901364567954383
1E69,0.22901364567954383
1ENQ,0.22901364567954383
1ENR,0.22901364567954383
1ENS,0.22901364567954383
1F4A,0.22901364567954383
1F4H,0.22901364567954383
1G2P,0.22901364567954383
1G2Q,0.22901364567954383
1G9S,0.22901364567954383
1G9T,0.22901364567954383
1GRV,0.22901364567954383
1HIV,0.22901364567954383
1IQZ,0.22901364567954383
1IR0,0.22901364567954383
1IZD,0.22901364567954383
1IZE,0.22901364567954383
1JNI,0.22901364567954383
1JZE,0.22901364567954383
1JZF,0.22901364567954383
1JZG,0.22901364567954383
1JZH,0.22901364567954383
1JZI,0.22901364567954383
1JZJ,0.22901364567954383
1LH0,0.22901364567954383
1LTG,0.22901364567954383
1M3W,0.22901364567954383
1MOE,0.22901364567954383
1MPL,0.22901364567954383
1MTY,0.22901364567954383
1N8E,0.22901364567954383
1O9N,0.22901364567954383
1O9O,0.22901364567954383
1O9P,0.22901364567954383
1O9Q,0.22901364567954383
1OBI,0.22901364567954383
1OBJ,0.22901364567954383
1OBK,0.22901364567954383
1OBL,0.22901364567954383
1OCH,0.22901364567954383
1OCK,0.22901364567954383
1OCL,0.22901364567954383
1OCM,0.22901364567954383
1QF0,0.22901364567954383
1QF1,0.22901364567954383
1QF2,0.22901364567954383
1RFN,0.22901364567954383
1RHL,0.22901364567954383
1RJW,0.22901364567954383
1RPN,0.22901364567954383
1RTU,0.22901364567954383
1SIO,0.22901364567954383
1SIU,0.22901364567954383
1SN7,0.22901364567954383
1T3T,0.22901364567954383
1TZS,0.22901364567954383
1VFN,0.22901364567954383
1W8P,0.22901364567954383
1X10,0.22901364567954383
1X12,0.22901364567954383
1Y92,0.22901364567954383
1Y94,0.22901364567954383
1Z1P,0.22901364567954383
1Z1Q,0.22901364567954383
1Z8T,0.22901364567954383
1Z8W,0.22901364567954383
1Z8X,0.22901364567954383
2ADF,0.22901364567954383
2ANW,0.22901364567954383
2ANY,0.22901364567954383
2BHG,0.22901364567954383
2CD7,0.22901364567954383
2FGU,0.22901364567954383
2FGV,0.22901364567954383
2FXI,0.22901364567954383
2GEZ,0.22901364567954383
2PJL,0.22901364567954383
2RAL,0.22901364567954383
2UXE,0.22901364567954383
2WUU,0.22901364567954383
2Z2X,0.22901364567954383
2Z2Y,0.22901364567954383
2Z2Z,0.22901364567954383
2Z30,0.22901364567954383
2ZIB,0.22901364567954383
3AYU,0.22901364567954383
3CTM,0.22901364567954383
3DMM,0.22901364567954383
3H3P,0.22901364567954383
3ICB,0.22901364567954383
3JUY,0.22901364567954383
3L8E,0.22901364567954383
3L8F,0.22901364567954383
3L8G,0.22901364567954383
3L8H,0.22901364567954383
3LO7,0.22901364567954383
3MBU,0.22901364567954383
3MP2,0.22901364567954383
3NAL,0.22901364567954383
3NAM,0.22901364567954383
3NAN,0.22901364567954383
3NW3,0.22901364567954383
3OCP,0.22901364567954383
3OD0,0.22901364567954383
3OGJ,0.22901364567954383
3ST1,0.22901364567954383
3T73,0.22901364567954383
3T74,0.22901364567954383
3T8F,0.22901364567954383
3T8G,0.22901364567954383
3TGI,0.22901364567954383
3TGJ,0.22901364567954383
3TPJ,0.22901364567954383
3TPL,0.22901364567954383
3TPP,0.22901364567954383
3TPR,0.22901364567954383
3U84,0.22901364567954383
3U85,0.22901364567954383
3U86,0.22901364567954383
3U88,0.22901364567954383
3WYD,0.22901364567954383
3ZH5,0.22901364567954383
3ZH6,0.22901364567954383
3ZH7,0.22901364567954383
3ZQR,0.22901364567954383
3ZS2,0.22901364567954383
4AC1,0.22901364567954383
4AUI,0.22901364567954383
4AXV,0.22901364567954383
4CVP,0.22901364567954383
4CVR,0.22901364567954383
4CVS,0.22901364567954383
4CVT,0.22901364567954383
4CX8,0.22901364567954383
4DOV,0.22901364567954383
4DOW,0.22901364567954383
4FOP,0.22901364567954383
4FOT,0.22901364567954383
4FQG,0.22901364567954383
4GND,0.22901364567954383
4HOY,0.22901364567954383
4IKO,0.22901364567954383
4IPX,0.22901364567954383
4JE4,0.22901364567954383
4JEG,0.22901364567954383
4JMR,0.22901364567954383
4JNH,0.22901364567954383
4JWK,0.22901364567954383
4JX9,0.22901364567954383
4JY7,0.22901364567954383
4O2X,0.22901364567954383
4OWR,0.22901364567954383
4QH7,0.22901364567954383
4QH8,0.22901364567954383
4QK1,0.22901364567954383
4QK2,0.22901364567954383
4QK3,0.22901364567954383
4S3H,0.22901364567954383
4V07,0.22901364567954383
4V08,0.22901364567954383
4V0T,0.22901364567954383
4V41,0.22901364567954383
4WUY,0.22901364567954383
4X2Z,0.22901364567954383
4XH7,0.22901364567954383
4XJV,0.22901364567954383
4YXX,0.22901364567954383
4YXY,0.22901364567954383
4YXZ,0.22901364567954383
4YY2,0.22901364567954383
4YY5,0.22901364567954383
4ZME,0.22901364567954383
4ZMF,0.22901364567954383
4ZS4,0.22901364567954383
5BWZ,0.22901364567954383
5BYO,0.22901364567954383
5CPA,0.22901364567954383
5CSZ,0.22901364567954383
5CZW,0.22901364567954383
5DBK,0.22901364567954383
5GVV,0.22901364567954383
5GVW,0.22901364567954383
5GWD,0.22901364567954383
5JNY,0.22901364567954383
5JO5,0.22901364567954383
5JR1,0.22901364567954383
5JV3,0.22901364567954383
5JVM,0.22901364567954383
5JVP,0.22901364567954383
5JVR,0.22901364567954383
5JVS,0.22901364567954383
5JVU,0.22901364567954383
5JWY,0.22901364567954383
5JX1,0.22901364567954383
5NP2,0.22901364567954383
5NP3,0.22901364567954383
5NP5,0.22901364567954383
5UNJ,0.22901364567954383
5V7Y,0.22901364567954383
5XE2,0.22901364567954383
5XE3,0.22901364567954383
5XFV,0.22901364567954383
5XFW,0.22901364567954383
5Y1Y,0.22901364567954383
5YC0,0.22901364567954383
6A8Z,0.22901364567954383
6C61,0.22901364567954383
6C68,0.22901364567954383
6CHT,0.22901364567954383
6CYM,0.22901364567954383
6ECB,0.22901364567954383
6ECC,0.22901364567954383
6ECD,0.22901364567954383
6ECE,0.22901364567954383
6ECF,0.22901364567954383
6FPC,0.22901364567954383
6GGP,0.22901364567954383
6GGV,0.22901364567954383
6GUS,0.22901364567954383
6GUT,0.22901364567954383
6I0X,0.22901364567954383
6IFG,0.22901364567954383
6J17,0.22901364567954383
6J18,0.22901364567954383
6J19,0.22901364567954383
6J6U,0.22901364567954383
6JD4,0.22901364567954383
6JD5,0.22901364567954383
6MPL,0.22901364567954383
6MPM,0.22901364567954383
6MPN,0.22901364567954383
6NBS,0.22901364567954383
6QH8,0.22901364567954383
6QKV,0.22901364567954383
6UMA,0.22901364567954383
6UMB,0.22901364567954383
6VNA,0.22901364567954383
6WJI,0.22901364567954383
6WRL,0.22901364567954383
6WRM,0.22901364567954383
7JUO,0.22901364567954383
7KH2,0.22901364567954383
7KZ8,0.22901364567954383
7KZ9,0.22901364567954383
7LKI,0.22901364567954383
7NMU,0.22901364567954383
7ST8,0.22901364567954383
7TGF,0.22901364567954383
7TGI,0.22901364567954383
7TH2,0.22901364567954383
7TH3,0.22901364567954383
8AG9,0.22901364567954383
8ANX,0.22901364567954383
8B3Y,0.22901364567954383
8CZL,0.22901364567954383
8D0V,0.22901364567954383
8D19,0.22901364567954383
8EIN,0.22901364567954383
8EIP,0.22901364567954383
8F5N,0.22901364567954383
8F70,0.22901364567954383
8HXS,0.22901364567954383
1A44,0.22456876853761737
1A95,0.22456876853761737
1A96,0.22456876853761737
1A97,0.22456876853761737
1A98,0.22456876853761737
1AHO,0.22456876853761737
1APN,0.22456876853761737
1AWF,0.22456876853761737
1AWH,0.22456876853761737
1B7A,0.22456876853761737
1B9O,0.22456876853761737
1BED,0.22456876853761737
1CNV,0.22456876853761737
1EPL,0.22456876853761737
1EPM,0.22456876853761737
1EPN,0.22456876853761737
1EPR,0.22456876853761737
1FPN,0.22456876853761737
1GNW,0.22456876853761737
1HPB,0.22456876853761737
1HPX,0.22456876853761737
1HUV,0.22456876853761737
1IS1,0.22456876853761737
1IZ6,0.22456876853761737
1JIA,0.22456876853761737
1JVA,0.22456876853761737
1KBO,0.22456876853761737
1KBQ,0.22456876853761737
1KDA,0.22456876853761737
1KDB,0.22456876853761737
1KDC,0.22456876853761737
1LMW,0.22456876853761737
1NL0,0.22456876853761737
1O07,0.22456876853761737
1QGF,0.22456876853761737
1QR3,0.22456876853761737
1QSA,0.22456876853761737
1QTE,0.22456876853761737
1RDQ,0.22456876853761737
1RPI,0.22456876853761737
1RQ9,0.22456876853761737
1RV7,0.22456876853761737
1S3P,0.22456876853761737
1W08,0.22456876853761737
1WL4,0.22456876853761737
1WL5,0.22456876853761737
1YKJ,0.22456876853761737
1YSC,0.22456876853761737
1ZKC,0.22456876853761737
2A1D,0.22456876853761737
2ABL,0.22456876853761737
2DUC,0.22456876853761737
2ESL,0.22456876853761737
2FYQ,0.22456876853761737
2FYR,0.22456876853761737
2GW2,0.22456876853761737
2HE9,0.22456876853761737
2HNT,0.22456876853761737
2HNU,0.22456876853761737
2HNV,0.22456876853761737
2HNW,0.22456876853761737
2HQ6,0.22456876853761737
2HVL,0.22456876853761737
2IYE,0.22456876853761737
2JGB,0.22456876853761737
2JGC,0.22456876853761737
2NSM,0.22456876853761737
2OSH,0.22456876853761737
2PRE,0.22456876853761737
2PY0,0.22456876853761737
2QDC,0.22456876853761737
2QGQ,0.22456876853761737
2R99,0.22456876853761737
2WJ5,0.22456876853761737
2WJ7,0.22456876853761737
2XMX,0.22456876853761737
2XS3,0.22456876853761737
2XS4,0.22456876853761737
2XTQ,0.22456876853761737
2XTR,0.22456876853761737
2ZED,0.22456876853761737
2ZEE,0.22456876853761737
2ZEF,0.22456876853761737
2ZEG,0.22456876853761737
2ZEH,0.22456876853761737
2ZEL,0.22456876853761737
2ZEM,0.22456876853761737
2ZEN,0.22456876853761737
2ZEO,0.22456876853761737
2ZEP,0.22456876853761737
3BCN,0.22456876853761737
3D69,0.22456876853761737
3EHM,0.22456876853761737
3HLA,0.22456876853761737
3I2A,0.22456876853761737
3I2X,0.22456876853761737
3JQW,0.22456876853761737
3JQX,0.22456876853761737
3KCS,0.22456876853761737
3KCT,0.22456876853761737
3KKW,0.22456876853761737
3M65,0.22456876853761737
3M6A,0.22456876853761737
3M9V,0.22456876853761737
3MDF,0.22456876853761737
3NGH,0.22456876853761737
3OQ6,0.22456876853761737
3QIT,0.22456876853761737
3TKG,0.22456876853761737
3TKW,0.22456876853761737
3TL9,0.22456876853761737
3VV2,0.22456876853761737
3ZZO,0.22456876853761737
3ZZR,0.22456876853761737
4A55,0.22456876853761737
4A6V,0.22456876853761737
4A6W,0.22456876853761737
4AXL,0.22456876853761737
4AXM,0.22456876853761737
4BLM,0.22456876853761737
4DA1,0.22456876853761737
4DWV,0.22456876853761737
4DXH,0.22456876853761737
4GYE,0.22456876853761737
4HPK,0.22456876853761737
4I8G,0.22456876853761737
4I8H,0.22456876853761737
4I8J,0.22456876853761737
4I8K,0.22456876853761737
4I8L,0.22456876853761737
4JRA,0.22456876853761737
4M3S,0.22456876853761737
4OBD,0.22456876853761737
4OBF,0.22456876853761737
4OBG,0.22456876853761737
4OBH,0.22456876853761737
4OBJ,0.22456876853761737
4OBK,0.22456876853761737
4QQ1,0.22456876853761737
4RNU,0.22456876853761737
4RNV,0.22456876853761737
4RNW,0.22456876853761737
4RNX,0.22456876853761737
4RSP,0.22456876853761737
4X2V,0.22456876853761737
4X2W,0.22456876853761737
4X2X,0.22456876853761737
4X2Y,0.22456876853761737
4XJB,0.22456876853761737
4XJD,0.22456876853761737
4XJF,0.22456876853761737
4XJG,0.22456876853761737
4XJH,0.22456876853761737
4XJI,0.22456876853761737
4XNI,0.22456876853761737
4XNJ,0.22456876853761737
4XNK,0.22456876853761737
4XNL,0.22456876853761737
4YLU,0.22456876853761737
5B6O,0.22456876853761737
5BK7,0.22456876853761737
5D6I,0.22456876853761737
5D6K,0.22456876853761737
5EE7,0.22456876853761737
5I1N,0.22456876853761737
5I1O,0.22456876853761737
5I1P,0.22456876853761737
5I1S,0.22456876853761737
5INW,0.22456876853761737
5IYU,0.22456876853761737
5J43,0.22456876853761737
5J5V,0.22456876853761737
5JK2,0.22456876853761737
5L79,0.22456876853761737
5L7F,0.22456876853761737
5M4G,0.22456876853761737
5M4J,0.22456876853761737
5M4L,0.22456876853761737
5M4Q,0.22456876853761737
5T50,0.22456876853761737
5T52,0.22456876853761737
5UTP,0.22456876853761737
5UTQ,0.22456876853761737
5UTR,0.22456876853761737
5W4M,0.22456876853761737
5W4N,0.22456876853761737
6C8T,0.22456876853761737
6C92,0.22456876853761737
6C9B,0.22456876853761737
6FHP,0.22456876853761737
6KUB,0.22456876853761737
6KUC,0.22456876853761737
6KUD,0.22456876853761737
6LXT,0.22456876853761737
6MRR,0.22456876853761737
6MRS,0.22456876853761737
6NUK,0.22456876853761737
6O48,0.22456876853761737
6O54,0.22456876853761737
6O57,0.22456876853761737
6O5A,0.22456876853761737
6O5X,0.22456876853761737
6VW7,0.22456876853761737
6VW8,0.22456876853761737
6W2H,0.22456876853761737
6WI4,0.22456876853761737
7BJK,0.22456876853761737
7CBC,0.22456876853761737
7CDH,0.22456876853761737
7CF6,0.22456876853761737
7CJD,0.22456876853761737
7CMD,0.22456876853761737
7CN6,0.22456876853761737
7CN7,0.22456876853761737
7KHT,0.22456876853761737
7KL5,0.22456876853761737
7KM6,0.22456876853761737
7MLE,0.22456876853761737
7ZSC,0.22456876853761737
8EQ8,0.22456876853761737
8EQH,0.22456876853761737
1JG1,0.22363753289465071
1JG2,0.22363753289465071
1JG3,0.22363753289465071
1JG4,0.22363753289465071
3K05,0.22363753289465071
3K0H,0.22363753289465071
3K0K,0.22363753289465071
3K15,0.22363753289465071
3K16,0.22363753289465071
4TRW,0.22363753289465071
4TRZ,0.22363753289465071
6Z3D,0.22363753289465071
7LJH,0.22363753289465071
7LJI,0.22363753289465071
1CE6,0.22312498907347367
1KY6,0.22312498907347367
1KYD,0.22312498907347367
1KYF,0.22312498907347367
1KYU,0.22312498907347367
1NZL,0.22312498907347367
1NZV,0.22312498907347367
1O9K,0.22312498907347367
1WRZ,0.22312498907347367
1XXP,0.22312498907347367
1YR5,0.22312498907347367
1ZUZ,0.22312498907347367
2A25,0.22312498907347367
2AST,0.22312498907347367
2OQ6,0.22312498907347367
2OS2,0.22312498907347367
2OT7,0.22312498907347367
2OX0,0.22312498907347367
2P54,0.22312498907347367
2PNX,0.22312498907347367
2QYF,0.22312498907347367
2WP1,0.22312498907347367
2WP2,0.22312498907347367
2YBP,0.22312498907347367
2YBS,0.22312498907347367
3D9T,0.22312498907347367
3GL6,0.22312498907347367
3GLH,0.22312498907347367
3IIW,0.22312498907347367
3IIY,0.22312498907347367
3IJ0,0.22312498907347367
3IJ1,0.22312498907347367
3PZZ,0.22312498907347367
3Q75,0.22312498907347367
3TR5,0.22312498907347367
3WP0,0.22312498907347367
3ZDI,0.22312498907347367
4AID,0.22312498907347367
4AIM,0.22312498907347367
4AJY,0.22312498907347367
4B18,0.22312498907347367
4B7T,0.22312498907347367
4BOS,0.22312498907347367
4G4M,0.22312498907347367
4HPY,0.22312498907347367
4KV1,0.22312498907347367
4MZF,0.22312498907347367
4MZH,0.22312498907347367
4ODM,0.22312498907347367
4ODN,0.22312498907347367
4Q6S,0.22312498907347367
4QBR,0.22312498907347367
4QBS,0.22312498907347367
4R5I,0.22312498907347367
4RR0,0.22312498907347367
4S0G,0.22312498907347367
4U0A,0.22312498907347367
4U0B,0.22312498907347367
4U0C,0.22312498907347367
4U0D,0.22312498907347367
4UQ2,0.22312498907347367
4UQ3,0.22312498907347367
4Y18,0.22312498907347367
4Y2G,0.22312498907347367
4ZXL,0.22312498907347367
5B7M,0.22312498907347367
5D13,0.22312498907347367
5DHF,0.22312498907347367
5DIF,0.22312498907347367
5E2A,0.22312498907347367
5E2B,0.22312498907347367
5EA0,0.22312498907347367
5FA5,0.22312498907347367
5FB0,0.22312498907347367
5FB1,0.22312498907347367
5FJX,0.22312498907347367
5FJZ,0.22312498907347367
5LB7,0.22312498907347367
5LI1,0.22312498907347367
5LUM,0.22312498907347367
5MLO,0.22312498907347367
5MLW,0.22312498907347367
5O90,0.22312498907347367
5OO6,0.22312498907347367
5OU9,0.22312498907347367
5XCV,0.22312498907347367
5Z8L,0.22312498907347367
6AY0,0.22312498907347367
6BYJ,0.22312498907347367
6BYK,0.22312498907347367
6BYL,0.22312498907347367
6BZD,0.22312498907347367
6DF2,0.22312498907347367
6DS6,0.22312498907347367
6E8M,0.22312498907347367
6EX9,0.22312498907347367
6EZI,0.22312498907347367
6HL0,0.22312498907347367
6JTO,0.22312498907347367
6LS6,0.22312498907347367
6LSB,0.22312498907347367
6M8R,0.22312498907347367
6M90,0.22312498907347367
6M91,0.22312498907347367
6M92,0.22312498907347367
6M93,0.22312498907347367
6MIU,0.22312498907347367
6MNQ,0.22312498907347367
6MNR,0.22312498907347367
6MNS,0.22312498907347367
6UAB,0.22312498907347367
6UJ7,0.22312498907347367
6UJ8,0.22312498907347367
6V8K,0.22312498907347367
6W00,0.22312498907347367
6W05,0.22312498907347367
6WFW,0.22312498907347367
6WFX,0.22312498907347367
6WFY,0.22312498907347367
6WFZ,0.22312498907347367
6WG0,0.22312498907347367
6WG1,0.22312498907347367
6WG2,0.22312498907347367
6XLI,0.22312498907347367
6XNF,0.22312498907347367
6YGC,0.22312498907347367
6YGD,0.22312498907347367
6YN0,0.22312498907347367
6ZW0,0.22312498907347367
7AK8,0.22312498907347367
7AK9,0.22312498907347367
7BM9,0.22312498907347367
7C5D,0.22312498907347367
7CQF,0.22312498907347367
7EF3,0.22312498907347367
7JI2,0.22312498907347367
7M55,0.22312498907347367
7M5C,0.22312498907347367
7MSO,0.22312498907347367
7NEL,0.22312498907347367
7NFB,0.22312498907347367
7QCS,0.22312498907347367
7S4O,0.22312498907347367
7S51,0.22312498907347367
7SNQ,0.22312498907347367
7SSC,0.22312498907347367
7VMW,0.22312498907347367
7W6L,0.22312498907347367
7YF2,0.22312498907347367
7YF3,0.22312498907347367
7YF4,0.22312498907347367
8D7P,0.22312498907347367
8I3F,0.22312498907347367
3HM1,0.22096649865786364
2VJ0,0.21916690504441091
1IL1,0.21776657831699148
1JMT,0.21776657831699148
2NNU,0.21776657831699148
2ZP0,0.21776657831699148
3FE0,0.21776657831699148
3SSB,0.21776657831699148
3UVK,0.21776657831699148
3UVL,0.21776657831699148
3UVM,0.21776657831699148
3UVN,0.21776657831699148
3UVO,0.21776657831699148
3VIC,0.21776657831699148
3VK1,0.21776657831699148
4EZS,0.21776657831699148
4EZU,0.21776657831699148
4EZV,0.21776657831699148
4QRG,0.21776657831699148
4QRV,0.21776657831699148
4QRX,0.21776657831699148
7E6P,0.21776657831699148
7RA7,0.21776657831699148
1D4T,0.2163676324491356
1H2K,0.2163676324491356
1H2L,0.2163676324491356
1H2M,0.2163676324491356
1J2X,0.2163676324491356
1YOK,0.2163676324491356
1ZMH,0.2163676324491356
2A4Q,0.2163676324491356
2CO4,0.2163676324491356
2EGN,0.2163676324491356
2O9Q,0.2163676324491356
2OAE,0.2163676324491356
2OEI,0.2163676324491356
2ON9,0.2163676324491356
2OVH,0.2163676324491356
2OVM,0.2163676324491356
2QQS,0.2163676324491356
2R0Y,0.2163676324491356
2R3Y,0.2163676324491356
2W0P,0.2163676324491356
2Y3J,0.2163676324491356
2Z23,0.2163676324491356
3DM1,0.2163676324491356
3HPK,0.2163676324491356
3LQI,0.2163676324491356
3LQJ,0.2163676324491356
3O34,0.2163676324491356
3O35,0.2163676324491356
3O36,0.2163676324491356
3O37,0.2163676324491356
3OW9,0.2163676324491356
3Q2X,0.2163676324491356
3SOU,0.2163676324491356
3SOW,0.2163676324491356
3T9K,0.2163676324491356
3U9Q,0.2163676324491356
3W6K,0.2163676324491356
4A62,0.2163676324491356
4BFH,0.2163676324491356
4G6F,0.2163676324491356
4I21,0.2163676324491356
4IEA,0.2163676324491356
4J8S,0.2163676324491356
4JXT,0.2163676324491356
4O9W,0.2163676324491356
4ODQ,0.2163676324491356
4Q94,0.2163676324491356
4QUM,0.2163676324491356
4U90,0.2163676324491356
4XHV,0.2163676324491356
4YH1,0.2163676324491356
4Z89,0.2163676324491356
4Z8A,0.2163676324491356
5AZT,0.2163676324491356
5CQ2,0.2163676324491356
5DF6,0.2163676324491356
5E5V,0.2163676324491356
5E61,0.2163676324491356
5FJW,0.2163676324491356
5FWE,0.2163676324491356
5HGV,0.2163676324491356
5IQ9,0.2163676324491356
5K8Q,0.2163676324491356
5MT7,0.2163676324491356
5MT8,0.2163676324491356
5N5R,0.2163676324491356
5N5T,0.2163676324491356
5N5W,0.2163676324491356
5NCL,0.2163676324491356
5U3J,0.2163676324491356
5U3M,0.2163676324491356
5U3N,0.2163676324491356
5U3O,0.2163676324491356
5VAC,0.2163676324491356
5VB3,0.2163676324491356
5WRI,0.2163676324491356
5WRJ,0.2163676324491356
5WUK,0.2163676324491356
5YAX,0.2163676324491356
6BCR,0.2163676324491356
6BCY,0.2163676324491356
6BD1,0.2163676324491356
6BNT,0.2163676324491356
6EW9,0.2163676324491356
6EXS,0.2163676324491356
6HSO,0.2163676324491356
6I4X,0.2163676324491356
6IEU,0.2163676324491356
6KDR,0.2163676324491356
6LSD,0.2163676324491356
6MT3,0.2163676324491356
6MT6,0.2163676324491356
6MTL,0.2163676324491356
6O5W,0.2163676324491356
6QH1,0.2163676324491356
6SNC,0.2163676324491356
6SND,0.2163676324491356
6SNE,0.2163676324491356
6TYA,0.2163676324491356
6U1B,0.2163676324491356
6VBO,0.2163676324491356
6VBP,0.2163676324491356
6VBQ,0.2163676324491356
6XNE,0.2163676324491356
6XNL,0.2163676324491356
6Y7V,0.2163676324491356
6YMO,0.2163676324491356
6YO8,0.2163676324491356
6ZXR,0.2163676324491356
7CCE,0.2163676324491356
7EF0,0.2163676324491356
7EF1,0.2163676324491356
7EF2,0.2163676324491356
7NFW,0.2163676324491356
7OW3,0.2163676324491356
7OXE,0.2163676324491356
7OYE,0.2163676324491356
7P0S,0.2163676324491356
7P0U,0.2163676324491356
7PDC,0.2163676324491356
7Q5T,0.2163676324491356
7Q5U,0.2163676324491356
7Q5W,0.2163676324491356
7VFL,0.2163676324491356
7WFY,0.2163676324491356
7ZWN,0.2163676324491356
8B5A,0.2163676324491356
8C3H,0.2163676324491356
8D7M,0.2163676324491356
8D7N,0.2163676324491356
8D7O,0.2163676324491356
1B3R,0.21631621126593914
1BCG,0.21631621126593914
1BD9,0.21631621126593914
1BEH,0.21631621126593914
1BYI,0.21631621126593914
1C8N,0.21631621126593914
1CG2,0.21631621126593914
1DQN,0.21631621126593914
1DQP,0.21631621126593914
1EKU,0.21631621126593914
1FMD,0.21631621126593914
1G7F,0.21631621126593914
1G7G,0.21631621126593914
1IVL,0.21631621126593914
1LIL,0.21631621126593914
1LNA,0.21631621126593914
1LNB,0.21631621126593914
1LNC,0.21631621126593914
1LND,0.21631621126593914
1LNE,0.21631621126593914
1LNF,0.21631621126593914
1OQQ,0.21631621126593914
1OQR,0.21631621126593914
1P3Y,0.21631621126593914
1PVX,0.21631621126593914
1ST2,0.21631621126593914
1SUR,0.21631621126593914
1SY7,0.21631621126593914
1VCP,0.21631621126593914
1VCQ,0.21631621126593914
1W6X,0.21631621126593914
1W70,0.21631621126593914
2A7T,0.21631621126593914
2ANP,0.21631621126593914
2CDT,0.21631621126593914
2F2V,0.21631621126593914
2F2W,0.21631621126593914
2F2X,0.21631621126593914
2I4S,0.21631621126593914
2I6V,0.21631621126593914
2IFW,0.21631621126593914
2MAT,0.21631621126593914
2SIC,0.21631621126593914
2ST1,0.21631621126593914
2W44,0.21631621126593914
2ZL9,0.21631621126593914
2ZLA,0.21631621126593914
2ZLC,0.21631621126593914
3CNQ,0.21631621126593914
3IDB,0.21631621126593914
3IDC,0.21631621126593914
3MAT,0.21631621126593914
3OF6,0.21631621126593914
3OVO,0.21631621126593914
3U69,0.21631621126593914
3U8O,0.21631621126593914
3U8R,0.21631621126593914
3U8T,0.21631621126593914
4HTC,0.21631621126593914
4LKL,0.21631621126593914
4LKM,0.21631621126593914
4LLV,0.21631621126593914
4MAT,0.21631621126593914
4OVO,0.21631621126593914
5FHT,0.21631621126593914
5GDS,0.21631621126593914
5NPH,0.21631621126593914
5NPI,0.21631621126593914
5NPJ,0.21631621126593914
5Y98,0.21631621126593914
5Y9A,0.21631621126593914
6CJ7,0.21631621126593914
6CZX,0.21631621126593914
6CZY,0.21631621126593914
6CZZ,0.21631621126593914
6LRZ,0.21631621126593914
7C5E,0.21631621126593914
7C60,0.21631621126593914
7CO2,0.21631621126593914
7CO3,0.21631621126593914
7CO5,0.21631621126593914
7CO7,0.21631621126593914
7W8A,0.21631621126593914
1J7Z,0.2122836790591845
1J80,0.2122836790591845
1J81,0.2122836790591845
1J82,0.2122836790591845
1LQF,0.2122836790591845
1ZII,0.2122836790591845
1ZIJ,0.2122836790591845
2P0W,0.2122836790591845
4GR4,0.2122836790591845
4GR5,0.2122836790591845
4J9Y,0.2122836790591845
4J9Z,0.2122836790591845
5AXI,0.2122836790591845
6IVV,0.2122836790591845
1D01,0.2101233981712352
1D0J,0.2101233981712352
1G37,0.2101233981712352
1H2Z,0.2101233981712352
1N1L,0.2101233981712352
1O6F,0.2101233981712352
1O6G,0.2101233981712352
1OBY,0.2101233981712352
1R2B,0.2101233981712352
1X1K,0.2101233981712352
1XVP,0.2101233981712352
2IVZ,0.2101233981712352
2J6F,0.2101233981712352
2ONX,0.2101233981712352
2V1R,0.2101233981712352
2V89,0.2101233981712352
2X1N,0.2101233981712352
3D1E,0.2101233981712352
3D1F,0.2101233981712352
3IQJ,0.2101233981712352
3IQU,0.2101233981712352
3O3Y,0.2101233981712352
3P1N,0.2101233981712352
3Q3I,0.2101233981712352
3SHW,0.2101233981712352
3SJ9,0.2101233981712352
3VQM,0.2101233981712352
4CH9,0.2101233981712352
4CHB,0.2101233981712352
4D11,0.2101233981712352
4E43,0.2101233981712352
4GYY,0.2101233981712352
4N1A,0.2101233981712352
4NNL,0.2101233981712352
4NNM,0.2101233981712352
4NRX,0.2101233981712352
4ODP,0.2101233981712352
4Q6H,0.2101233981712352
4QYD,0.2101233981712352
4QYL,0.2101233981712352
4R1E,0.2101233981712352
4RH9,0.2101233981712352
4RHG,0.2101233981712352
4U91,0.2101233981712352
4XEV,0.2101233981712352
4Y32,0.2101233981712352
4Y3B,0.2101233981712352
4Y5I,0.2101233981712352
4YGY,0.2101233981712352
4YWC,0.2101233981712352
5C0M,0.2101233981712352
5DAH,0.2101233981712352
5DH9,0.2101233981712352
5DHA,0.2101233981712352
5DI9,0.2101233981712352
5E5X,0.2101233981712352
5EYZ,0.2101233981712352
5FC2,0.2101233981712352
5HF3,0.2101233981712352
5IQ7,0.2101233981712352
5JHQ,0.2101233981712352
5JWD,0.2101233981712352
5JWE,0.2101233981712352
5LV0,0.2101233981712352
5MAV,0.2101233981712352
5MT6,0.2101233981712352
5MY9,0.2101233981712352
5MYC,0.2101233981712352
5O76,0.2101233981712352
5OJO,0.2101233981712352
5TYT,0.2101233981712352
5UPL,0.2101233981712352
5W7X,0.2101233981712352
5WA4,0.2101233981712352
5WDF,0.2101233981712352
6D07,0.2101233981712352
6E8K,0.2101233981712352
6FWX,0.2101233981712352
6HL1,0.2101233981712352
6HSN,0.2101233981712352
6I5J,0.2101233981712352
6I5N,0.2101233981712352
6MT4,0.2101233981712352
6MT5,0.2101233981712352
6O42,0.2101233981712352
6STI,0.2101233981712352
6X8P,0.2101233981712352
6X8Q,0.2101233981712352
6X8S,0.2101233981712352
6X8U,0.2101233981712352
6XZZ,0.2101233981712352
6YOS,0.2101233981712352
7EBK,0.2101233981712352
7EXE,0.2101233981712352
7KZI,0.2101233981712352
7KZU,0.2101233981712352
7L1C,0.2101233981712352
7LIN,0.2101233981712352
7LIO,0.2101233981712352
7NMA,0.2101233981712352
7NP2,0.2101233981712352
7OW4,0.2101233981712352
7QFB,0.2101233981712352
7T70,0.2101233981712352
7T8M,0.2101233981712352
7T8R,0.2101233981712352
7T9Y,0.2101233981712352
7TA4,0.2101233981712352
7TA7,0.2101233981712352
7TB2,0.2101233981712352
7TBT,0.2101233981712352
7TC4,0.2101233981712352
8B5C,0.2101233981712352
8CIR,0.2101233981712352
1A4U,0.2088164547110579
1AAQ,0.2088164547110579
1BLH,0.2088164547110579
1CBU,0.2088164547110579
1H76,0.2088164547110579
1JB6,0.2088164547110579
1JNF,0.2088164547110579
1MOL,0.2088164547110579
1OJ9,0.2088164547110579
1OJA,0.2088164547110579
1OJC,0.2088164547110579
1OJD,0.2088164547110579
1QL6,0.2088164547110579
1SPE,0.2088164547110579
1SYN,0.2088164547110579
1VXA,0.2088164547110579
1VXB,0.2088164547110579
1VXC,0.2088164547110579
1VXD,0.2088164547110579
1VXE,0.2088164547110579
1VXF,0.2088164547110579
1VXG,0.2088164547110579
1VXH,0.2088164547110579
2FCR,0.2088164547110579
2LHB,0.2088164547110579
2SEC,0.2088164547110579
2SNI,0.2088164547110579
2WKT,0.2088164547110579
2WKU,0.2088164547110579
2WKV,0.2088164547110579
2WL4,0.2088164547110579
2WL5,0.2088164547110579
2WL6,0.2088164547110579
2WYH,0.2088164547110579
2WYI,0.2088164547110579
2X6P,0.2088164547110579
3AAJ,0.2088164547110579
3AAK,0.2088164547110579
3MIB,0.2088164547110579
3MIC,0.2088164547110579
3MID,0.2088164547110579
3MIE,0.2088164547110579
3MIF,0.2088164547110579
3MIG,0.2088164547110579
3MIH,0.2088164547110579
3MLJ,0.2088164547110579
3MLK,0.2088164547110579
3MLL,0.2088164547110579
4CSH,0.2088164547110579
4CT3,0.2088164547110579
4MDH,0.2088164547110579
5KZP,0.2088164547110579
6H9N,0.2088164547110579
6H9O,0.2088164547110579
8D02,0.2088164547110579
1CK0,0.20715163636925654
1PJ8,0.20715163636925654
2G5L,0.20715163636925654
3AUB,0.20715163636925654
3AUC,0.20715163636925654
3AUD,0.20715163636925654
3AUE,0.20715163636925654
3AUG,0.20715163636925654
3AUH,0.20715163636925654
3AUI,0.20715163636925654
3CK0,0.20715163636925654
3U0T,0.20715163636925654
4ABI,0.20715163636925654
4ABJ,0.20715163636925654
4AIG,0.20715163636925654
7KKH,0.20715163636925654
1CZZ,0.20433586946983692
1D00,0.20433586946983692
1D0A,0.20433586946983692
1JPL,0.20433586946983692
1JUQ,0.20433586946983692
1KZO,0.20433586946983692
1TW6,0.20433586946983692
1UOO,0.20433586946983692
1UOP,0.20433586946983692
1UOQ,0.20433586946983692
2B0S,0.20433586946983692
2B1A,0.20433586946983692
2B1H,0.20433586946983692
2CNY,0.20433586946983692
2CNZ,0.20433586946983692
2CO1,0.20433586946983692
2CO2,0.20433586946983692
2F9U,0.20433586946983692
2JKT,0.20433586946983692
2NUD,0.20433586946983692
2OBO,0.20433586946983692
2OC7,0.20433586946983692
2OC8,0.20433586946983692
2OD2,0.20433586946983692
2Q8C,0.20433586946983692
2SAM,0.20433586946983692
2Y0I,0.20433586946983692
2Y4V,0.20433586946983692
3AP2,0.20433586946983692
3BRH,0.20433586946983692
3C88,0.20433586946983692
3C89,0.20433586946983692
3C8A,0.20433586946983692
3C8B,0.20433586946983692
3GHB,0.20433586946983692
3GHE,0.20433586946983692
3GJO,0.20433586946983692
3GQ0,0.20433586946983692
3HPM,0.20433586946983692
3N5U,0.20433586946983692
3OBQ,0.20433586946983692
3OBU,0.20433586946983692
3OVJ,0.20433586946983692
3PA8,0.20433586946983692
3R42,0.20433586946983692
3UJJ,0.20433586946983692
3VZA,0.20433586946983692
4EIK,0.20433586946983692
4EJE,0.20433586946983692
4FT2,0.20433586946983692
4FT4,0.20433586946983692
4JAA,0.20433586946983692
4LN2,0.20433586946983692
4LNP,0.20433586946983692
4PO6,0.20433586946983692
4Q6F,0.20433586946983692
4QBM,0.20433586946983692
4QC1,0.20433586946983692
4QC3,0.20433586946983692
4RQZ,0.20433586946983692
4U6X,0.20433586946983692
4U6Y,0.20433586946983692
4YGX,0.20433586946983692
4YZ6,0.20433586946983692
4ZNX,0.20433586946983692
5C5E,0.20433586946983692
5EOQ,0.20433586946983692
5FU7,0.20433586946983692
5LVP,0.20433586946983692
5LW1,0.20433586946983692
5M02,0.20433586946983692
5OOB,0.20433586946983692
5T1Z,0.20433586946983692
5U3K,0.20433586946983692
5U3L,0.20433586946983692
5UPK,0.20433586946983692
5V2O,0.20433586946983692
5W7Y,0.20433586946983692
5WBH,0.20433586946983692
5WRK,0.20433586946983692
5WRL,0.20433586946983692
5WRM,0.20433586946983692
5X08,0.20433586946983692
5YKO,0.20433586946983692
5ZV3,0.20433586946983692
6AY9,0.20433586946983692
6AYA,0.20433586946983692
6B0U,0.20433586946983692
6CBZ,0.20433586946983692
6EIH,0.20433586946983692
6F09,0.20433586946983692
6F9I,0.20433586946983692
6KDQ,0.20433586946983692
6KDS,0.20433586946983692
6ONJ,0.20433586946983692
6PAK,0.20433586946983692
6PAV,0.20433586946983692
6Q9I,0.20433586946983692
6RU6,0.20433586946983692
6S24,0.20433586946983692
6WC6,0.20433586946983692
6XXS,0.20433586946983692
6XYX,0.20433586946983692
6Y9O,0.20433586946983692
6Y9Q,0.20433586946983692
6YIF,0.20433586946983692
6YIH,0.20433586946983692
6ZBU,0.20433586946983692
7A6Y,0.20433586946983692
7A77,0.20433586946983692
7A78,0.20433586946983692
7A79,0.20433586946983692
7E6J,0.20433586946983692
7EJL,0.20433586946983692
7EJM,0.20433586946983692
7EJN,0.20433586946983692
7FGL,0.20433586946983692
7JHD,0.20433586946983692
7JVX,0.20433586946983692
7L1B,0.20433586946983692
7M53,0.20433586946983692
7NDX,0.20433586946983692
7OBC,0.20433586946983692
7P33,0.20433586946983692
7RNJ,0.20433586946983692
7RTZ,0.20433586946983692
7TCQ,0.20433586946983692
7TLT,0.20433586946983692
7W67,0.20433586946983692
7W6I,0.20433586946983692
7W6J,0.20433586946983692
7XTY,0.20433586946983692
8BF1,0.20433586946983692
8BFT,0.20433586946983692
8CCZ,0.20433586946983692
8CQY,0.20433586946983692
8D5K,0.20433586946983692
8EKF,0.20433586946983692
5B2A,0.20233785858325837
6J5M,0.20233785858325837
6J5N,0.20233785858325837
6J5O,0.20233785858325837
6J5P,0.20233785858325837
6J5Q,0.20233785858325837
6J5R,0.20233785858325837
6J6B,0.20233785858325837
6J6C,0.20233785858325837
6J6D,0.20233785858325837
6J6E,0.20233785858325837
1A4Z,0.20197096377494406
1AG8,0.20197096377494406
1AMA,0.20197096377494406
1CSE,0.20197096377494406
1FLE,0.20197096377494406
1P11,0.20197096377494406
1P12,0.20197096377494406
1RN4,0.20197096377494406
2IKG,0.20197096377494406
2IKH,0.20197096377494406
2IKI,0.20197096377494406
2IKJ,0.20197096377494406
3WL9,0.20197096377494406
3WLB,0.20197096377494406
4L05,0.20197096377494406
4RNT,0.20197096377494406
4SGB,0.20197096377494406
5EZQ,0.20197096377494406
5EZS,0.20197096377494406
6AEF,0.20197096377494406
6TRK,0.20197096377494406
6YEH,0.20197096377494406
6YEI,0.20197096377494406
7QPW,0.20197096377494406
7QPY,0.20197096377494406
7QPZ,0.20197096377494406
7QQ0,0.20197096377494406
7QQ1,0.20197096377494406
1OBX,0.1989567542655259
1PU9,0.1989567542655259
1PZL,0.1989567542655259
1Q2C,0.1989567542655259
1QZ2,0.1989567542655259
2BRQ,0.1989567542655259
2E3K,0.1989567542655259
2F9V,0.1989567542655259
2GS6,0.1989567542655259
2OD7,0.1989567542655259
2ONW,0.1989567542655259
2UZC,0.1989567542655259
2VL1,0.1989567542655259
2Y29,0.1989567542655259
2Y2A,0.1989567542655259
2Y3K,0.1989567542655259
2Y3L,0.1989567542655259
3D9U,0.1989567542655259
3O42,0.1989567542655259
3O43,0.1989567542655259
3OVL,0.1989567542655259
3P1P,0.1989567542655259
3P1R,0.1989567542655259
3P3N,0.1989567542655259
3P3P,0.1989567542655259
3QO0,0.1989567542655259
3SFJ,0.1989567542655259
3U4S,0.1989567542655259
3U5N,0.1989567542655259
3U5O,0.1989567542655259
3U5P,0.1989567542655259
4B7E,0.1989567542655259
4B7K,0.1989567542655259
4BVE,0.1989567542655259
4GV5,0.1989567542655259
4GVD,0.1989567542655259
4GW8,0.1989567542655259
4I2W,0.1989567542655259
4I2Z,0.1989567542655259
4M1D,0.1989567542655259
4NP8,0.1989567542655259
4NR1,0.1989567542655259
4U6G,0.1989567542655259
5EOR,0.1989567542655259
5M01,0.1989567542655259
5SZB,0.1989567542655259
5VHB,0.1989567542655259
5VI9,0.1989567542655259
5VIB,0.1989567542655259
5WBJ,0.1989567542655259
5WBK,0.1989567542655259
5WBL,0.1989567542655259
5YXN,0.1989567542655259
5Z8N,0.1989567542655259
6BD2,0.1989567542655259
6BQT,0.1989567542655259
6DRT,0.1989567542655259
6EFK,0.1989567542655259
6F0W,0.1989567542655259
6FZU,0.1989567542655259
6G05,0.1989567542655259
6G07,0.1989567542655259
6GP7,0.1989567542655259
6GPZ,0.1989567542655259
6GQN,0.1989567542655259
6H7B,0.1989567542655259
6NSV,0.1989567542655259
6P8D,0.1989567542655259
6PDR,0.1989567542655259
6PDZ,0.1989567542655259
6RMV,0.1989567542655259
6RRK,0.1989567542655259
6RU7,0.1989567542655259
6RU8,0.1989567542655259
6S8S,0.1989567542655259
6T36,0.1989567542655259
6UJ9,0.1989567542655259
6WUU,0.1989567542655259
6WX4,0.1989567542655259
6Y38,0.1989567542655259
6YVR,0.1989567542655259
7BMC,0.1989567542655259
7LFU,0.1989567542655259
7LFV,0.1989567542655259
7XHF,0.1989567542655259
7ZAK,0.1989567542655259
8AH2,0.1989567542655259
8B5B,0.1989567542655259
8CCW,0.1989567542655259
8EB2,0.1989567542655259
8OEP,0.1989567542655259
1BGO,0.19781351656284038
2Z2T,0.19781351656284038
4G69,0.19781351656284038
5HEV,0.19781351656284038
7PPX,0.19781351656284038
7QU7,0.19781351656284038
7QUK,0.19781351656284038
7QUM,0.19781351656284038
7QWO,0.19781351656284038
7QX1,0.19781351656284038
7QXT,0.19781351656284038
7QYK,0.19781351656284038
7QYL,0.19781351656284038
7QZM,0.19781351656284038
7QZY,0.19781351656284038
7QZZ,0.19781351656284038
7R00,0.19781351656284038
7R05,0.19781351656284038
7R0Y,0.19781351656284038
7Z9H,0.19781351656284038
7Z9I,0.19781351656284038
7Z9J,0.19781351656284038
7Z9N,0.19781351656284038
7Z9O,0.19781351656284038
7Z9S,0.19781351656284038
7Z9U,0.19781351656284038
7Z9W,0.19781351656284038
7Z9Y,0.19781351656284038
7ZA6,0.19781351656284038
7ZA7,0.19781351656284038
7ZA8,0.19781351656284038
7ZA9,0.19781351656284038
7ZAA,0.19781351656284038
7ZAD,0.19781351656284038
7ZAE,0.19781351656284038
7ZAJ,0.19781351656284038
7ZAQ,0.19781351656284038
7ZAR,0.19781351656284038
7ZAT,0.19781351656284038
7ZE6,0.19781351656284038
7ZE7,0.19781351656284038
7ZEF,0.19781351656284038
7ZEN,0.19781351656284038
7ZFN,0.19781351656284038
7ZFO,0.19781351656284038
7ZFS,0.19781351656284038
7ZFT,0.19781351656284038
7ZFU,0.19781351656284038
7ZFV,0.19781351656284038
7ZFY,0.19781351656284038
7ZFZ,0.19781351656284038
7ZG1,0.19781351656284038
7ZG2,0.19781351656284038
1CHO,0.1956977525602699
1EAA,0.1956977525602699
1EAB,0.1956977525602699
1EAC,0.1956977525602699
1EAD,0.1956977525602699
1EAE,0.1956977525602699
1EAF,0.1956977525602699
1PBE,0.1956977525602699
1RBC,0.1956977525602699
1RBD,0.1956977525602699
1RBE,0.1956977525602699
1RBF,0.1956977525602699
1RBG,0.1956977525602699
1RBH,0.1956977525602699
1RBI,0.1956977525602699
1XXT,0.1956977525602699
1XY0,0.1956977525602699
1XZ5,0.1956977525602699
1XZ7,0.1956977525602699
1XZU,0.1956977525602699
1XZV,0.1956977525602699
1Y09,0.1956977525602699
1Y0A,0.1956977525602699
1Y0C,0.1956977525602699
1Y0D,0.1956977525602699
1Y0T,0.1956977525602699
1Y0W,0.1956977525602699
1Y22,0.1956977525602699
1Y2Z,0.1956977525602699
1Y31,0.1956977525602699
1Y35,0.1956977525602699
1Y45,0.1956977525602699
1Y46,0.1956977525602699
1Y4B,0.1956977525602699
1Y4F,0.1956977525602699
1Y4G,0.1956977525602699
1Y4P,0.1956977525602699
1Y4Q,0.1956977525602699
1Y4R,0.1956977525602699
1Y4V,0.1956977525602699
1Y5F,0.1956977525602699
1Y5J,0.1956977525602699
1Y5K,0.1956977525602699
1Y7C,0.1956977525602699
1Y7D,0.1956977525602699
1Y7G,0.1956977525602699
1Y7Z,0.1956977525602699
1Y83,0.1956977525602699
1Y85,0.1956977525602699
1Y8W,0.1956977525602699
1YDZ,0.1956977525602699
1YE0,0.1956977525602699
1YE1,0.1956977525602699
1YE2,0.1956977525602699
1YEN,0.1956977525602699
1YEO,0.1956977525602699
1YEQ,0.1956977525602699
1YEU,0.1956977525602699
1YEV,0.1956977525602699
1YG5,0.1956977525602699
1YGD,0.1956977525602699
1YGF,0.1956977525602699
1YH9,0.1956977525602699
1YHE,0.1956977525602699
1YHR,0.1956977525602699
1YIE,0.1956977525602699
1YIH,0.1956977525602699
2GN5,0.1956977525602699
3BLM,0.1956977525602699
4J1V,0.1956977525602699
4UON,0.1956977525602699
4XML,0.1956977525602699
5CIL,0.1956977525602699
5CIN,0.1956977525602699
5CIP,0.1956977525602699
5JPE,0.1956977525602699
5JPF,0.1956977525602699
5NSK,0.1956977525602699
5NSM,0.1956977525602699
5NSQ,0.1956977525602699
5NTD,0.1956977525602699
5NTF,0.1956977525602699
5NTG,0.1956977525602699
5NTH,0.1956977525602699
6G0Y,0.1956977525602699
6RNT,0.1956977525602699
1CZY,0.19394430161486248
1PCX,0.19394430161486248
1PUA,0.19394430161486248
1RTL,0.19394430161486248
1U8H,0.19394430161486248
1U8I,0.19394430161486248
1U8J,0.19394430161486248
1U8L,0.19394430161486248
1U8M,0.19394430161486248
1U8N,0.19394430161486248
1U8O,0.19394430161486248
1U8P,0.19394430161486248
1U8Q,0.19394430161486248
1U95,0.19394430161486248
1XV9,0.19394430161486248
1YP0,0.19394430161486248
2ARQ,0.19394430161486248
2ARR,0.19394430161486248
2DVQ,0.19394430161486248
2DVR,0.19394430161486248
2DVS,0.19394430161486248
2ONV,0.19394430161486248
2PW1,0.19394430161486248
2PW2,0.19394430161486248
3GCD,0.19394430161486248
3IDG,0.19394430161486248
3IQV,0.19394430161486248
3ISW,0.19394430161486248
3MO8,0.19394430161486248
3O40,0.19394430161486248
3OBX,0.19394430161486248
3OMC,0.19394430161486248
3OMG,0.19394430161486248
3PCU,0.19394430161486248
3PDV,0.19394430161486248
3QNJ,0.19394430161486248
3QNZ,0.19394430161486248
3ROO,0.19394430161486248
3UOT,0.19394430161486248
3VRO,0.19394430161486248
3VRP,0.19394430161486248
3VXM,0.19394430161486248
3VXR,0.19394430161486248
3VXS,0.19394430161486248
3VXU,0.19394430161486248
4BKL,0.19394430161486248
4C2G,0.19394430161486248
4E0K,0.19394430161486248
4FL5,0.19394430161486248
4GVC,0.19394430161486248
4HNJ,0.19394430161486248
4IHL,0.19394430161486248
4QXX,0.19394430161486248
4UCA,0.19394430161486248
4UCB,0.19394430161486248
4YMQ,0.19394430161486248
4Z80,0.19394430161486248
5BTV,0.19394430161486248
5D3E,0.19394430161486248
5DN2,0.19394430161486248
5FPI,0.19394430161486248
5JWP,0.19394430161486248
5M00,0.19394430161486248
5MK0,0.19394430161486248
5NNF,0.19394430161486248
5NNG,0.19394430161486248
5U9U,0.19394430161486248
5V6M,0.19394430161486248
5WMM,0.19394430161486248
5YPU,0.19394430161486248
6A8O,0.19394430161486248
6DCW,0.19394430161486248
6E9L,0.19394430161486248
6FUZ,0.19394430161486248
6FV0,0.19394430161486248
6GHP,0.19394430161486248
6HEP,0.19394430161486248
6JQ7,0.19394430161486248
6ONI,0.19394430161486248
6RRC,0.19394430161486248
6RUJ,0.19394430161486248
6TXS,0.19394430161486248
6WMQ,0.19394430161486248
6WMS,0.19394430161486248
6Y9N,0.19394430161486248
6Y9P,0.19394430161486248
7BN1,0.19394430161486248
7DS6,0.19394430161486248
7DS8,0.19394430161486248
7DZM,0.19394430161486248
7DZN,0.19394430161486248
7NMW,0.19394430161486248
7NMX,0.19394430161486248
7NN2,0.19394430161486248
7NND,0.19394430161486248
7NNE,0.19394430161486248
7NPB,0.19394430161486248
7NPG,0.19394430161486248
7OW5,0.19394430161486248
7P93,0.19394430161486248
7RPU,0.19394430161486248
7UVA,0.19394430161486248
7W64,0.19394430161486248
7XHG,0.19394430161486248
7Y8F,0.19394430161486248
7Y8G,0.19394430161486248
8A9G,0.19394430161486248
8DTR,0.19394430161486248
8DTT,0.19394430161486248
8DTX,0.19394430161486248
8FXQ,0.19394430161486248
1FT7,0.1935533958968286
1GNU,0.1935533958968286
2W3T,0.1935533958968286
2W3U,0.1935533958968286
4GF3,0.1935533958968286
6PJV,0.1935533958968286
1G7H,0.1899278583222886
1G7I,0.1899278583222886
1G7J,0.1899278583222886
1G7L,0.1899278583222886
1G7M,0.1899278583222886
1TOP,0.1899278583222886
3L2D,0.1899278583222886
3L2E,0.1899278583222886
4V7N,0.1899278583222886
5KJR,0.1899278583222886
5N1Q,0.1899278583222886
5N28,0.1899278583222886
5N2A,0.1899278583222886
5XOS,0.1899278583222886
5XOT,0.1899278583222886
7UKN,0.1899278583222886
4K7M,0.18953486653506696
4LL9,0.18953486653506696
4LLA,0.18953486653506696
4OY5,0.18953486653506696
6RMJ,0.18953486653506696
1D5D,0.18926221644766744
1D5E,0.18926221644766744
1LV0,0.18926221644766744
1OBZ,0.18926221644766744
2B23,0.18926221644766744
3FMA,0.18926221644766744
3G1B,0.18926221644766744
3JXT,0.18926221644766744
3P1O,0.18926221644766744
3Q6S,0.18926221644766744
3QFJ,0.18926221644766744
3QJ6,0.18926221644766744
3UX0,0.18926221644766744
4HGD,0.18926221644766744
4XI7,0.18926221644766744
5K92,0.18926221644766744
5KB0,0.18926221644766744
5KB1,0.18926221644766744
5MK1,0.18926221644766744
5MK2,0.18926221644766744
5NNE,0.18926221644766744
5V6L,0.18926221644766744
5VB7,0.18926221644766744
6C3T,0.18926221644766744
6D08,0.18926221644766744
6E99,0.18926221644766744
6F9S,0.18926221644766744
6F9W,0.18926221644766744
6G0O,0.18926221644766744
6G0P,0.18926221644766744
6G0Q,0.18926221644766744
6G0R,0.18926221644766744
6G0S,0.18926221644766744
6GFX,0.18926221644766744
6GJH,0.18926221644766744
6HGT,0.18926221644766744
6PDS,0.18926221644766744
6PDU,0.18926221644766744
6PEC,0.18926221644766744
6PEF,0.18926221644766744
6TG8,0.18926221644766744
7A6R,0.18926221644766744
7BPZ,0.18926221644766744
7BQ2,0.18926221644766744
7NAB,0.18926221644766744
7OW6,0.18926221644766744
7P8X,0.18926221644766744
7PB2,0.18926221644766744
7QBS,0.18926221644766744
7QCR,0.18926221644766744
7RNV,0.18926221644766744
7Z7C,0.18926221644766744
8F0L,0.18926221644766744
4X0N,0.18573806859215075
1R1L,0.1848789374661489
1SSH,0.1848789374661489
1T0J,0.1848789374661489
2AO6,0.1848789374661489
2O9I,0.1848789374661489
2PKT,0.1848789374661489
2PR9,0.1848789374661489
3CBL,0.1848789374661489
3CPL,0.1848789374661489
3FJQ,0.1848789374661489
3IDI,0.1848789374661489
3SP5,0.1848789374661489
3U3Z,0.1848789374661489
3VRR,0.1848789374661489
4BUZ,0.1848789374661489
4CQJ,0.1848789374661489
4HYS,0.1848789374661489
4RMD,0.1848789374661489
4RME,0.1848789374661489
4XIB,0.1848789374661489
4Y3O,0.1848789374661489
5GGI,0.1848789374661489
5GTP,0.1848789374661489
5KB2,0.1848789374661489
5LM5,0.1848789374661489
5LMF,0.1848789374661489
5LMG,0.1848789374661489
5MK3,0.1848789374661489
5NFU,0.1848789374661489
5NNC,0.1848789374661489
5NND,0.1848789374661489
5SZC,0.1848789374661489
5VB5,0.1848789374661489
5VB6,0.1848789374661489
6B27,0.1848789374661489
6D3O,0.1848789374661489
6GZL,0.1848789374661489
6HZA,0.1848789374661489
6P7H,0.1848789374661489
6YW2,0.1848789374661489
7CXF,0.1848789374661489
7CXH,0.1848789374661489
7CXI,0.1848789374661489
7CXJ,0.1848789374661489
7CXK,0.1848789374661489
7CXL,0.1848789374661489
7JJC,0.1848789374661489
7OBD,0.1848789374661489
7QI1,0.1848789374661489
7UM3,0.1848789374661489
7UW2,0.1848789374661489
7UW4,0.1848789374661489
1PAD,0.1846030907099738
2PAD,0.1846030907099738
4PAD,0.1846030907099738
5PAD,0.1846030907099738
6PAD,0.1846030907099738
8E1H,0.1846030907099738
8E1I,0.1846030907099738
8E1J,0.1846030907099738
8E1S,0.1846030907099738
8E1T,0.1846030907099738
8E1V,0.1846030907099738
1PD0,0.1807666912349876
2PVF,0.1807666912349876
3CD3,0.1807666912349876
3MOA,0.1807666912349876
3MOB,0.1807666912349876
3MOD,0.1807666912349876
3O8I,0.1807666912349876
3P1Q,0.1807666912349876
3P1S,0.1807666912349876
3SMK,0.1807666912349876
3SPR,0.1807666912349876
4BV2,0.1807666912349876
4BXR,0.1807666912349876
4EUP,0.1807666912349876
4NXQ,0.1807666912349876
4Q13,0.1807666912349876
4RFW,0.1807666912349876
4RMC,0.1807666912349876
5FML,0.1807666912349876
5HEB,0.1807666912349876
5U5T,0.1807666912349876
6NID,0.1807666912349876
6YW1,0.1807666912349876
7KLD,0.1807666912349876
7L1D,0.1807666912349876
7NIZ,0.1807666912349876
7RNS,0.1807666912349876
7RNU,0.1807666912349876
7RRG,0.1807666912349876
7S07,0.1807666912349876
7S1B,0.1807666912349876
6R5M,0.17873998211723524
7RN7,0.17873998211723524
7RN8,0.17873998211723524
7RN9,0.17873998211723524
7RNB,0.17873998211723524
7RND,0.17873998211723524
7RNE,0.17873998211723524
7RNF,0.17873998211723524
1JWM,0.1769011374651185
1K7L,0.1769011374651185
1T5Z,0.1769011374651185
1U91,0.1769011374651185
1U92,0.1769011374651185
1U93,0.1769011374651185
2AG3,0.1769011374651185
2HCD,0.1769011374651185
2V1W,0.1769011374651185
2XXM,0.1769011374651185
3KMG,0.1769011374651185
3MA3,0.1769011374651185
3MNW,0.1769011374651185
3SML,0.1769011374651185
3SMM,0.1769011374651185
3SMN,0.1769011374651185
3SMO,0.1769011374651185
3W0W,0.1769011374651185
4E67,0.1769011374651185
4FR3,0.1769011374651185
4M8E,0.1769011374651185
4NXR,0.1769011374651185
5C6V,0.1769011374651185
5C7E,0.1769011374651185
5C7F,0.1769011374651185
5D3F,0.1769011374651185
5EKF,0.1769011374651185
5EKG,0.1769011374651185
5N50,0.1769011374651185
5WXC,0.1769011374651185
5WXD,0.1769011374651185
6DB5,0.1769011374651185
6DB7,0.1769011374651185
6HLE,0.1769011374651185
6KTM,0.1769011374651185
6R2G,0.1769011374651185
6ZVF,0.1769011374651185
7B4T,0.1769011374651185
7B4U,0.1769011374651185
7B4V,0.1769011374651185
7B4W,0.1769011374651185
7BQ3,0.1769011374651185
6KC4,0.17550833156608647
1MV9,0.17326071447785224
1MVC,0.17326071447785224
1PD1,0.17326071447785224
1T63,0.17326071447785224
1TFC,0.17326071447785224
1XOW,0.17326071447785224
3CXW,0.17326071447785224
3CY2,0.17326071447785224
3DSV,0.17326071447785224
3DSW,0.17326071447785224
3G3P,0.17326071447785224
3IDJ,0.17326071447785224
3IDM,0.17326071447785224
3IDN,0.17326071447785224
3WMG,0.17326071447785224
4M8H,0.17326071447785224
4N3W,0.17326071447785224
4POH,0.17326071447785224
4POJ,0.17326071447785224
4PP3,0.17326071447785224
4PP5,0.17326071447785224
5DMG,0.17326071447785224
5HEY,0.17326071447785224
5HFB,0.17326071447785224
5N51,0.17326071447785224
6FY3,0.17326071447785224
6HLB,0.17326071447785224
6HLD,0.17326071447785224
6MA1,0.17326071447785224
6MA3,0.17326071447785224
6MA4,0.17326071447785224
6MA5,0.17326071447785224
6TKA,0.17326071447785224
6V7K,0.17326071447785224
6XP9,0.17326071447785224
7A1S,0.17326071447785224
7BPY,0.17326071447785224
7BQ0,0.17326071447785224
1JWS,0.1698263013799052
1JWU,0.1698263013799052
1XLS,0.1698263013799052
2HBH,0.1698263013799052
3DSX,0.1698263013799052
3JPV,0.1698263013799052
3TSZ,0.1698263013799052
4HYU,0.1698263013799052
4N4F,0.1698263013799052
4PL8,0.1698263013799052
4XC1,0.1698263013799052
4XC3,0.1698263013799052
4XCF,0.1698263013799052
5HED,0.1698263013799052
5N52,0.1698263013799052
5TIL,0.1698263013799052
6MA2,0.1698263013799052
6YW4,0.1698263013799052
6YYW,0.1698263013799052
7BQ4,0.1698263013799052
7YMK,0.1698263013799052
5LVZ,0.16673120812712286
2G44,0.16658089290686648
2PNT,0.16658089290686648
3MNZ,0.16658089290686648
3QGL,0.16658089290686648
3TBS,0.16658089290686648
3TBT,0.16658089290686648
3TBY,0.16658089290686648
4BVF,0.16658089290686648
4BVG,0.16658089290686648
4PXM,0.16658089290686648
4XAW,0.16658089290686648
5JTC,0.16658089290686648
5U62,0.16658089290686648
6GK7,0.16658089290686648
6GK8,0.16658089290686648
7BQ1,0.16658089290686648
7PVX,0.16658089290686648
1OXG,0.16350927848947647
2ZFX,0.16350927848947647
3AUN,0.16350927848947647
3ROL,0.16350927848947647
3TBV,0.16350927848947647
3TBW,0.16350927848947647
4BXF,0.16350927848947647
4IZY,0.16350927848947647
5HF1,0.16350927848947647
5HFC,0.16350927848947647
5WWU,0.16350927848947647
6BNS,0.16350927848947647
6EGM,0.16350927848947647
6YYX,0.16350927848947647
6YYY,0.16350927848947647
6Z6Q,0.16350927848947647
6Z6R,0.16350927848947647
8DGV,0.16350927848947647
8DGW,0.16350927848947647
8DGX,0.16350927848947647
3A2H,0.1605979451289482
3TO2,0.1605979451289482
4CCM,0.1605979451289482
4E9D,0.1605979451289482
5N4Y,0.1605979451289482
5N4Z,0.1605979451289482
6EGN,0.1605979451289482
6GE4,0.1605979451289482
6GE5,0.1605979451289482
6GEC,0.1605979451289482
6GEK,0.1605979451289482
7BMI,0.1605979451289482
7BMJ,0.1605979451289482
7RKE,0.1605979451289482
7SFO,0.1605979451289482
7T2X,0.1605979451289482
8DGU,0.1605979451289482
4CCO,0.15783454954545229
4XBE,0.15783454954545229
5HFF,0.15783454954545229
6EGO,0.15783454954545229
6GEE,0.15783454954545229
6GEG,0.15783454954545229
6YW3,0.15783454954545229
7RNM,0.15783454954545229
3DUI,0.15679936093650487
1MZN,0.15520817576965606
4CCN,0.15520817576965606
4MDR,0.15520817576965606
5N4N,0.15520817576965606
6EGL,0.15520817576965606
6O3G,0.15520817576965606
1T65,0.15270886641057846
3H0A,0.15270886641057846
4RWV,0.15270886641057846
5N4R,0.15270886641057846
5NDT,0.15270886641057846
6O3L,0.15270886641057846
1L2I,0.15032759309590488
1N12,0.14588729348231752
6GEI,0.14588729348231752
6NX1,0.14588729348231752
6O3J,0.14183026474244942
5U2B,0.1346832565752774
